Cell line name,Compound A,Compound B,Max. conc. A,Max. conc. B,IC50 A,H A,Einf A,IC50 B,H B,Einf B,Synergy score,GDSC tissue descriptor 2,MSI,Growth properties,Putative target A,Function A,Pathway A,Putative target B,Function B,Pathway B
HCC1187,CSNK2A1_2,AKT,0.1,3.0,0.006605198,1.7567431,13.1812083,0.627398484,3.651049,15.86568792,17.54654,breast,MSS/MSI-L,Suspension,CSNK2A1,Oncogenic signal,STK,AKT1;AKT2;AKT3,Oncogenic signal,AKT/PI3K
NCI-H2228,CarboTaxol,ATR_4,0.003,3.0,0.00119611,1.279633,0.0,1.950838337,2.4081602,25.0819005,5.42397,lung_NSCLC_adenocarcinoma,MSS/MSI-L,Adherent,DNA,DNA repair,Chemo,ATR,DNA repair,DNA Damage Response
C32,MTOR,JAK,0.3,3.0,0.236107777,1.3187781,0.0,1.729201306,2.6080357,0.0,-17.59736,melanoma,MSS/MSI-L,Adherent,MTOR,Oncogenic signal,AKT/PI3K,JAK1;JAK2,Oncogenic signal,Cell Cycle
NCI-H3122,MTOR_1,ALK_2,3.0,3.0,0.162665303,1.4030543,10.54801195,0.03035042,10.0,0.0,30.73348,lung_NSCLC_adenocarcinoma,MSS/MSI-L,Adherent,MTOR,Oncogenic signal,AKT/PI3K,ALK,Oncogenic signal,RTK
NCI-H358,TOP2,ALK_2,3.0,3.0,3.0,10.0,81.800569,0.177915126,1.1544724,50.29873321,8.172649,lung_NSCLC_adenocarcinoma,MSS/MSI-L,Adherent,TOP2*;PRKDC,DNA repair,DNA Damage Response,ALK,Oncogenic signal,RTK
NCI-H1563,Gemcitabine,CSNK2A1_2,0.03,0.03,0.002349512,6.6050544,14.39504247,0.014930576,2.0887409,0.0,17.32884,lung_NSCLC_adenocarcinoma,MSS/MSI-L,Adherent,DNA;RRM1;TYMS;CMPK1,Cell death,Chemo,CSNK2A1,Oncogenic signal,STK
MDA-MB-231,PIP5K1,AKT,1.0,1.0,1.0,0.0,100.0,1.0,10.0,83.60010399,-7.248765,breast,MSS/MSI-L,Adherent,PIP5K1*,Metabolism,Metabolism,AKT1;AKT2;AKT3,Oncogenic signal,AKT/PI3K
NCI-H838,MTOR_1,ALK_2,3.0,3.0,0.216130386,1.5811006,11.75097641,2.545413275,0.7740939,0.0,89.05884,lung_NSCLC_adenocarcinoma,MSS/MSI-L,Adherent,MTOR,Oncogenic signal,AKT/PI3K,ALK,Oncogenic signal,RTK
NCI-H1563,CarboTaxol,BCL2L1,0.003,3.0,0.000381623,0.4365425,0.0,0.259961955,0.1,41.84346743,-35.32661,lung_NSCLC_adenocarcinoma,MSS/MSI-L,Adherent,DNA,DNA repair,Chemo,BCL2L1,Cell death,Apoptosis
CAL-120,FGFR,AKT,1.0,1.0,0.172476389,10.0,87.13606911,0.145434735,2.7805847,65.52403347,3.006479,breast,MSS/MSI-L,Adherent,FGFR1;FGFR2;FGFR3,Oncogenic signal,RTK,AKT1;AKT2;AKT3,Oncogenic signal,AKT/PI3K
MDA-MB-468,MTOR_1,ERBB,1.0,3.0,0.196390716,2.0076634,15.16322207,3.0,0.212982,22.41519413,53.9436,breast,MSS/MSI-L,Adherent,MTOR,Oncogenic signal,AKT/PI3K,EGFR;ERBB*,Oncogenic signal,RTK
NCI-H2291,PIK3CB,IAP,3.0,3.0,3.0,0.3826393,63.6450859,3.0,10.0,52.80000695,6.385782,lung_NSCLC_adenocarcinoma,MSS/MSI-L,Adherent,PIK3CB,Oncogenic signal,AKT/PI3K,NIAP;XIAP;BIRC2;BIRC3,Cell death,Apoptosis
NCI-H23,CSNK2A1_2,ALK,0.1,3.0,0.008756307,1.6306117,11.30442849,0.802996364,1.2344335,1.7677576,30.48773,lung_NSCLC_adenocarcinoma,MSS/MSI-L,Adherent,CSNK2A1,Oncogenic signal,STK,ALK,Oncogenic signal,AKT/PI3K
BT-474,BCL2_2,AKT_1,3.0,3.0,1.311395198,10.0,58.28937652,0.277593744,1.8350974,9.71324083,12.78562,breast,MSS/MSI-L,Adherent,BCL2,Cell death,Apoptosis,AKT*,Oncogenic signal,AKT/PI3K
HCC1937,MTOR_1,FASN,1.0,1.0,1.0,0.8008576,62.47225474,1.0,0.0,100.0,5.170153,breast,MSS/MSI-L,Adherent,MTOR,Oncogenic signal,AKT/PI3K,FASN,Metabolism,Metabolism
MDA-MB-231,MAP2K_1,ERBB,1.0,1.0,1.0,0.6647821,0.28349812,1.0,10.0,91.00003542,28.10739,breast,MSS/MSI-L,Adherent,MAP2K1;MAP2K2,Oncogenic signal,MAPK,EGFR;ERBB*,Oncogenic signal,RTK
CAMA-1,AKT_1,AKT,1.0,1.0,0.204065844,1.4750579,47.97346672,0.18219236,2.529306,33.50489924,13.01508,breast,MSS/MSI-L,Adherent,AKT*,Oncogenic signal,AKT/PI3K,AKT1;AKT2;AKT3,Oncogenic signal,AKT/PI3K
HCC1806,MTOR_1,ADAM17,1.0,75.0,0.347728705,1.2629858,0.0,1.0,0.0,100.0,48.54537,breast,MSS/MSI-L,Adherent,MTOR,Oncogenic signal,AKT/PI3K,ADAM17,Differentiation,EMT/migration
MDA-MB-157,PIK3C,ESR1_1,3.0,3.0,2.069418652,1.3592659,51.79273949,1.0,0.0,100.0,38.15052,breast,MSS/MSI-L,Adherent,PIK3C*,Oncogenic signal,AKT/PI3K,ESR1,Oncogenic signal,Hormonal
HT-1376,PARP1,HSP90,3.0,3.0,0.159647671,2.8336801,75.18839383,0.053275466,1.9644428,8.07587937,-1.116707,Bladder,MSS/MSI-L,Adherent,PARP1,DNA repair,DNA Damage Response,HSP90AA1,Cell death,Apoptosis
HCC70,TNKS_PARP6,MTOR_1,1.0,1.0,0.056411026,1.5366925,26.66074355,0.260088717,1.2885972,24.11814957,15.86715,breast,MSS/MSI-L,Adherent,TNKS;PARP6,Oncogenic signal,Cell Cycle,MTOR,Oncogenic signal,AKT/PI3K
NCI-H226,Topotecan,IAP,0.3,3.0,0.032529346,0.8808453,0.0,0.0003,0.1,7.54523105,49.43935,lung_NSCLC_squamous_cell_carcinoma,MSS/MSI-L,Adherent,TOP1;TOP1MT;DNA,DNA repair,Chemo,NIAP;XIAP;BIRC2;BIRC3,Cell death,Apoptosis
NCI-H2170,PIK3CB,ALK_2,3.0,3.0,0.04532017,1.2426388,82.74742287,1.133503974,1.3099069,0.0,-24.84273,lung_NSCLC_squamous_cell_carcinoma,MSS/MSI-L,Adherent,PIK3CB,Oncogenic signal,AKT/PI3K,ALK,Oncogenic signal,RTK
NCI-H23,SYK,CSNK2A1_2,3.0,0.1,1.876286962,2.6046574,0.0,0.011824264,2.1262986,12.5772844,33.10539,lung_NSCLC_adenocarcinoma,MSS/MSI-L,Adherent,SYK,Oncogenic signal,Cell Cycle,CSNK2A1,Oncogenic signal,STK
HCC1395,FGFR,ERBB,1.0,1.0,0.009374741,1.4137862,47.21351267,1.0,0.3218791,84.79074927,64.35238,breast,MSS/MSI-L,Adherent,FGFR1;FGFR2;FGFR3,Oncogenic signal,RTK,EGFR;ERBB*,Oncogenic signal,RTK
DMS-114,Topotecan,PIK3CB,0.1,3.0,0.007091892,1.4427888,43.41624986,0.035552123,1.8926897,81.41213434,-7.900526,lung_small_cell_carcinoma,MSS/MSI-L,Adherent,TOP1;TOP1MT;DNA,DNA repair,Chemo,PIK3CB,Oncogenic signal,AKT/PI3K
NCI-H520,PIK3C,IAP,1.0,3.0,0.234328914,3.2657106,39.97939404,1.0,0.0,100.0,21.10739,lung_NSCLC_squamous_cell_carcinoma,MSS/MSI-L,Adherent,PIK3C*,Oncogenic signal,AKT/PI3K,NIAP;XIAP;BIRC2;BIRC3,Cell death,Apoptosis
NCI-H2085,PIK3C,ALK,3.0,3.0,0.31103762,1.6201899,21.29369084,1.212108543,1.8300911,0.0,16.28676,lung_NSCLC_adenocarcinoma,MSS/MSI-L,Adherent,PIK3C*,Oncogenic signal,AKT/PI3K,ALK,Oncogenic signal,AKT/PI3K
M14,MTOR_1,MAP2K_1,1.0,1.0,0.279658644,10.0,51.09900835,0.184241079,0.7192582,1.29711244,-13.63462,melanoma,MSS/MSI-L,Adherent,MTOR,Oncogenic signal,AKT/PI3K,MAP2K1;MAP2K2,Oncogenic signal,MAPK
HCC1937,BCL2_BCL2L1,ADAM17,1.0,75.0,1.0,0.6800246,44.77685179,1.460265179,0.8454861,93.47342327,18.31771,breast,MSS/MSI-L,Adherent,BCL2;BCL2L1,Cell death,Apoptosis,ADAM17,Differentiation,EMT/migration
BFTC-905,MTOR_1,ATR_4,3.0,3.0,0.30355101,1.5847591,24.9680973,1.052548832,10.0,16.19762388,-16.40015,Bladder,MSS/MSI-L,Adherent,MTOR,Oncogenic signal,AKT/PI3K,ATR,DNA repair,DNA Damage Response
MDA-MB-415,CSNK2A1_2,AKT,0.1,3.0,0.01055313,1.4746818,15.6181404,0.002083389,0.7465616,14.36860307,15.69866,breast,MSS/MSI-L,Adherent,CSNK2A1,Oncogenic signal,STK,AKT1;AKT2;AKT3,Oncogenic signal,AKT/PI3K
BT-20,ALK_IGFR,AKT_1,1.0,1.0,0.854079435,1.0958183,0.0,0.341351137,0.7058071,47.27270515,24.00919,breast,MSS/MSI-L,Adherent,ALK;IGF*R,Oncogenic signal,AKT/PI3K,AKT*,Oncogenic signal,AKT/PI3K
HT-1376,PARP1,HDAC_4,3.0,3.0,0.0003,0.1,60.38237753,0.515197827,0.6384937,0.0,-5.843584,Bladder,MSS/MSI-L,Adherent,PARP1,DNA repair,DNA Damage Response,HDAC*,Differentiation,Epigenetic
COLO-205,PARP1,IAP,10.0,1.0,2.623462304,1.14432,0.0,1.0,0.7920568,37.27296011,14.81612,large_intestine,MSS/MSI-L,Suspension,PARP1,DNA repair,DNA Damage Response,NIAP;XIAP;BIRC2;BIRC3,Cell death,Apoptosis
HCC38,PIK3CB_PIK3CD,AKT_1,1.0,1.0,0.279222491,10.0,75.59975169,1.0,0.3834603,66.74186013,7.186136,breast,MSS/MSI-L,Adherent,PIK3CB;PIK3CD,Oncogenic signal,AKT/PI3K,AKT*,Oncogenic signal,AKT/PI3K
VM-CUB-1,Gemcitabine,BCL2_BCL2L1,0.1,3.0,0.004717763,3.5970624,6.47459912,0.1205262,0.8878901,82.90464943,22.02222,Bladder,MSS/MSI-L,Adherent,DNA;RRM1;TYMS;CMPK1,Cell death,Chemo,BCL2;BCL2L1,Cell death,Apoptosis
BT-549,AKT_1,AKT,1.0,1.0,0.788847999,0.6622224,0.0,0.817985161,0.5738707,0.0,9.382423,breast,MSS/MSI-L,Adherent,AKT*,Oncogenic signal,AKT/PI3K,AKT1;AKT2;AKT3,Oncogenic signal,AKT/PI3K
NCI-H520,FGFR,BCL2_BCL2L1_BCL2L2,3.0,3.0,0.065330588,1.720015,63.90710296,3.0,10.0,93.60027088,-24.13237,lung_NSCLC_squamous_cell_carcinoma,MSS/MSI-L,Adherent,FGFR1;FGFR2;FGFR3,Oncogenic signal,RTK,BCL2;BCL2L1;BCL2L2,Cell death,Apoptosis
NCI-H2170,CSNK2A1_2,AKT,0.03,3.0,0.007888368,1.2001273,0.0,3.0,0.7324575,21.87919341,41.4768,lung_NSCLC_squamous_cell_carcinoma,MSS/MSI-L,Adherent,CSNK2A1,Oncogenic signal,STK,AKT1;AKT2;AKT3,Oncogenic signal,AKT/PI3K
NCI-H520,TOP2_2,IAP,3.0,3.0,0.994127122,2.3343208,43.16733927,1.0,0.0,100.0,-11.37278,lung_NSCLC_squamous_cell_carcinoma,MSS/MSI-L,Adherent,TOP2*,DNA repair,Chemo,NIAP;XIAP;BIRC2;BIRC3,Cell death,Apoptosis
CAL-120,BCL2_BCL2L1,ADAM17,1.0,75.0,0.094510471,1.5326792,44.19236299,1.0,0.0,100.0,-29.22459,breast,MSS/MSI-L,Adherent,BCL2;BCL2L1,Cell death,Apoptosis,ADAM17,Differentiation,EMT/migration
J82,Gemcitabine,BCL2_BCL2L1,0.1,3.0,0.004777555,3.3551759,4.48371325,3.0,0.786677,38.42619267,11.72054,Bladder,MSS/MSI-L,Adherent,DNA;RRM1;TYMS;CMPK1,Cell death,Chemo,BCL2;BCL2L1,Cell death,Apoptosis
UM-UC-3,ATR_4,AKT,3.0,3.0,0.97795132,2.7689827,46.19755778,1.127953185,10.0,81.79897246,-0.9140716,Bladder,MSS/MSI-L,Adherent,ATR,DNA repair,DNA Damage Response,AKT1;AKT2;AKT3,Oncogenic signal,AKT/PI3K
HT-1376,PIK3C,MTOR_1,3.0,3.0,1.646588459,0.6867127,0.0,0.917356563,0.7535741,9.94748255,19.44012,Bladder,MSS/MSI-L,Adherent,PIK3C*,Oncogenic signal,AKT/PI3K,MTOR,Oncogenic signal,AKT/PI3K
BT-549,MTOR_1,ALK_IGFR,1.0,1.0,0.401844968,0.8906046,0.0,0.858867644,1.3363897,42.42015332,5.22171,breast,MSS/MSI-L,Adherent,MTOR,Oncogenic signal,AKT/PI3K,ALK;IGF*R,Oncogenic signal,AKT/PI3K
CAL-120,PIK3CA_4,MTOR_1,1.0,1.0,0.088009856,10.0,77.74968413,0.197582406,0.8032597,14.1200049,17.25202,breast,MSS/MSI-L,Adherent,PIK3CA,Oncogenic signal,AKT/PI3K,MTOR,Oncogenic signal,AKT/PI3K
BT-20,TNKS_PARP6,FGFR,1.0,1.0,0.033756281,2.3688141,2.17243158,0.094898554,10.0,89.64988623,2.072074,breast,MSS/MSI-L,Adherent,TNKS;PARP6,Oncogenic signal,Cell Cycle,FGFR1;FGFR2;FGFR3,Oncogenic signal,RTK
BT-474,MAP2K_1,HSP90,1.0,1.0,1.0,0.4454737,50.12840894,0.042121548,2.2166821,4.57581902,8.369699,breast,MSS/MSI-L,Adherent,MAP2K1;MAP2K2,Oncogenic signal,MAPK,HSP90AA1,Cell death,Apoptosis
MDA-MB-361,PIK3C,MTOR_1,3.0,1.0,0.355358014,0.8848824,0.0,0.20407838,1.7008322,41.41472368,24.33703,breast,MSS/MSI-L,Adherent,PIK3C*,Oncogenic signal,AKT/PI3K,MTOR,Oncogenic signal,AKT/PI3K
BT-474,FGFR,BCL2_BCL2L1_BCL2L2,1.0,1.0,1.0,0.0,100.0,1.0,10.0,80.40013467,-29.48545,breast,MSS/MSI-L,Adherent,FGFR1;FGFR2;FGFR3,Oncogenic signal,RTK,BCL2;BCL2L1;BCL2L2,Cell death,Apoptosis
NCI-H2228,SYK,CSNK2A1_2,3.0,0.1,2.14724592,1.0482416,0.0,0.05416077,1.1427024,7.34303995,29.22125,lung_NSCLC_adenocarcinoma,MSS/MSI-L,Adherent,SYK,Oncogenic signal,Cell Cycle,CSNK2A1,Oncogenic signal,STK
UM-UC-3,IAP,ERBB,0.03,3.0,0.010754574,0.7922126,44.97773519,1.171231333,10.0,71.29763815,-25.61069,Bladder,MSS/MSI-L,Adherent,NIAP;XIAP;BIRC2;BIRC3,Cell death,Apoptosis,EGFR;ERBB*,Oncogenic signal,RTK
HCC1569,PIK3C,MAP2K_1,3.0,3.0,0.885031435,10.0,42.8990287,0.0003,0.1,79.60648746,-38.47131,breast,MSI-H,Adherent,PIK3C*,Oncogenic signal,AKT/PI3K,MAP2K1;MAP2K2,Oncogenic signal,MAPK
LS-513,PTK2,MAP2K_1,3.0,0.3,0.440354627,1.9863872,8.04168162,0.122279654,1.5096253,16.63481322,18.32364,large_intestine,MSS/MSI-L,Adherent,PTK2*,Differentiation,EMT/migration,MAP2K1;MAP2K2,Oncogenic signal,MAPK
NCI-H23,Topotecan,IAP,0.1,1.0,0.1,0.6987867,23.1196123,0.065379618,0.1359719,0.0,14.10377,lung_NSCLC_adenocarcinoma,MSS/MSI-L,Adherent,TOP1;TOP1MT;DNA,DNA repair,Chemo,NIAP;XIAP;BIRC2;BIRC3,Cell death,Apoptosis
MFM-223,MAP2K_1,EGFR,1.0,0.1,1.0,0.0,100.0,1.0,0.0,100.0,8.564226,breast,MSS/MSI-L,Adherent,MAP2K1;MAP2K2,Oncogenic signal,MAPK,EGFR,Oncogenic signal,RTK
SW780,PIK3C,PARP1,3.0,3.0,3.0,10.0,83.80063667,1.0,0.0,100.0,-13.53915,Bladder,MSS/MSI-L,Adherent,PIK3C*,Oncogenic signal,AKT/PI3K,PARP1,DNA repair,DNA Damage Response
CAMA-1,FGFR,Chloroquine,1.0,1.0,0.064832031,10.0,91.59885263,1.0,0.0,100.0,20.50806,breast,MSS/MSI-L,Adherent,FGFR1;FGFR2;FGFR3,Oncogenic signal,RTK,Thiamine,other,other
MFM-223,FGFR,ADAM17,1.0,75.0,0.144983698,0.3135629,0.0,1.0,0.0,100.0,-38.23182,breast,MSS/MSI-L,Adherent,FGFR1;FGFR2;FGFR3,Oncogenic signal,RTK,ADAM17,Differentiation,EMT/migration
NCI-H522,CSNK2A1_2,CarboTaxol,0.03,0.01,0.003809814,3.7127039,7.77408891,0.001835205,3.3449707,11.65536854,-4.471473,lung_NSCLC_adenocarcinoma,MSS/MSI-L,Adherent,CSNK2A1,Oncogenic signal,STK,DNA,DNA repair,Chemo
NCI-H3122,Vinorelbine,BCL2L1,0.1,3.0,0.00652938,0.7800414,0.0,0.0003,0.1,37.36241357,42.3767,lung_NSCLC_adenocarcinoma,MSS/MSI-L,Adherent,microtubule;TUBB,DNA repair,Chemo,BCL2L1,Cell death,Apoptosis
Calu-6,Vinorelbine,BCL2L1,0.03,3.0,0.010585652,10.0,50.19850552,0.0003,0.1,50.92679878,16.72941,lung_NSCLC_adenocarcinoma,MSS/MSI-L,Adherent,microtubule;TUBB,DNA repair,Chemo,BCL2L1,Cell death,Apoptosis
BT-474,MTOR_1,ESR1_3,1.0,3.0,0.17655843,0.6826946,0.0,2.325796553,0.1850004,0.0,-29.96694,breast,MSS/MSI-L,Adherent,MTOR,Oncogenic signal,AKT/PI3K,ESR1,Oncogenic signal,Hormonal
CAL-148,BCL2_BCL2L1,AKT_SGK,1.0,1.0,0.286572557,3.0407151,38.57002372,0.124484175,1.4115807,0.0,16.94916,breast,MSS/MSI-L,Suspension,BCL2;BCL2L1,Cell death,Apoptosis,AKT*;SGK*,Oncogenic signal,AKT/PI3K
HCC1428,TNKS_PARP6,PIK3CB_PIK3CD,1.0,1.0,0.028042388,10.0,45.36644702,1.0,0.0,100.0,5.694801,breast,MSS/MSI-L,Adherent,TNKS;PARP6,Oncogenic signal,Cell Cycle,PIK3CB;PIK3CD,Oncogenic signal,AKT/PI3K
HCC1806,EGFR,BCL2_BCL2L1,0.1,1.0,1.0,0.0,100.0,1.0,0.0,100.0,10.40098,breast,MSS/MSI-L,Adherent,EGFR,Oncogenic signal,RTK,BCL2;BCL2L1,Cell death,Apoptosis
MDA-MB-436,MTOR_1,BCL2L1,1.0,3.0,0.052085528,1.2625371,44.384614,0.112422829,0.9780716,90.88361976,9.960443,breast,MSS/MSI-L,Adherent,MTOR,Oncogenic signal,AKT/PI3K,BCL2L1,Cell death,Apoptosis
MDA-MB-453,ESR1,AKT_1,1.0,1.0,1.0,0.0,100.0,0.063674883,0.9642881,4.97318024,-3.171562,breast,MSS/MSI-L,Adherent,ESR1,Oncogenic signal,Hormonal,AKT*,Oncogenic signal,AKT/PI3K
HCC1500,HDAC_4,AKT,1.0,1.0,0.4284829,1.78812,16.77832743,0.325242197,10.0,65.2995081,-24.86501,breast,MSS/MSI-L,Adherent,HDAC*,Differentiation,Epigenetic,AKT1;AKT2;AKT3,Oncogenic signal,AKT/PI3K
Hs-578-T,PIK3C,MAP2K_1,1.0,1.0,0.634567629,1.7079503,0.0,0.256447195,1.3926686,67.75083579,1.91706,breast,MSS/MSI-L,Adherent,PIK3C*,Oncogenic signal,AKT/PI3K,MAP2K1;MAP2K2,Oncogenic signal,MAPK
CAL-148,EGFR,BCL2_BCL2L1,0.1,1.0,0.000285844,0.4659597,85.2267804,0.588688968,0.8381519,0.0,-20.48469,breast,MSS/MSI-L,Suspension,EGFR,Oncogenic signal,RTK,BCL2;BCL2L1,Cell death,Apoptosis
HCC1395,FGFR,ESR1,1.0,1.0,0.014540091,2.2572919,53.39847255,1.0,0.0,100.0,-0.7297311,breast,MSS/MSI-L,Adherent,FGFR1;FGFR2;FGFR3,Oncogenic signal,RTK,ESR1,Oncogenic signal,Hormonal
MDA-MB-468,MTOR_1,ATR_4,1.0,1.0,0.315350887,10.0,77.49976112,0.342161293,3.0418659,70.30733416,-17.81088,breast,MSS/MSI-L,Adherent,MTOR,Oncogenic signal,AKT/PI3K,ATR,DNA repair,DNA Damage Response
MFM-223,PIK3C,ADAM17,1.0,75.0,0.244419289,1.6967242,40.11335669,75.0,1.8437271,83.95964752,2.272833,breast,MSS/MSI-L,Adherent,PIK3C*,Oncogenic signal,AKT/PI3K,ADAM17,Differentiation,EMT/migration
HT-1376,PIM1,MAP2K_1,3.0,3.0,0.019632082,1.5957746,74.03562781,0.107417351,0.4766687,37.88067806,58.26523,Bladder,MSS/MSI-L,Adherent,PIM1,Oncogenic signal,STK,MAP2K1;MAP2K2,Oncogenic signal,MAPK
BT-549,PIM1,BCL2_BCL2L1,1.0,1.0,0.168002844,1.8610775,75.49923541,1.0,1.3028489,55.75295509,30.35852,breast,MSS/MSI-L,Adherent,PIM1,Oncogenic signal,STK,BCL2;BCL2L1,Cell death,Apoptosis
NCI-H1975,IAP,BCL2L1,3.0,3.0,3.0,0.2461276,48.24212347,1.005570827,0.7573348,60.3367977,27.41469,lung_NSCLC_adenocarcinoma,MSS/MSI-L,Adherent,NIAP;XIAP;BIRC2;BIRC3,Cell death,Apoptosis,BCL2L1,Cell death,Apoptosis
MDA-MB-453,PIK3C,MAP2K_1,1.0,1.0,0.185211995,2.3581299,7.34980387,1.0,0.0,100.0,4.76991,breast,MSS/MSI-L,Adherent,PIK3C*,Oncogenic signal,AKT/PI3K,MAP2K1;MAP2K2,Oncogenic signal,MAPK
HCC1143,SLC16A4,FGFR,1.0,1.0,0.069685868,0.7314138,91.01482103,1.0,10.0,93.40006153,-8.878614,breast,MSS/MSI-L,Adherent,SLC16A3;SLC16A4,Metabolism,Metabolism,FGFR1;FGFR2;FGFR3,Oncogenic signal,RTK
NCI-H1563,IAP,ATR_4,1.0,3.0,0.008942583,1.6688855,20.8751641,1.063995087,10.0,81.69941459,-17.27948,lung_NSCLC_adenocarcinoma,MSS/MSI-L,Adherent,NIAP;XIAP;BIRC2;BIRC3,Cell death,Apoptosis,ATR,DNA repair,DNA Damage Response
BT-20,MTOR_1,ERBB,1.0,3.0,0.079548,1.5110494,30.31123409,0.023267026,10.0,72.59999748,38.62213,breast,MSS/MSI-L,Adherent,MTOR,Oncogenic signal,AKT/PI3K,EGFR;ERBB*,Oncogenic signal,RTK
SW900,MAP2K_3,BRAF_M2,0.3,3.0,0.009723179,0.7649039,0.0,1.971565975,1.6868179,48.68507978,71.24657,lung_NSCLC_squamous_cell_carcinoma,MSS/MSI-L,Adherent,MAP2K*,Oncogenic signal,MAPK,BRAF_V600E,Oncogenic signal,MAPK
Hs-578-T,EGFR,BCL2_BCL2L1,0.1,1.0,1.0,0.0,100.0,0.375021592,1.6313444,64.9404196,-12.99069,breast,MSS/MSI-L,Adherent,EGFR,Oncogenic signal,RTK,BCL2;BCL2L1,Cell death,Apoptosis
DU-4475,FGFR,ESR1,1.0,1.0,0.310744358,10.0,79.89981366,1.0,0.0,100.0,-1.599624,breast,MSS/MSI-L,Suspension,FGFR1;FGFR2;FGFR3,Oncogenic signal,RTK,ESR1,Oncogenic signal,Hormonal
HCC1419,PIK3C,BCL2L1,3.0,3.0,0.434391289,1.0893954,17.598227,3.0,0.3048951,41.71781263,44.60856,breast,MSS/MSI-L,Adherent,PIK3C*,Oncogenic signal,AKT/PI3K,BCL2L1,Cell death,Apoptosis
SW780,PARP1,Gemcitabine,3.0,0.1,1.0,0.0,100.0,0.00323198,2.0949587,20.33603879,0.6545474,Bladder,MSS/MSI-L,Adherent,PARP1,DNA repair,DNA Damage Response,DNA;RRM1;TYMS;CMPK1,Cell death,Chemo
MDA-MB-453,ERBB,AKT,3.0,3.0,3.0,0.9236518,13.63669177,1.63100158,0.6606627,0.0,17.31706,breast,MSS/MSI-L,Adherent,EGFR;ERBB*,Oncogenic signal,RTK,AKT1;AKT2;AKT3,Oncogenic signal,AKT/PI3K
BT-20,PIK3C,BCL2L1,3.0,3.0,1.032448259,2.8151521,43.54394225,0.082374988,10.0,91.76621056,79.94917,breast,MSS/MSI-L,Adherent,PIK3C*,Oncogenic signal,AKT/PI3K,BCL2L1,Cell death,Apoptosis
T47D,PARP1,HSP90,1.0,1.0,0.17261968,0.9141705,83.64315244,0.054372603,3.084417,25.02222944,11.09019,breast,MSS/MSI-L,Adherent,PARP1,DNA repair,DNA Damage Response,HSP90AA1,Cell death,Apoptosis
HCC1937,MAP2K_1,AKT_SGK,1.0,1.0,1.0,0.2944549,63.94641276,0.492970233,0.5662306,48.52464206,20.91369,breast,MSS/MSI-L,Adherent,MAP2K1;MAP2K2,Oncogenic signal,MAPK,AKT*;SGK*,Oncogenic signal,AKT/PI3K
CAL-51,PIP5K1,MAP2K_1,1.0,1.0,1.0,0.0,100.0,1.0,2.4477514,74.22849063,9.547578,breast,MSS/MSI-L,Adherent,PIP5K1*,Metabolism,Metabolism,MAP2K1;MAP2K2,Oncogenic signal,MAPK
NCI-H358,CSNK2A1_2,ALK,0.1,3.0,0.011088437,4.1433643,18.19869009,1.030048659,1.0367836,0.0,31.65666,lung_NSCLC_adenocarcinoma,MSS/MSI-L,Adherent,CSNK2A1,Oncogenic signal,STK,ALK,Oncogenic signal,AKT/PI3K
MDA-MB-468,MTOR_1,ESR1,1.0,1.0,1.0,10.0,79.00006611,1.0,0.0,100.0,3.552889,breast,MSS/MSI-L,Adherent,MTOR,Oncogenic signal,AKT/PI3K,ESR1,Oncogenic signal,Hormonal
NCI-H23,Vinorelbine,BCL2L1,0.1,3.0,0.030031877,4.2693149,15.80772684,3.0,0.1767069,83.17551423,51.41153,lung_NSCLC_adenocarcinoma,MSS/MSI-L,Adherent,microtubule;TUBB,DNA repair,Chemo,BCL2L1,Cell death,Apoptosis
MDA-MB-468,ESR1,AKT_1,1.0,1.0,1.0,0.0,100.0,0.582836884,0.9724499,32.86319663,-5.470392,breast,MSS/MSI-L,Adherent,ESR1,Oncogenic signal,Hormonal,AKT*,Oncogenic signal,AKT/PI3K
MDA-MB-231,PIK3C,ADAM17,1.0,75.0,0.180376202,0.8966292,63.60149112,75.0,0.3864103,87.8022141,5.78087,breast,MSS/MSI-L,Adherent,PIK3C*,Oncogenic signal,AKT/PI3K,ADAM17,Differentiation,EMT/migration
MDA-MB-231,PIK3C_2,AKT_1,1.0,1.0,1.0,0.8779045,16.557115,1.0,0.4505941,56.80674337,11.91089,breast,MSS/MSI-L,Adherent,PIK3C*,Oncogenic signal,AKT/PI3K,AKT*,Oncogenic signal,AKT/PI3K
COLO-205,MAP2K_1,BCL2,1.0,3.0,0.032538419,1.0821714,2.5237255,0.200521092,1.5405122,0.0,18.57931,large_intestine,MSS/MSI-L,Suspension,MAP2K1;MAP2K2,Oncogenic signal,MAPK,BCL2,Cell death,Apoptosis
MDA-MB-468,CarboTaxol,ATR_4,0.01,3.0,0.000620498,0.8712713,0.0,0.656927834,0.9994698,22.22697846,31.44411,breast,MSS/MSI-L,Adherent,DNA,DNA repair,Chemo,ATR,DNA repair,DNA Damage Response
MDA-MB-468,SLC16A4,MTOR_1,1.0,1.0,1.0,0.4738863,74.09032711,1.0,0.401148,58.95482039,4.790165,breast,MSS/MSI-L,Adherent,SLC16A3;SLC16A4,Metabolism,Metabolism,MTOR,Oncogenic signal,AKT/PI3K
NCI-SNU-16,MTOR_3,FGFR,3.0,0.01,0.087655762,0.7032633,17.42754608,0.003945699,10.0,35.99414109,-15.33537,stomach,MSS/MSI-L,Suspension,MTOR,Oncogenic signal,AKT/PI3K,FGFR1;FGFR2;FGFR3,Oncogenic signal,RTK
MDA-MB-436,MAP2K_3,BRAF_M2,0.3,3.0,0.046794213,0.9521126,70.24620849,0.52404971,1.5550659,76.83242882,59.04679,breast,MSS/MSI-L,Adherent,MAP2K*,Oncogenic signal,MAPK,BRAF_V600E,Oncogenic signal,MAPK
NCI-H358,IAP,Doxorubicin,3.0,0.1,0.0003,0.1,75.11800569,0.020619066,2.0579931,20.69081727,16.59258,lung_NSCLC_adenocarcinoma,MSS/MSI-L,Adherent,NIAP;XIAP;BIRC2;BIRC3,Cell death,Apoptosis,TOP*;DNMT1,DNA repair,Chemo
SW900,PIK3C,IAP,3.0,3.0,1.025351509,0.7314993,7.85269426,0.424314156,0.1694721,0.0,15.42246,lung_NSCLC_squamous_cell_carcinoma,MSS/MSI-L,Adherent,PIK3C*,Oncogenic signal,AKT/PI3K,NIAP;XIAP;BIRC2;BIRC3,Cell death,Apoptosis
CAL-120,PIK3C,AKT_SGK,1.0,1.0,1.0,0.1686812,46.75242281,1.0,0.6572991,38.46457933,26.76804,breast,MSS/MSI-L,Adherent,PIK3C*,Oncogenic signal,AKT/PI3K,AKT*;SGK*,Oncogenic signal,AKT/PI3K
EVSA-T,PIK3C,Chloroquine,3.0,10.0,0.670315564,1.5906837,0.0,0.997071353,10.0,89.75001556,32.07897,breast,MSS/MSI-L,Adherent,PIK3C*,Oncogenic signal,AKT/PI3K,Thiamine,other,other
NCI-H522,TOP2,Doxorubicin,3.0,0.1,2.810921214,0.6994024,0.0,0.018043201,0.964212,0.0,3.278132,lung_NSCLC_adenocarcinoma,MSS/MSI-L,Adherent,TOP2*;PRKDC,DNA repair,DNA Damage Response,TOP*;DNMT1,DNA repair,Chemo
HCC1806,MAP2K_1,ADAM17,1.0,75.0,0.417210558,0.823552,2.38123445,1.0,0.0,100.0,23.74033,breast,MSS/MSI-L,Adherent,MAP2K1;MAP2K2,Oncogenic signal,MAPK,ADAM17,Differentiation,EMT/migration
HCC1428,PIP5K1,PIK3C,1.0,1.0,1.0,0.0,100.0,1.0,1.1988583,57.11365124,-3.513396,breast,MSS/MSI-L,Adherent,PIP5K1*,Metabolism,Metabolism,PIK3C*,Oncogenic signal,AKT/PI3K
CAL-148,TNKS_PARP6,PIK3CB_PIK3CD,1.0,1.0,0.03925572,1.6218116,2.02799346,0.333596409,10.0,21.79864057,-8.93609,breast,MSS/MSI-L,Suspension,TNKS;PARP6,Oncogenic signal,Cell Cycle,PIK3CB;PIK3CD,Oncogenic signal,AKT/PI3K
NCI-H1975,CSNK2A1_2,AKT,0.03,3.0,0.023056362,2.7567666,0.0,1.436517103,0.7813134,0.0,22.16068,lung_NSCLC_adenocarcinoma,MSS/MSI-L,Adherent,CSNK2A1,Oncogenic signal,STK,AKT1;AKT2;AKT3,Oncogenic signal,AKT/PI3K
NCI-H2228,CarboTaxol,BCL2L1,0.003,3.0,0.001064842,0.6561295,0.0,0.20699726,0.7710833,37.70799868,49.68765,lung_NSCLC_adenocarcinoma,MSS/MSI-L,Adherent,DNA,DNA repair,Chemo,BCL2L1,Cell death,Apoptosis
MDA-MB-231,SLC16A4,MAP2K_1,1.0,1.0,0.269940057,2.0272245,39.42526933,0.325777124,1.6867419,45.21941765,7.178268,breast,MSS/MSI-L,Adherent,SLC16A3;SLC16A4,Metabolism,Metabolism,MAP2K1;MAP2K2,Oncogenic signal,MAPK
CAL-120,MTOR_3,FGFR,1.0,3.0,0.000690569,0.5148125,41.31891186,0.03760746,0.7763684,45.43537598,63.93568,breast,MSS/MSI-L,Adherent,MTOR,Oncogenic signal,AKT/PI3K,FGFR1;FGFR2;FGFR3,Oncogenic signal,RTK
MDA-MB-157,PIK3CB_PIK3CD,ADAM17,1.0,75.0,1.0,0.219944,0.96308739,0.729082264,10.0,87.89998986,4.985632,breast,MSS/MSI-L,Adherent,PIK3CB;PIK3CD,Oncogenic signal,AKT/PI3K,ADAM17,Differentiation,EMT/migration
CAL-120,FGFR,ERBB,1.0,1.0,0.025526342,10.0,86.93308291,0.326953295,10.0,92.59987958,69.96979,breast,MSS/MSI-L,Adherent,FGFR1;FGFR2;FGFR3,Oncogenic signal,RTK,EGFR;ERBB*,Oncogenic signal,RTK
DU-4475,SLC16A4,BCL2_BCL2L1,1.0,1.0,1.0,10.0,74.40020089,0.008105948,10.0,0.09994977,4.567143,breast,MSS/MSI-L,Suspension,SLC16A3;SLC16A4,Metabolism,Metabolism,BCL2;BCL2L1,Cell death,Apoptosis
HCC1419,PIK3C,MAP2K_1,3.0,3.0,0.447702006,1.0182807,15.20805573,3.0,0.3819821,26.41412903,12.1307,breast,MSS/MSI-L,Adherent,PIK3C*,Oncogenic signal,AKT/PI3K,MAP2K1;MAP2K2,Oncogenic signal,MAPK
647-V,PARP1,IAP,3.0,0.003,3.0,10.0,79.20004761,0.000686874,1.9512449,14.78212769,32.96868,Bladder,MSS/MSI-L,Adherent,PARP1,DNA repair,DNA Damage Response,NIAP;XIAP;BIRC2;BIRC3,Cell death,Apoptosis
M14,BCL2_BCL2L1,AKT_1,1.0,1.0,0.035530311,0.7471279,14.98180494,0.276115373,10.0,86.49988504,19.4639,melanoma,MSS/MSI-L,Adherent,BCL2;BCL2L1,Cell death,Apoptosis,AKT*,Oncogenic signal,AKT/PI3K
HCC1419,MTOR_1,BCL2L1,1.0,3.0,0.160451529,0.9186353,4.14597185,0.080640997,0.9479371,60.60283584,-2.710603,breast,MSS/MSI-L,Adherent,MTOR,Oncogenic signal,AKT/PI3K,BCL2L1,Cell death,Apoptosis
CAL-120,SLC16A4,FGFR,1.0,1.0,1.0,0.0,100.0,0.292304375,10.0,85.29985624,20.57518,breast,MSS/MSI-L,Adherent,SLC16A3;SLC16A4,Metabolism,Metabolism,FGFR1;FGFR2;FGFR3,Oncogenic signal,RTK
HCC1937,BCL2_BCL2L1,ATR_4,1.0,1.0,1.0,0.7714663,44.97170156,1.0,0.0,100.0,-21.49622,breast,MSS/MSI-L,Adherent,BCL2;BCL2L1,Cell death,Apoptosis,ATR,DNA repair,DNA Damage Response
Hs-578-T,MTOR_1,ADAM17,1.0,75.0,0.186565594,2.7805739,40.20184984,1.0,0.0,100.0,-12.81616,breast,MSS/MSI-L,Adherent,MTOR,Oncogenic signal,AKT/PI3K,ADAM17,Differentiation,EMT/migration
HCC1428,FGFR,AKT_SGK,1.0,1.0,1.0,0.0,100.0,0.167006102,10.0,88.70370038,5.083751,breast,MSS/MSI-L,Adherent,FGFR1;FGFR2;FGFR3,Oncogenic signal,RTK,AKT*;SGK*,Oncogenic signal,AKT/PI3K
NCI-H2170,TOP2_2,PIM1,3.0,3.0,1.8445661,2.0630733,0.0,1.0,0.0,100.0,103.6661,lung_NSCLC_squamous_cell_carcinoma,MSS/MSI-L,Adherent,TOP2*,DNA repair,Chemo,PIM1,Oncogenic signal,STK
VM-CUB-1,PIK3C,Cisplatin,3.0,3.0,3.0,1.874956,18.16332393,1.220405025,10.0,49.1936947,8.927432,Bladder,MSS/MSI-L,Adherent,PIK3C*,Oncogenic signal,AKT/PI3K,DNA,DNA repair,Chemo
HCC1428,MTOR_1,ATR_4,1.0,1.0,0.358044346,1.7429032,33.07784248,1.0,0.4706203,14.3487545,-35.0508,breast,MSS/MSI-L,Adherent,MTOR,Oncogenic signal,AKT/PI3K,ATR,DNA repair,DNA Damage Response
Calu-6,CSNK2A1_2,Carboplatin,0.03,3.0,0.008995892,1.8258143,9.28935779,1.863358642,2.1339557,0.0,-3.080912,lung_NSCLC_adenocarcinoma,MSS/MSI-L,Adherent,CSNK2A1,Oncogenic signal,STK,DNA,DNA repair,Chemo
MDA-MB-157,PIK3C,AKT_SGK,1.0,1.0,1.0,0.3617534,15.8606486,0.064333842,0.6693416,78.90661786,1.496421,breast,MSS/MSI-L,Adherent,PIK3C*,Oncogenic signal,AKT/PI3K,AKT*;SGK*,Oncogenic signal,AKT/PI3K
HCC1187,MTOR_1,FASN,1.0,1.0,0.225291355,4.4190139,13.07848925,1.0,0.2154601,79.10865063,-6.860539,breast,MSS/MSI-L,Suspension,MTOR,Oncogenic signal,AKT/PI3K,FASN,Metabolism,Metabolism
HCC1937,ERBB,AKT,1.0,1.0,0.009832061,2.0618869,76.54313958,0.426086352,0.6456832,47.15660245,35.76536,breast,MSS/MSI-L,Adherent,EGFR;ERBB*,Oncogenic signal,RTK,AKT1;AKT2;AKT3,Oncogenic signal,AKT/PI3K
CAL-51,PIK3CB_PIK3CD,ADAM17,1.0,75.0,1.0,0.6924887,71.96545468,23.61371697,10.0,92.79991074,8.352364,breast,MSS/MSI-L,Adherent,PIK3CB;PIK3CD,Oncogenic signal,AKT/PI3K,ADAM17,Differentiation,EMT/migration
DU-4475,BCL2_BCL2L1,ADAM17,1.0,75.0,0.008056722,10.0,0.07495373,37.43606425,1.3723419,30.85452463,3.335391,breast,MSS/MSI-L,Suspension,BCL2;BCL2L1,Cell death,Apoptosis,ADAM17,Differentiation,EMT/migration
SW780,HDAC_4,AKT,3.0,3.0,0.905737563,0.4727892,0.0,0.213523523,1.8105248,19.75892461,20.32464,Bladder,MSS/MSI-L,Adherent,HDAC*,Differentiation,Epigenetic,AKT1;AKT2;AKT3,Oncogenic signal,AKT/PI3K
T-24,PIK3CB_PIK3CD,PARP1,3.0,3.0,3.0,10.0,65.80025063,2.706856886,1.6066514,0.0,0.276685,Bladder,MSS/MSI-L,Adherent,PIK3CB;PIK3CD,Oncogenic signal,AKT/PI3K,PARP1,DNA repair,DNA Damage Response
HCC1937,ALK_IGFR,AKT,1.0,1.0,1.0,0.732331,68.55868429,0.312136404,0.9208932,54.56344698,13.64358,breast,MSS/MSI-L,Adherent,ALK;IGF*R,Oncogenic signal,AKT/PI3K,AKT1;AKT2;AKT3,Oncogenic signal,AKT/PI3K
HCC1806,PIM1,BCL2_BCL2L1,1.0,1.0,1.0,10.0,76.20011331,1.0,0.0,100.0,-18.87524,breast,MSS/MSI-L,Adherent,PIM1,Oncogenic signal,STK,BCL2;BCL2L1,Cell death,Apoptosis
BT-549,PIP5K1,PIK3C,1.0,1.0,1.0,0.0,100.0,0.305595061,10.0,39.19946276,-4.011929,breast,MSS/MSI-L,Adherent,PIP5K1*,Metabolism,Metabolism,PIK3C*,Oncogenic signal,AKT/PI3K
M14,SLC16A4,FGFR,1.0,1.0,0.128473284,5.9739151,90.86853304,1.0,0.0,100.0,-45.88617,melanoma,MSS/MSI-L,Adherent,SLC16A3;SLC16A4,Metabolism,Metabolism,FGFR1;FGFR2;FGFR3,Oncogenic signal,RTK
DMS-114,MTOR_1,ALK,3.0,3.0,0.121602409,1.1529054,11.89227638,0.361902196,1.1766224,0.0,28.55891,lung_small_cell_carcinoma,MSS/MSI-L,Adherent,MTOR,Oncogenic signal,AKT/PI3K,ALK,Oncogenic signal,AKT/PI3K
NCI-H1703,MAP2K_3,BRAF_M2,0.3,1.0,0.3,0.2491917,29.12414135,0.104290893,1.7876139,21.77612961,36.30788,lung_NSCLC_adenocarcinoma,MSS/MSI-L,Adherent,MAP2K*,Oncogenic signal,MAPK,BRAF_V600E,Oncogenic signal,MAPK
DMS-114,IAP,BCL2L1,3.0,3.0,1.891492687,1.1680829,38.37593201,3.0,0.5078686,88.98765316,35.2634,lung_small_cell_carcinoma,MSS/MSI-L,Adherent,NIAP;XIAP;BIRC2;BIRC3,Cell death,Apoptosis,BCL2L1,Cell death,Apoptosis
HCC1187,MTOR_1,ESR1,1.0,1.0,0.26743465,10.0,11.89907573,1.0,0.0,100.0,7.028081,breast,MSS/MSI-L,Suspension,MTOR,Oncogenic signal,AKT/PI3K,ESR1,Oncogenic signal,Hormonal
SW780,IAP,CHEK1,0.03,3.0,0.001738738,0.5088857,33.84597379,1.103124546,10.0,18.19628645,-105.8234,Bladder,MSS/MSI-L,Adherent,NIAP;XIAP;BIRC2;BIRC3,Cell death,Apoptosis,CHEK1,DNA repair,DNA Damage Response
Hs-578-T,PIK3CA_4,AKT,1.0,1.0,0.008571031,1.2011149,71.64961065,1.0,0.4037859,13.18375047,18.83553,breast,MSS/MSI-L,Adherent,PIK3CA,Oncogenic signal,AKT/PI3K,AKT1;AKT2;AKT3,Oncogenic signal,AKT/PI3K
MDA-MB-361,MTOR_1,MAP2K_1,1.0,3.0,0.105273774,1.2886471,27.58185116,0.60644102,0.6701696,66.8597302,5.845206,breast,MSS/MSI-L,Adherent,MTOR,Oncogenic signal,AKT/PI3K,MAP2K1;MAP2K2,Oncogenic signal,MAPK
647-V,PARP1,HSP90,3.0,3.0,3.0,1.1963294,75.3085666,0.136081654,3.5530797,4.05978968,21.63577,Bladder,MSS/MSI-L,Adherent,PARP1,DNA repair,DNA Damage Response,HSP90AA1,Cell death,Apoptosis
SW900,PIK3CA_3,CSNK2A1_2,3.0,0.01,3.0,0.7018744,35.1299547,0.002701752,1.8878885,23.64679294,24.46214,lung_NSCLC_squamous_cell_carcinoma,MSS/MSI-L,Adherent,PIK3CA,Oncogenic signal,AKT/PI3K,CSNK2A1,Oncogenic signal,STK
CAL-120,WNT,FGFR,3.0,3.0,0.133972924,1.023512,9.1872469,0.057380913,0.5757463,39.49222786,16.16667,breast,MSS/MSI-L,Adherent,WNT*;TNKS,Differentiation,EMT/migration,FGFR1;FGFR2;FGFR3,Oncogenic signal,RTK
NCI-H838,PIK3C,ALK,3.0,3.0,0.892636752,0.8771739,0.0,0.872013506,1.5105159,0.0,18.27339,lung_NSCLC_adenocarcinoma,MSS/MSI-L,Adherent,PIK3C*,Oncogenic signal,AKT/PI3K,ALK,Oncogenic signal,AKT/PI3K
HT-1376,IAP,ERBB,3.0,1.0,0.093981381,0.1851546,0.0,0.104435353,1.1988001,42.99802324,73.72713,Bladder,MSS/MSI-L,Adherent,NIAP;XIAP;BIRC2;BIRC3,Cell death,Apoptosis,EGFR;ERBB*,Oncogenic signal,RTK
HCC70,EGFR,AKT_1,0.1,1.0,0.1,10.0,94.6000733,0.208934027,1.3842676,24.32719377,47.21543,breast,MSS/MSI-L,Adherent,EGFR,Oncogenic signal,RTK,AKT*,Oncogenic signal,AKT/PI3K
MFM-223,PIM1,PIK3C,1.0,1.0,0.421822229,0.5069516,64.12223257,0.907475152,0.663939,0.0,-18.74556,breast,MSS/MSI-L,Adherent,PIM1,Oncogenic signal,STK,PIK3C*,Oncogenic signal,AKT/PI3K
MCF7,BCL2_2,AKT_1,3.0,3.0,1.171939597,0.6460675,0.0,0.081327356,1.1727421,30.99713675,22.46324,breast,MSS/MSI-L,Adherent,BCL2,Cell death,Apoptosis,AKT*,Oncogenic signal,AKT/PI3K
MDA-MB-468,PIK3C_2,AKT,1.0,1.0,0.384200918,10.0,61.39729461,0.266781771,2.0956776,35.96158271,3.043114,breast,MSS/MSI-L,Adherent,PIK3C*,Oncogenic signal,AKT/PI3K,AKT1;AKT2;AKT3,Oncogenic signal,AKT/PI3K
MDA-MB-157,SLC16A4,MAP2K_1,1.0,1.0,1.0,10.0,92.40015577,1.0,0.5157429,37.09716982,26.04463,breast,MSS/MSI-L,Adherent,SLC16A3;SLC16A4,Metabolism,Metabolism,MAP2K1;MAP2K2,Oncogenic signal,MAPK
BT-549,MTOR_1,FGFR,1.0,1.0,0.275703149,1.2131964,10.26619657,0.062319864,0.8418638,62.43453683,12.56674,breast,MSS/MSI-L,Adherent,MTOR,Oncogenic signal,AKT/PI3K,FGFR1;FGFR2;FGFR3,Oncogenic signal,RTK
NCI-H1975,PIK3CA_3,IAP,3.0,3.0,3.0,0.7707163,7.91594402,0.279866463,0.2403488,29.48012579,30.20235,lung_NSCLC_adenocarcinoma,MSS/MSI-L,Adherent,PIK3CA,Oncogenic signal,AKT/PI3K,NIAP;XIAP;BIRC2;BIRC3,Cell death,Apoptosis
HCC38,MAP2K_1,BCL2_BCL2L1,1.0,1.0,0.058587621,3.7796448,90.00571941,0.199138196,3.8224812,10.31065797,-8.975845,breast,MSS/MSI-L,Adherent,MAP2K1;MAP2K2,Oncogenic signal,MAPK,BCL2;BCL2L1,Cell death,Apoptosis
CAL-148,BCL2_BCL2L1,AKT_1,1.0,1.0,0.281470185,2.7849773,40.90774704,0.1993971,1.607907,19.77664666,10.64219,breast,MSS/MSI-L,Suspension,BCL2;BCL2L1,Cell death,Apoptosis,AKT*,Oncogenic signal,AKT/PI3K
C32,IGFR_4,IAP,10.0,1.0,2.379182108,1.4905517,0.0,0.007268108,10.0,10.14999373,2.807034,melanoma,MSS/MSI-L,Adherent,IGF*R,Oncogenic signal,RTK,NIAP;XIAP;BIRC2;BIRC3,Cell death,Apoptosis
SW620,TKI,IGFR_3,3.0,3.0,0.0003,0.1,87.89999116,0.048993254,10.0,91.85079719,23.4813,large_intestine,MSS/MSI-L,Adherent,KDR;EGFR;RET,Oncogenic signal,RTK,IGF*R,Oncogenic signal,RTK
MDA-MB-453,FGFR,ADAM17,1.0,75.0,0.235456711,10.0,29.2715289,16.44653795,10.0,93.55403117,-31.0305,breast,MSS/MSI-L,Adherent,FGFR1;FGFR2;FGFR3,Oncogenic signal,RTK,ADAM17,Differentiation,EMT/migration
HCC1187,PIK3C,ESR1_1,3.0,3.0,0.492732193,0.9262957,0.0,3.0,10.0,69.8000608,-9.524496,breast,MSS/MSI-L,Suspension,PIK3C*,Oncogenic signal,AKT/PI3K,ESR1,Oncogenic signal,Hormonal
HCC1143,FGFR,ADAM17,1.0,75.0,1.0,0.0,100.0,0.0075,0.1,92.4045839,14.43257,breast,MSS/MSI-L,Adherent,FGFR1;FGFR2;FGFR3,Oncogenic signal,RTK,ADAM17,Differentiation,EMT/migration
NCI-H3122,MAP2K_1,BRAF_M,3.0,3.0,0.296123307,0.3888823,0.0,1.0,0.0,100.0,-72.64488,lung_NSCLC_adenocarcinoma,MSS/MSI-L,Adherent,MAP2K1;MAP2K2,Oncogenic signal,MAPK,BRAF_mut,Oncogenic signal,MAPK
SW900,Vinorelbine,IAP,0.1,3.0,0.019645127,2.9723074,32.86221042,2.078708405,0.160256,0.0,50.3246,lung_NSCLC_squamous_cell_carcinoma,MSS/MSI-L,Adherent,microtubule;TUBB,DNA repair,Chemo,NIAP;XIAP;BIRC2;BIRC3,Cell death,Apoptosis
MDA-MB-453,PIK3C,BCL2L1,3.0,3.0,1.035410593,1.196122,0.0,3.0,0.3631745,85.56081783,17.18134,breast,MSS/MSI-L,Adherent,PIK3C*,Oncogenic signal,AKT/PI3K,BCL2L1,Cell death,Apoptosis
CAL-148,MTOR_1,ERBB,1.0,1.0,0.201717255,1.0666417,71.22667698,1.0,0.0,100.0,-8.478035,breast,MSS/MSI-L,Suspension,MTOR,Oncogenic signal,AKT/PI3K,EGFR;ERBB*,Oncogenic signal,RTK
CAMA-1,EGFR_2,AKT_1,3.0,3.0,1.0,0.0,100.0,1.427639895,1.6133203,0.0,7.759386,breast,MSS/MSI-L,Adherent,EGFR,Oncogenic signal,RTK,AKT*,Oncogenic signal,AKT/PI3K
C32,MAP2K_1,IGFR_3,3.0,10.0,0.154417571,0.582282,2.9477238,10.0,1.5263733,9.4871735,-5.643498,melanoma,MSS/MSI-L,Adherent,MAP2K1;MAP2K2,Oncogenic signal,MAPK,IGF*R,Oncogenic signal,RTK
MDA-MB-436,EGFR_2,AKT_1,3.0,3.0,0.171279674,10.0,91.89111869,3.0,0.4279361,60.00786677,18.44421,breast,MSS/MSI-L,Adherent,EGFR,Oncogenic signal,RTK,AKT*,Oncogenic signal,AKT/PI3K
EVSA-T,BCL2L1,AKT,3.0,3.0,1.0,0.0,100.0,0.000678432,9.8519882,0.64,-4.365317,breast,MSS/MSI-L,Adherent,BCL2L1,Cell death,Apoptosis,AKT1;AKT2;AKT3,Oncogenic signal,AKT/PI3K
BT-549,MAP2K_1,EGFR,1.0,0.1,0.022019292,4.2802915,86.72295403,0.001093034,10.0,90.72501194,-5.554851,breast,MSS/MSI-L,Adherent,MAP2K1;MAP2K2,Oncogenic signal,MAPK,EGFR,Oncogenic signal,RTK
MFM-223,ALK_IGFR,AKT_1,1.0,1.0,0.254099481,1.5867247,27.18148769,0.350844011,0.7720568,0.0,29.12629,breast,MSS/MSI-L,Adherent,ALK;IGF*R,Oncogenic signal,AKT/PI3K,AKT*,Oncogenic signal,AKT/PI3K
T47D,MAP2K_1,BRAF_M2,3.0,3.0,0.831809822,0.7208278,69.9298411,0.977072961,2.6412161,80.55054839,15.15309,breast,MSS/MSI-L,Adherent,MAP2K1;MAP2K2,Oncogenic signal,MAPK,BRAF_V600E,Oncogenic signal,MAPK
CAMA-1,MTOR_1,ADAM17,1.0,75.0,0.485716842,1.5216843,4.35688537,0.0075,0.1,88.88012885,-10.6617,breast,MSS/MSI-L,Adherent,MTOR,Oncogenic signal,AKT/PI3K,ADAM17,Differentiation,EMT/migration
NCI-H2228,CSNK2A1_2,AKT,0.1,3.0,0.03012002,0.7363036,0.0,0.346264705,0.5907502,0.0,42.21827,lung_NSCLC_adenocarcinoma,MSS/MSI-L,Adherent,CSNK2A1,Oncogenic signal,STK,AKT1;AKT2;AKT3,Oncogenic signal,AKT/PI3K
VM-CUB-1,TNFSF10,PIK3C,0.03,3.0,0.003588685,10.0,75.45050421,0.515177195,10.0,52.52284232,-64.81763,Bladder,MSS/MSI-L,Adherent,TNFSF10,Cell death,Apoptosis,PIK3C*,Oncogenic signal,AKT/PI3K
CAMA-1,MAP2K_1,FASN,1.0,1.0,1.0,0.0,100.0,0.075249142,10.0,86.34971517,7.072155,breast,MSS/MSI-L,Adherent,MAP2K1;MAP2K2,Oncogenic signal,MAPK,FASN,Metabolism,Metabolism
HCC1395,TNKS_PARP6,MTOR_1,1.0,1.0,0.00369217,1.0759512,11.79674844,0.352189672,1.1413728,28.38595628,3.03363,breast,MSS/MSI-L,Adherent,TNKS;PARP6,Oncogenic signal,Cell Cycle,MTOR,Oncogenic signal,AKT/PI3K
HT-1376,PIK3C,Cisplatin,3.0,3.0,0.831707277,0.9455658,28.30289104,1.653189096,1.0144532,0.0,7.992271,Bladder,MSS/MSI-L,Adherent,PIK3C*,Oncogenic signal,AKT/PI3K,DNA,DNA repair,Chemo
DU-4475,ATR_4,AKT,1.0,1.0,0.056251223,0.85574,0.0,0.339440354,10.0,31.19858166,-10.7695,breast,MSS/MSI-L,Suspension,ATR,DNA repair,DNA Damage Response,AKT1;AKT2;AKT3,Oncogenic signal,AKT/PI3K
BFTC-905,HDAC_4,ATR_4,3.0,3.0,0.374906334,1.9765672,14.81859184,1.044105178,3.3772771,11.56544786,-24.89871,Bladder,MSS/MSI-L,Adherent,HDAC*,Differentiation,Epigenetic,ATR,DNA repair,DNA Damage Response
MDA-MB-453,PIK3C,AKT_1,3.0,3.0,1.119928914,1.3273467,0.0,0.334461719,2.0721858,44.4950423,53.06514,breast,MSS/MSI-L,Adherent,PIK3C*,Oncogenic signal,AKT/PI3K,AKT*,Oncogenic signal,AKT/PI3K
NCI-H1563,IAP,Doxorubicin,1.0,0.03,0.008407486,0.9474764,17.93701593,0.009924453,10.0,41.99898103,7.540647,lung_NSCLC_adenocarcinoma,MSS/MSI-L,Adherent,NIAP;XIAP;BIRC2;BIRC3,Cell death,Apoptosis,TOP*;DNMT1,DNA repair,Chemo
CAL-51,PIK3CA_4,PIK3C_2,1.0,1.0,1.0,1.0606879,34.18729553,0.684453825,2.1822977,0.0,2.790488,breast,MSS/MSI-L,Adherent,PIK3CA,Oncogenic signal,AKT/PI3K,PIK3C*,Oncogenic signal,AKT/PI3K
HCC1187,MTOR_1,FGFR,1.0,1.0,0.267308341,10.0,11.99905238,0.344613397,10.0,94.99987928,3.211573,breast,MSS/MSI-L,Suspension,MTOR,Oncogenic signal,AKT/PI3K,FGFR1;FGFR2;FGFR3,Oncogenic signal,RTK
EVSA-T,MAP2K_3,BRAF_M2,0.3,0.1,0.007778913,0.1,68.31563289,0.1,0.2399212,63.83422167,-16.95827,breast,MSS/MSI-L,Adherent,MAP2K*,Oncogenic signal,MAPK,BRAF_V600E,Oncogenic signal,MAPK
CAL-148,PIP5K1,AKT,1.0,1.0,1.0,0.0,100.0,0.171128841,1.5654397,0.20882482,9.311391,breast,MSS/MSI-L,Suspension,PIP5K1*,Metabolism,Metabolism,AKT1;AKT2;AKT3,Oncogenic signal,AKT/PI3K
HCC1187,PIK3CA_4,MTOR_1,1.0,1.0,0.142865445,1.4714231,50.47990522,0.224989694,5.1634793,11.459171,4.002826,breast,MSS/MSI-L,Suspension,PIK3CA,Oncogenic signal,AKT/PI3K,MTOR,Oncogenic signal,AKT/PI3K
MDA-MB-361,PIK3C,ESR1_1,3.0,3.0,0.39654229,0.9190162,0.0,3.0,0.1217477,47.09649742,43.87407,breast,MSS/MSI-L,Adherent,PIK3C*,Oncogenic signal,AKT/PI3K,ESR1,Oncogenic signal,Hormonal
BT-474,PIK3C,Chloroquine,3.0,10.0,0.33971304,0.9291411,0.0,10.0,0.1739027,34.14906216,-35.51228,breast,MSS/MSI-L,Adherent,PIK3C*,Oncogenic signal,AKT/PI3K,Thiamine,other,other
NCI-H1563,PIK3C,IAP,3.0,0.01,1.597929512,0.7803645,0.0,8.52e-05,1.4799525,4.41617826,12.20152,lung_NSCLC_adenocarcinoma,MSS/MSI-L,Adherent,PIK3C*,Oncogenic signal,AKT/PI3K,NIAP;XIAP;BIRC2;BIRC3,Cell death,Apoptosis
J82,FGFR,BCL2_BCL2L1,3.0,3.0,0.128753983,1.0266093,58.56859323,1.017638737,10.0,80.49959744,30.56837,Bladder,MSS/MSI-L,Adherent,FGFR1;FGFR2;FGFR3,Oncogenic signal,RTK,BCL2;BCL2L1,Cell death,Apoptosis
NCI-H1299,CSNK2A1_2,CarboTaxol,0.1,0.01,0.024823269,1.9588842,6.45479044,0.003061849,10.0,22.29942827,-18.09584,lung_NSCLC_large cell,MSS/MSI-L,Adherent,CSNK2A1,Oncogenic signal,STK,DNA,DNA repair,Chemo
MFM-223,MTOR_1,ERBB,1.0,1.0,0.23037477,1.1788859,13.09654086,0.132329533,10.0,92.69998791,-9.382325,breast,MSS/MSI-L,Adherent,MTOR,Oncogenic signal,AKT/PI3K,EGFR;ERBB*,Oncogenic signal,RTK
J82,PIM1,BCL2_BCL2L1,3.0,3.0,0.111032884,1.2617305,82.9251181,1.060261627,10.0,76.79929208,19.69247,Bladder,MSS/MSI-L,Adherent,PIM1,Oncogenic signal,STK,BCL2;BCL2L1,Cell death,Apoptosis
HCC38,EGFR,AKT,0.1,1.0,1.0,0.0,100.0,1.0,10.0,82.00002126,-10.19072,breast,MSS/MSI-L,Adherent,EGFR,Oncogenic signal,RTK,AKT1;AKT2;AKT3,Oncogenic signal,AKT/PI3K
HCC38,PIK3CB_PIK3CD,PARP1,1.0,3.0,1.0,10.0,88.20005443,0.927097891,10.0,83.39972845,1.844097,breast,MSS/MSI-L,Adherent,PIK3CB;PIK3CD,Oncogenic signal,AKT/PI3K,PARP1,DNA repair,DNA Damage Response
HCC1395,PIK3CA_4,AKT,1.0,1.0,1.0,0.1702583,83.69664872,0.266402513,1.1121241,40.79459922,1.191194,breast,MSS/MSI-L,Adherent,PIK3CA,Oncogenic signal,AKT/PI3K,AKT1;AKT2;AKT3,Oncogenic signal,AKT/PI3K
CAMA-1,MTOR_3,FGFR,1.0,1.0,0.0001,0.1,7.97685877,0.118318271,10.0,86.5995992,19.8305,breast,MSS/MSI-L,Adherent,MTOR,Oncogenic signal,AKT/PI3K,FGFR1;FGFR2;FGFR3,Oncogenic signal,RTK
CAL-51,TNKS_PARP6,AKT,1.0,1.0,0.136404728,7.3920445,1.65551222,1.0,0.5329844,9.10822275,-16.58262,breast,MSS/MSI-L,Adherent,TNKS;PARP6,Oncogenic signal,Cell Cycle,AKT1;AKT2;AKT3,Oncogenic signal,AKT/PI3K
Calu-6,Gemcitabine,CSNK2A1_2,0.1,0.03,0.007459191,2.8074816,19.08293653,0.008611223,1.9516018,11.19829841,-6.669868,lung_NSCLC_adenocarcinoma,MSS/MSI-L,Adherent,DNA;RRM1;TYMS;CMPK1,Cell death,Chemo,CSNK2A1,Oncogenic signal,STK
UACC-812,PARP1,HDAC_4,1.0,1.0,0.258427752,10.0,89.09911559,1.0,1.4607169,33.20875638,14.92222,breast,MSS/MSI-L,Adherent,PARP1,DNA repair,DNA Damage Response,HDAC*,Differentiation,Epigenetic
BT-20,MTOR_1,MAP2K_1,1.0,3.0,0.072435238,1.1822071,28.13700526,0.019898977,1.0127977,75.77313005,41.27628,breast,MSS/MSI-L,Adherent,MTOR,Oncogenic signal,AKT/PI3K,MAP2K1;MAP2K2,Oncogenic signal,MAPK
TCCSUP,PIM1,EG5,3.0,0.003,0.378492874,0.6827608,77.99169107,0.002114307,7.7813932,32.43484244,2.628383,Bladder,MSS/MSI-L,Adherent,PIM1,Oncogenic signal,STK,KIF11,Differentiation,EMT/migration
A549,IAP,Doxorubicin,3.0,0.1,3.0,0.1800696,70.89603465,0.035222411,10.0,22.29771507,16.62368,lung_NSCLC_adenocarcinoma,MSS/MSI-L,Adherent,NIAP;XIAP;BIRC2;BIRC3,Cell death,Apoptosis,TOP*;DNMT1,DNA repair,Chemo
MDA-MB-468,EGFR_2,AKT_1,3.0,3.0,0.071432575,1.7990408,63.5254934,3.0,0.6228194,9.84009952,71.33031,breast,MSS/MSI-L,Adherent,EGFR,Oncogenic signal,RTK,AKT*,Oncogenic signal,AKT/PI3K
647-V,MAP2K_1,ERBB,1.0,0.1,0.239609145,1.2535637,68.93244273,0.029671845,10.0,81.79990161,25.39237,Bladder,MSS/MSI-L,Adherent,MAP2K1;MAP2K2,Oncogenic signal,MAPK,EGFR;ERBB*,Oncogenic signal,RTK
HCC1143,PIM1,PIK3C,1.0,1.0,1.0,0.0,100.0,0.223666937,2.0908292,58.33276314,24.2367,breast,MSS/MSI-L,Adherent,PIM1,Oncogenic signal,STK,PIK3C*,Oncogenic signal,AKT/PI3K
DU-4475,PIK3CB_PIK3CD,ALK_IGFR,1.0,1.0,0.318844153,2.1814229,44.18787692,0.06173659,1.2173761,0.0,1.987476,breast,MSS/MSI-L,Suspension,PIK3CB;PIK3CD,Oncogenic signal,AKT/PI3K,ALK;IGF*R,Oncogenic signal,AKT/PI3K
MFM-223,PIM1,MAP2K_1,1.0,1.0,1.0,0.1108129,39.52491107,0.0001,0.1,72.41267158,-61.13648,breast,MSS/MSI-L,Adherent,PIM1,Oncogenic signal,STK,MAP2K1;MAP2K2,Oncogenic signal,MAPK
VM-CUB-1,ATR_4,AKT,3.0,3.0,3.0,10.0,33.20054192,3.0,0.1620118,32.09129554,-100.6429,Bladder,MSS/MSI-L,Adherent,ATR,DNA repair,DNA Damage Response,AKT1;AKT2;AKT3,Oncogenic signal,AKT/PI3K
VCaP,FGFR,AKT,3.0,1.0,3.0,2.8467294,63.20385038,0.312448777,2.3977882,64.75143342,-7.65672,prostate,MSS/MSI-L,Adherent,FGFR1;FGFR2;FGFR3,Oncogenic signal,RTK,AKT1;AKT2;AKT3,Oncogenic signal,AKT/PI3K
SW780,PIK3C,MAP2K_1,3.0,3.0,3.0,10.0,63.20027127,1.249939682,2.3602098,44.37159012,36.31898,Bladder,MSS/MSI-L,Adherent,PIK3C*,Oncogenic signal,AKT/PI3K,MAP2K1;MAP2K2,Oncogenic signal,MAPK
HCC38,MAP2K_1,AKT_SGK,1.0,1.0,0.017252111,0.1,80.70155308,0.59793808,2.3426119,84.4072192,-13.19094,breast,MSS/MSI-L,Adherent,MAP2K1;MAP2K2,Oncogenic signal,MAPK,AKT*;SGK*,Oncogenic signal,AKT/PI3K
KU-19-19,Cisplatin,AKT,3.0,3.0,3.0,10.0,22.0011712,1.0,0.0,100.0,-1.031448,Bladder,MSS/MSI-L,Adherent,DNA,DNA repair,Chemo,AKT1;AKT2;AKT3,Oncogenic signal,AKT/PI3K
A549,PIK3CA_3,CSNK2A1_2,3.0,0.1,1.516232883,0.9938151,15.48355134,0.015181827,4.4612018,8.59947456,5.306819,lung_NSCLC_adenocarcinoma,MSS/MSI-L,Adherent,PIK3CA,Oncogenic signal,AKT/PI3K,CSNK2A1,Oncogenic signal,STK
SW900,PIK3CA_3,IAP,3.0,3.0,3.0,0.5412492,35.42875985,0.456068874,0.1938179,0.0,36.19486,lung_NSCLC_squamous_cell_carcinoma,MSS/MSI-L,Adherent,PIK3CA,Oncogenic signal,AKT/PI3K,NIAP;XIAP;BIRC2;BIRC3,Cell death,Apoptosis
MDA-MB-231,MAP2K_1,FASN,1.0,1.0,0.398821453,1.3481003,36.01641198,1.0,0.0,100.0,24.94119,breast,MSS/MSI-L,Adherent,MAP2K1;MAP2K2,Oncogenic signal,MAPK,FASN,Metabolism,Metabolism
BT-549,PIK3C_2,AKT_1,1.0,1.0,0.672968006,1.3365856,0.0,0.858046369,0.8038224,0.0,20.61871,breast,MSS/MSI-L,Adherent,PIK3C*,Oncogenic signal,AKT/PI3K,AKT*,Oncogenic signal,AKT/PI3K
CAL-51,MAP2K_1,EGFR,1.0,0.1,1.0,10.0,83.20009228,0.1,10.0,78.40000239,3.35151,breast,MSS/MSI-L,Adherent,MAP2K1;MAP2K2,Oncogenic signal,MAPK,EGFR,Oncogenic signal,RTK
HCC1954,BCL2L1,AKT,3.0,3.0,0.037705465,0.1,28.78664044,0.197513829,0.4595275,0.0,67.8827,breast,MSS/MSI-L,Adherent,BCL2L1,Cell death,Apoptosis,AKT1;AKT2;AKT3,Oncogenic signal,AKT/PI3K
DMS-114,FGFR,ERBB,3.0,3.0,0.159821513,1.9460461,14.04941357,1.0,0.0,100.0,7.06391,lung_small_cell_carcinoma,MSS/MSI-L,Adherent,FGFR1;FGFR2;FGFR3,Oncogenic signal,RTK,EGFR;ERBB*,Oncogenic signal,RTK
NCI-H1975,CSNK2A1_2,CarboTaxol,0.03,0.01,0.022717917,2.3755202,0.0,0.00252952,3.3479375,25.77505686,-15.92722,lung_NSCLC_adenocarcinoma,MSS/MSI-L,Adherent,CSNK2A1,Oncogenic signal,STK,DNA,DNA repair,Chemo
J82,PIK3C,PARP1,3.0,3.0,1.189026858,0.5614499,0.0,3.0,0.1543228,54.88319493,10.35026,Bladder,MSS/MSI-L,Adherent,PIK3C*,Oncogenic signal,AKT/PI3K,PARP1,DNA repair,DNA Damage Response
HCC1395,BCL2_BCL2L1,ATR_4,1.0,1.0,0.0001,0.1,86.96087499,0.453450223,1.4525592,0.0,10.15432,breast,MSS/MSI-L,Adherent,BCL2;BCL2L1,Cell death,Apoptosis,ATR,DNA repair,DNA Damage Response
HCC38,PIK3CA_4,ERBB,1.0,1.0,1.0,10.0,87.00025981,0.017670757,10.0,94.49667688,8.18666,breast,MSS/MSI-L,Adherent,PIK3CA,Oncogenic signal,AKT/PI3K,EGFR;ERBB*,Oncogenic signal,RTK
Calu-6,PIK3CB,IAP,3.0,1.0,1.0,0.0,100.0,0.0001,0.1,54.63432749,9.755277,lung_NSCLC_adenocarcinoma,MSS/MSI-L,Adherent,PIK3CB,Oncogenic signal,AKT/PI3K,NIAP;XIAP;BIRC2;BIRC3,Cell death,Apoptosis
Calu-6,Vinorelbine,BCL2_2,0.03,3.0,0.01560194,2.5832102,36.85410207,1.0,0.0,100.0,12.38488,lung_NSCLC_adenocarcinoma,MSS/MSI-L,Adherent,microtubule;TUBB,DNA repair,Chemo,BCL2,Cell death,Apoptosis
Calu-6,IAP,ATR_4,1.0,3.0,0.012641843,0.1,33.18213974,1.163284078,10.0,55.6965953,-24.08678,lung_NSCLC_adenocarcinoma,MSS/MSI-L,Adherent,NIAP;XIAP;BIRC2;BIRC3,Cell death,Apoptosis,ATR,DNA repair,DNA Damage Response
HT-1197,Gemcitabine,ATM,0.1,3.0,0.007324043,3.2664685,27.18859927,1.0,0.0,100.0,11.54289,Bladder,MSS/MSI-L,Adherent,DNA;RRM1;TYMS;CMPK1,Cell death,Chemo,ATM,DNA repair,DNA Damage Response
HCC1395,MTOR_1,FGFR,1.0,1.0,0.362513239,1.329707,30.76640912,0.012555043,1.7705714,51.98260189,47.21145,breast,MSS/MSI-L,Adherent,MTOR,Oncogenic signal,AKT/PI3K,FGFR1;FGFR2;FGFR3,Oncogenic signal,RTK
VM-CUB-1,PIK3C,MAP2K_1,3.0,3.0,3.0,3.4798286,6.20032633,0.308199351,1.114151,71.15549865,62.30205,Bladder,MSS/MSI-L,Adherent,PIK3C*,Oncogenic signal,AKT/PI3K,MAP2K1;MAP2K2,Oncogenic signal,MAPK
NCI-H2228,TOP2_2,IAP,3.0,0.3,0.301794706,0.766433,10.86138801,0.012673077,0.6069399,22.88017482,67.67004,lung_NSCLC_adenocarcinoma,MSS/MSI-L,Adherent,TOP2*,DNA repair,Chemo,NIAP;XIAP;BIRC2;BIRC3,Cell death,Apoptosis
NCI-H1703,Proteasome_2,FGFR,0.1,3.0,0.002212558,3.1176491,1.70475336,1.937457758,1.1428852,0.0,9.185287,lung_NSCLC_adenocarcinoma,MSS/MSI-L,Adherent,Proteasome,Cell death,Apoptosis,FGFR1;FGFR2;FGFR3,Oncogenic signal,RTK
HCC1143,PIK3CB_PIK3CD,ALK_IGFR,1.0,1.0,1.0,0.751241,12.73973125,1.0,3.7807871,86.00092984,10.02868,breast,MSS/MSI-L,Adherent,PIK3CB;PIK3CD,Oncogenic signal,AKT/PI3K,ALK;IGF*R,Oncogenic signal,AKT/PI3K
VM-CUB-1,PIK3C,MTOR_1,3.0,1.0,1.685067568,1.6984334,30.27457566,0.373169992,2.6877481,39.82780551,35.7663,Bladder,MSS/MSI-L,Adherent,PIK3C*,Oncogenic signal,AKT/PI3K,MTOR,Oncogenic signal,AKT/PI3K
HCC1395,Chloroquine,AKT,10.0,3.0,1.688081588,0.255378,0.0,0.092825489,0.1412925,0.0,-17.89879,breast,MSS/MSI-L,Adherent,Thiamine,other,other,AKT1;AKT2;AKT3,Oncogenic signal,AKT/PI3K
HCC1419,Chloroquine,AKT,10.0,3.0,3.477134051,10.0,78.49944197,0.570796649,0.4510666,0.0,15.59449,breast,MSS/MSI-L,Adherent,Thiamine,other,other,AKT1;AKT2;AKT3,Oncogenic signal,AKT/PI3K
MCF7,PIK3C,MAP2K_3,3.0,0.3,0.234712522,1.2156361,6.50756272,0.3,0.2879401,7.14500602,23.38687,breast,MSS/MSI-L,Adherent,PIK3C*,Oncogenic signal,AKT/PI3K,MAP2K*,Oncogenic signal,MAPK
NCI-H3122,IAP,CHEK1,0.3,1.0,0.3,0.2641944,46.55295254,0.192822657,2.0083966,0.0,31.89378,lung_NSCLC_adenocarcinoma,MSS/MSI-L,Adherent,NIAP;XIAP;BIRC2;BIRC3,Cell death,Apoptosis,CHEK1,DNA repair,DNA Damage Response
HCC1187,FASN,BCL2_BCL2L1,1.0,1.0,0.283677389,10.0,93.39989994,1.0,0.0,100.0,14.98927,breast,MSS/MSI-L,Suspension,FASN,Metabolism,Metabolism,BCL2;BCL2L1,Cell death,Apoptosis
BT-549,PIK3C,MAP2K_1,1.0,1.0,0.254794979,2.6253642,30.66747233,1.0,0.4679427,56.06665641,20.95243,breast,MSS/MSI-L,Adherent,PIK3C*,Oncogenic signal,AKT/PI3K,MAP2K1;MAP2K2,Oncogenic signal,MAPK
647-V,MAP2K_1,BCL2_BCL2L1,1.0,3.0,0.325998104,4.1234556,83.13596479,1.129252576,1.0653237,46.56226842,25.703,Bladder,MSS/MSI-L,Adherent,MAP2K1;MAP2K2,Oncogenic signal,MAPK,BCL2;BCL2L1,Cell death,Apoptosis
NCI-H2085,Topotecan,BCL2,1.0,3.0,0.127318913,0.9994686,29.0002997,1.307554321,1.2147287,0.0,13.32488,lung_NSCLC_adenocarcinoma,MSS/MSI-L,Adherent,TOP1;TOP1MT;DNA,DNA repair,Chemo,BCL2,Cell death,Apoptosis
HCC1500,FGFR,BCL2_BCL2L1_BCL2L2,1.0,1.0,0.02179156,1.0353823,66.85493887,0.056034986,1.3772561,0.0,25.22466,breast,MSS/MSI-L,Adherent,FGFR1;FGFR2;FGFR3,Oncogenic signal,RTK,BCL2;BCL2L1;BCL2L2,Cell death,Apoptosis
NCI-H1437,PIK3CA_3,CSNK2A1_2,3.0,0.1,3.0,0.4053857,35.42044311,0.009025196,2.9538758,10.85526812,19.86072,lung_NSCLC_adenocarcinoma,MSS/MSI-L,Adherent,PIK3CA,Oncogenic signal,AKT/PI3K,CSNK2A1,Oncogenic signal,STK
MFM-223,SLC16A4,PIK3CB_PIK3CD,1.0,1.0,1.0,0.0,100.0,0.339304461,10.0,82.29963797,31.13613,breast,MSS/MSI-L,Adherent,SLC16A3;SLC16A4,Metabolism,Metabolism,PIK3CB;PIK3CD,Oncogenic signal,AKT/PI3K
J82,PIK3C,Cisplatin,3.0,3.0,1.536398394,0.6444622,0.0,0.491359844,1.1452514,0.0,5.223886,Bladder,MSS/MSI-L,Adherent,PIK3C*,Oncogenic signal,AKT/PI3K,DNA,DNA repair,Chemo
NCI-H747,IGFR_4,BCL2,10.0,3.0,2.586367967,0.2724506,0.0,1.360582841,0.9586788,0.0,-9.621489,large_intestine,MSS/MSI-L,Adherent,IGF*R,Oncogenic signal,RTK,BCL2,Cell death,Apoptosis
HT-1197,IAP,CHEK1,3.0,1.0,3.0,10.0,8.40016946,0.301193728,10.0,29.3994347,-4.976149,Bladder,MSS/MSI-L,Adherent,NIAP;XIAP;BIRC2;BIRC3,Cell death,Apoptosis,CHEK1,DNA repair,DNA Damage Response
Calu-6,MAP2K_1,BRAF_M2,3.0,3.0,1.176056085,10.0,50.2957392,2.936840078,10.0,0.0,200.755,lung_NSCLC_adenocarcinoma,MSS/MSI-L,Adherent,MAP2K1;MAP2K2,Oncogenic signal,MAPK,BRAF_V600E,Oncogenic signal,MAPK
HCC1143,EGFR,AKT_1,0.1,1.0,0.002285489,1.0904982,65.65144773,1.0,0.4602867,48.66711623,23.01569,breast,MSS/MSI-L,Adherent,EGFR,Oncogenic signal,RTK,AKT*,Oncogenic signal,AKT/PI3K
MCF7,MTOR_1,ESR1_1,1.0,3.0,0.072792534,1.5589314,10.64178974,0.5048033,0.126678,0.0,43.65398,breast,MSS/MSI-L,Adherent,MTOR,Oncogenic signal,AKT/PI3K,ESR1,Oncogenic signal,Hormonal
RKO,PARP1,IAP,10.0,1.0,4.123887254,10.0,42.29179174,0.009931242,1.0167467,83.40919344,68.72678,large_intestine,MSI-H,Adherent,PARP1,DNA repair,DNA Damage Response,NIAP;XIAP;BIRC2;BIRC3,Cell death,Apoptosis
NCI-H1793,PIK3C,IAP,3.0,3.0,0.653750903,0.9234251,1.80183464,3.0,0.4234064,41.72028632,26.44613,lung_NSCLC_adenocarcinoma,MSS/MSI-L,Adherent,PIK3C*,Oncogenic signal,AKT/PI3K,NIAP;XIAP;BIRC2;BIRC3,Cell death,Apoptosis
BT-20,SLC16A4,PIK3CB_PIK3CD,1.0,1.0,0.403801427,0.7052304,85.20228916,0.140675261,1.5382874,85.41725415,13.51456,breast,MSS/MSI-L,Adherent,SLC16A3;SLC16A4,Metabolism,Metabolism,PIK3CB;PIK3CD,Oncogenic signal,AKT/PI3K
MDA-MB-361,PARP1,HSP90,1.0,1.0,1.0,0.0,100.0,0.113789856,2.0013635,4.22868574,1.679611,breast,MSS/MSI-L,Adherent,PARP1,DNA repair,DNA Damage Response,HSP90AA1,Cell death,Apoptosis
SW780,HDAC_4,Cisplatin,3.0,3.0,0.819844754,0.4804785,0.0,3.0,2.270487,33.2512007,2.97875,Bladder,MSS/MSI-L,Adherent,HDAC*,Differentiation,Epigenetic,DNA,DNA repair,Chemo
NCI-H358,TOP2,Doxorubicin,3.0,0.1,3.0,0.9805235,77.20746037,0.027322967,1.7876831,16.27319408,44.68916,lung_NSCLC_adenocarcinoma,MSS/MSI-L,Adherent,TOP2*;PRKDC,DNA repair,DNA Damage Response,TOP*;DNMT1,DNA repair,Chemo
NCI-H747,PIK3C,IAP,10.0,1.0,0.871348994,0.8007209,23.59191338,0.856175261,0.2455091,0.0,40.83189,large_intestine,MSS/MSI-L,Adherent,PIK3C*,Oncogenic signal,AKT/PI3K,NIAP;XIAP;BIRC2;BIRC3,Cell death,Apoptosis
C32,IGFR_4,BCL2,10.0,3.0,2.885179588,1.7899777,2.56876512,0.240211894,1.2350456,0.0,-64.85006,melanoma,MSS/MSI-L,Adherent,IGF*R,Oncogenic signal,RTK,BCL2,Cell death,Apoptosis
CAL-51,PIK3CB_PIK3CD,AKT_1,1.0,1.0,0.350489048,10.0,89.09969194,0.303868458,2.6180578,69.52861221,0.33427,breast,MSS/MSI-L,Adherent,PIK3CB;PIK3CD,Oncogenic signal,AKT/PI3K,AKT*,Oncogenic signal,AKT/PI3K
HCC1954,MTOR_1,ESR1_3,1.0,3.0,0.055037166,1.0169235,13.07077511,0.00199982,0.1,57.24770341,11.49364,breast,MSS/MSI-L,Adherent,MTOR,Oncogenic signal,AKT/PI3K,ESR1,Oncogenic signal,Hormonal
HCC1937,PIK3C,PARP1,1.0,3.0,0.459212937,0.9895939,50.60120261,3.0,0.832937,52.19853714,12.50627,breast,MSS/MSI-L,Adherent,PIK3C*,Oncogenic signal,AKT/PI3K,PARP1,DNA repair,DNA Damage Response
DU-4475,PIK3C,PARP1,1.0,3.0,0.248476135,10.0,1.39799637,0.86883404,2.1342484,25.43384821,53.62118,breast,MSS/MSI-L,Suspension,PIK3C*,Oncogenic signal,AKT/PI3K,PARP1,DNA repair,DNA Damage Response
HCC1187,PIK3C,IAP,3.0,3.0,3.0,10.0,92.00130068,2.995269214,9.9999993,92.65943844,-37.31287,breast,MSS/MSI-L,Suspension,PIK3C*,Oncogenic signal,AKT/PI3K,NIAP;XIAP;BIRC2;BIRC3,Cell death,Apoptosis
MFM-223,ESR1,AKT_1,1.0,1.0,0.112109311,10.0,90.89977166,0.229422706,0.8624146,8.5816363,-2.276035,breast,MSS/MSI-L,Adherent,ESR1,Oncogenic signal,Hormonal,AKT*,Oncogenic signal,AKT/PI3K
BT-20,PIK3CB_PIK3CD,ALK_IGFR,1.0,1.0,0.389188182,10.0,82.59861255,0.973059222,1.3689735,0.0,23.04888,breast,MSS/MSI-L,Adherent,PIK3CB;PIK3CD,Oncogenic signal,AKT/PI3K,ALK;IGF*R,Oncogenic signal,AKT/PI3K
NCI-H520,MTOR_3,FGFR,3.0,3.0,0.00037037,0.1,26.07131167,0.046632761,10.0,70.24880605,78.08926,lung_NSCLC_squamous_cell_carcinoma,MSS/MSI-L,Adherent,MTOR,Oncogenic signal,AKT/PI3K,FGFR1;FGFR2;FGFR3,Oncogenic signal,RTK
CAL-51,MTOR_1,FGFR,1.0,1.0,0.29715086,1.3447018,7.70769574,1.0,0.297191,71.49810509,18.78778,breast,MSS/MSI-L,Adherent,MTOR,Oncogenic signal,AKT/PI3K,FGFR1;FGFR2;FGFR3,Oncogenic signal,RTK
BT-20,MAP2K_3,BRAF_M2,0.3,3.0,0.003411947,0.5274643,67.6512679,1.06818568,2.0282185,78.52672667,30.27155,breast,MSS/MSI-L,Adherent,MAP2K*,Oncogenic signal,MAPK,BRAF_V600E,Oncogenic signal,MAPK
CAL-120,PIK3CB_PIK3CD,PARP1,1.0,3.0,0.514551399,0.6778796,39.61482744,0.175690508,1.4896276,60.91551933,7.779486,breast,MSS/MSI-L,Adherent,PIK3CB;PIK3CD,Oncogenic signal,AKT/PI3K,PARP1,DNA repair,DNA Damage Response
CAL-51,EGFR,AKT_1,0.1,1.0,1.0,0.0,100.0,0.977003008,1.0188974,19.31764302,-21.38677,breast,MSS/MSI-L,Adherent,EGFR,Oncogenic signal,RTK,AKT*,Oncogenic signal,AKT/PI3K
MDA-MB-436,PIM1,PIK3C,1.0,1.0,1.0,0.5661633,82.72573689,0.275838507,2.0665695,51.42680753,16.72996,breast,MSS/MSI-L,Adherent,PIM1,Oncogenic signal,STK,PIK3C*,Oncogenic signal,AKT/PI3K
MDA-MB-436,MTOR_1,ATR_4,1.0,1.0,0.17074674,2.8807603,25.69410527,0.31352356,10.0,62.1996035,-10.64616,breast,MSS/MSI-L,Adherent,MTOR,Oncogenic signal,AKT/PI3K,ATR,DNA repair,DNA Damage Response
HCC1937,PIK3C,MAP2K_1,1.0,1.0,0.222158611,1.284643,60.84537845,1.0,0.4340813,56.5089461,19.42189,breast,MSS/MSI-L,Adherent,PIK3C*,Oncogenic signal,AKT/PI3K,MAP2K1;MAP2K2,Oncogenic signal,MAPK
NCI-H1975,CSNK2A1_2,BCL2,0.03,3.0,0.01158232,10.0,34.79520249,0.977554641,10.0,76.99966542,14.08155,lung_NSCLC_adenocarcinoma,MSS/MSI-L,Adherent,CSNK2A1,Oncogenic signal,STK,BCL2,Cell death,Apoptosis
C32,PTK2,MAP2K_1,3.0,3.0,0.562527925,2.7645447,6.09246385,0.160678336,0.9955753,14.19595586,13.49706,melanoma,MSS/MSI-L,Adherent,PTK2*,Differentiation,EMT/migration,MAP2K1;MAP2K2,Oncogenic signal,MAPK
LS-513,Oxaliplatin,BCL2,10.0,3.0,0.006302094,0.9305163,3.86907145,0.61050039,1.3634949,0.0,16.03098,large_intestine,MSS/MSI-L,Adherent,DNA,DNA repair,Chemo,BCL2,Cell death,Apoptosis
HCC1395,MAP2K_1,AKT_SGK,1.0,1.0,1.0,0.2744375,57.21126681,0.484626343,0.5899566,0.0,32.23424,breast,MSS/MSI-L,Adherent,MAP2K1;MAP2K2,Oncogenic signal,MAPK,AKT*;SGK*,Oncogenic signal,AKT/PI3K
CAMA-1,BCL2_BCL2L1,AKT_1,1.0,1.0,0.328914526,1.5724274,86.86299857,0.334437707,3.0031935,26.97689791,15.16021,breast,MSS/MSI-L,Adherent,BCL2;BCL2L1,Cell death,Apoptosis,AKT*,Oncogenic signal,AKT/PI3K
CAL-148,MTOR_1,ALK_IGFR,1.0,1.0,0.441427986,1.0461187,55.61140026,1.0,0.0,100.0,-6.153994,breast,MSS/MSI-L,Suspension,MTOR,Oncogenic signal,AKT/PI3K,ALK;IGF*R,Oncogenic signal,AKT/PI3K
SW780,FGFR,Cisplatin,3.0,3.0,3.0,10.0,68.20105017,3.0,1.2986911,44.71063207,-4.292409,Bladder,MSS/MSI-L,Adherent,FGFR1;FGFR2;FGFR3,Oncogenic signal,RTK,DNA,DNA repair,Chemo
MDA-MB-415,BCL2L1,AKT_1,3.0,3.0,0.073254933,0.6051695,84.73875122,0.298742772,0.7899493,27.69593211,86.93647,breast,MSS/MSI-L,Adherent,BCL2L1,Cell death,Apoptosis,AKT*,Oncogenic signal,AKT/PI3K
HCC1187,PIK3CB_PIK3CD,AKT_1,1.0,1.0,1.0,0.9151058,42.02544578,0.354116837,0.6810646,8.8558389,33.8373,breast,MSS/MSI-L,Suspension,PIK3CB;PIK3CD,Oncogenic signal,AKT/PI3K,AKT*,Oncogenic signal,AKT/PI3K
NCI-H1793,Vinorelbine,BCL2L1,0.1,3.0,0.020399404,4.6648181,14.4518466,2.725769826,0.5765762,13.16010543,27.19964,lung_NSCLC_adenocarcinoma,MSS/MSI-L,Adherent,microtubule;TUBB,DNA repair,Chemo,BCL2L1,Cell death,Apoptosis
NCI-H2228,Topotecan,BCL2,0.1,3.0,0.062301606,1.1812179,0.0,2.012226846,1.1896243,0.0,21.5562,lung_NSCLC_adenocarcinoma,MSS/MSI-L,Adherent,TOP1;TOP1MT;DNA,DNA repair,Chemo,BCL2,Cell death,Apoptosis
TCCSUP,MTOR_1,ERBB,1.0,3.0,0.929227732,1.0086034,2.16904082,3.0,0.2289638,79.39253192,23.59868,Bladder,MSS/MSI-L,Adherent,MTOR,Oncogenic signal,AKT/PI3K,EGFR;ERBB*,Oncogenic signal,RTK
HCC1187,MTOR_1,ERBB,1.0,1.0,0.264869827,10.0,12.2998499,1.0,0.0,100.0,-0.6242202,breast,MSS/MSI-L,Suspension,MTOR,Oncogenic signal,AKT/PI3K,EGFR;ERBB*,Oncogenic signal,RTK
T47D,HDAC_4,AKT,1.0,1.0,1.0,0.0,100.0,0.107740911,10.0,43.74912299,23.01883,breast,MSS/MSI-L,Adherent,HDAC*,Differentiation,Epigenetic,AKT1;AKT2;AKT3,Oncogenic signal,AKT/PI3K
NCI-H747,PIK3C,MAP2K_1,10.0,3.0,1.277764433,0.5805428,14.118739,0.099431901,0.6920232,31.47585659,44.36795,large_intestine,MSS/MSI-L,Adherent,PIK3C*,Oncogenic signal,AKT/PI3K,MAP2K1;MAP2K2,Oncogenic signal,MAPK
NCI-H358,CarboTaxol,ATR_4,0.01,3.0,0.001489027,2.2630206,24.21061238,1.137383303,10.0,75.49849278,-45.68157,lung_NSCLC_adenocarcinoma,MSS/MSI-L,Adherent,DNA,DNA repair,Chemo,ATR,DNA repair,DNA Damage Response
SW780,MAP2K_1,ATR_4,3.0,3.0,1.221820781,3.5456876,46.2656394,1.657457913,10.0,84.25839812,-18.09751,Bladder,MSS/MSI-L,Adherent,MAP2K1;MAP2K2,Oncogenic signal,MAPK,ATR,DNA repair,DNA Damage Response
NCI-H1437,CSNK2A1_2,Carboplatin,0.1,3.0,0.009891581,10.0,13.69932827,1.586245433,1.0540708,0.0,-18.86533,lung_NSCLC_adenocarcinoma,MSS/MSI-L,Adherent,CSNK2A1,Oncogenic signal,STK,DNA,DNA repair,Chemo
NCI-H226,CarboTaxol,BCL2L1,0.01,3.0,0.001604559,1.3532907,13.93384443,3.0,0.3200215,19.43804175,36.85192,lung_NSCLC_squamous_cell_carcinoma,MSS/MSI-L,Adherent,DNA,DNA repair,Chemo,BCL2L1,Cell death,Apoptosis
647-V,PARP1,Gemcitabine,3.0,0.1,3.0,0.6527785,46.91729919,0.004799331,3.4740091,0.0,17.45411,Bladder,MSS/MSI-L,Adherent,PARP1,DNA repair,DNA Damage Response,DNA;RRM1;TYMS;CMPK1,Cell death,Chemo
MDA-MB-436,FGFR,AKT_SGK,1.0,1.0,1.0,0.7316868,78.54896376,0.286619595,10.0,62.0997781,-11.19866,breast,MSS/MSI-L,Adherent,FGFR1;FGFR2;FGFR3,Oncogenic signal,RTK,AKT*;SGK*,Oncogenic signal,AKT/PI3K
BT-20,PIM1,MAP2K_1,1.0,1.0,1.0,0.9438051,39.06938575,0.102976096,0.8329225,45.07137213,25.60739,breast,MSS/MSI-L,Adherent,PIM1,Oncogenic signal,STK,MAP2K1;MAP2K2,Oncogenic signal,MAPK
T47D,BCL2L1,AKT_1,3.0,3.0,3.0,0.3468108,72.86591562,0.044043765,0.7950743,28.51331673,-2.339365,breast,MSS/MSI-L,Adherent,BCL2L1,Cell death,Apoptosis,AKT*,Oncogenic signal,AKT/PI3K
CAL-148,EGFR,AKT_1,0.1,1.0,1.0,0.0,100.0,0.201394105,1.3629929,18.67872623,2.736998,breast,MSS/MSI-L,Suspension,EGFR,Oncogenic signal,RTK,AKT*,Oncogenic signal,AKT/PI3K
CAL-51,PIK3C,AKT_SGK,1.0,1.0,1.0,0.9204121,14.64740159,0.178206159,2.0544834,28.69294767,17.15858,breast,MSS/MSI-L,Adherent,PIK3C*,Oncogenic signal,AKT/PI3K,AKT*;SGK*,Oncogenic signal,AKT/PI3K
BT-549,BCL2_BCL2L1,AKT_1,1.0,1.0,0.05907001,0.8392119,80.84011284,0.124890778,0.8302596,44.68942546,8.523461,breast,MSS/MSI-L,Adherent,BCL2;BCL2L1,Cell death,Apoptosis,AKT*,Oncogenic signal,AKT/PI3K
MDA-MB-361,FGFR,BCL2_BCL2L1_BCL2L2,1.0,1.0,0.275798232,10.0,91.69970564,0.308438455,10.0,77.49976254,-0.3315716,breast,MSS/MSI-L,Adherent,FGFR1;FGFR2;FGFR3,Oncogenic signal,RTK,BCL2;BCL2L1;BCL2L2,Cell death,Apoptosis
MDA-MB-231,FGFR,BCL2_BCL2L1,1.0,1.0,1.0,0.0,100.0,0.31633749,10.0,58.6995703,14.14945,breast,MSS/MSI-L,Adherent,FGFR1;FGFR2;FGFR3,Oncogenic signal,RTK,BCL2;BCL2L1,Cell death,Apoptosis
NCI-H2170,Topotecan,PIK3CB,0.1,3.0,0.06022704,1.7717237,0.0,3.0,0.3530209,43.68411514,-20.1891,lung_NSCLC_squamous_cell_carcinoma,MSS/MSI-L,Adherent,TOP1;TOP1MT;DNA,DNA repair,Chemo,PIK3CB,Oncogenic signal,AKT/PI3K
MDA-MB-231,PIK3CB_PIK3CD,ALK_IGFR,1.0,1.0,0.348510167,10.0,88.49969347,1.0,10.0,84.20006856,38.33444,breast,MSS/MSI-L,Adherent,PIK3CB;PIK3CD,Oncogenic signal,AKT/PI3K,ALK;IGF*R,Oncogenic signal,AKT/PI3K
Hs-578-T,PIM1,MAP2K_1,1.0,1.0,0.0001,0.1,86.65769564,1.0,0.7843512,52.2143776,15.62016,breast,MSS/MSI-L,Adherent,PIM1,Oncogenic signal,STK,MAP2K1;MAP2K2,Oncogenic signal,MAPK
HCC1937,EGFR,AKT,0.1,1.0,0.004057102,0.5411439,76.98863341,0.135855927,0.9391834,65.83930223,23.68558,breast,MSS/MSI-L,Adherent,EGFR,Oncogenic signal,RTK,AKT1;AKT2;AKT3,Oncogenic signal,AKT/PI3K
BT-474,AKT_1,AKT,1.0,1.0,0.189261026,2.1698898,10.7305908,0.172964316,2.3284833,14.51593159,6.303474,breast,MSS/MSI-L,Adherent,AKT*,Oncogenic signal,AKT/PI3K,AKT1;AKT2;AKT3,Oncogenic signal,AKT/PI3K
SW48,TKI,MAP2K_1,3.0,3.0,0.007030606,0.6198051,22.1487544,0.074402335,0.871457,21.42622431,69.31692,large_intestine,MSI-H,Adherent,KDR;EGFR;RET,Oncogenic signal,RTK,MAP2K1;MAP2K2,Oncogenic signal,MAPK
SW837,IGFR_4,IAP,10.0,1.0,0.94977387,0.672925,0.0,1.0,0.8050843,32.90983886,46.17249,large_intestine,MSS/MSI-L,Adherent,IGF*R,Oncogenic signal,RTK,NIAP;XIAP;BIRC2;BIRC3,Cell death,Apoptosis
CAL-148,PIK3CA_4,BCL2_BCL2L1,1.0,1.0,0.293728322,10.0,61.99975369,0.665989072,0.9116253,0.0,-7.164776,breast,MSS/MSI-L,Suspension,PIK3CA,Oncogenic signal,AKT/PI3K,BCL2;BCL2L1,Cell death,Apoptosis
MDA-MB-361,MAP2K_3,BRAF_M2,0.3,3.0,0.3,0.2561209,48.40172306,3.0,0.3309533,23.48052302,32.96116,breast,MSS/MSI-L,Adherent,MAP2K*,Oncogenic signal,MAPK,BRAF_V600E,Oncogenic signal,MAPK
SW837,MAP2K_1,IGFR_3,3.0,10.0,0.200593425,1.1539936,54.1264067,5.796775058,1.6352527,63.09581011,27.49451,large_intestine,MSS/MSI-L,Adherent,MAP2K1;MAP2K2,Oncogenic signal,MAPK,IGF*R,Oncogenic signal,RTK
HT-1376,Cisplatin,AKT,3.0,3.0,0.903796337,0.9391492,16.80411619,0.220206407,0.7561132,26.16972079,3.553551,Bladder,MSS/MSI-L,Adherent,DNA,DNA repair,Chemo,AKT1;AKT2;AKT3,Oncogenic signal,AKT/PI3K
NCI-H1437,TOP2_2,IAP,3.0,1.0,0.507669479,1.1803752,1.75050748,1.0,0.3276377,26.18793393,43.32659,lung_NSCLC_adenocarcinoma,MSS/MSI-L,Adherent,TOP2*,DNA repair,Chemo,NIAP;XIAP;BIRC2;BIRC3,Cell death,Apoptosis
UM-UC-3,PARP1,HDAC_4,3.0,3.0,3.0,0.9530098,78.54948057,1.157874781,10.0,27.49468173,11.96227,Bladder,MSS/MSI-L,Adherent,PARP1,DNA repair,DNA Damage Response,HDAC*,Differentiation,Epigenetic
SW900,TNFSF10,CSNK2A1_2,0.03,0.01,0.003159673,2.02469,4.67373487,0.003962395,1.2289763,5.96521848,-14.3826,lung_NSCLC_squamous_cell_carcinoma,MSS/MSI-L,Adherent,TNFSF10,Cell death,Apoptosis,CSNK2A1,Oncogenic signal,STK
HCC1395,PIK3C,MTOR_1,1.0,1.0,0.834539415,1.1536143,0.0,0.349660327,1.1571033,21.87009464,2.770118,breast,MSS/MSI-L,Adherent,PIK3C*,Oncogenic signal,AKT/PI3K,MTOR,Oncogenic signal,AKT/PI3K
MDA-MB-415,ESR1_1,AKT_1,3.0,3.0,3.0,0.2513992,61.49512387,0.267076135,1.1606021,34.72575018,49.00117,breast,MSS/MSI-L,Adherent,ESR1,Oncogenic signal,Hormonal,AKT*,Oncogenic signal,AKT/PI3K
MDA-MB-436,AKT,ADAM17,1.0,75.0,0.180147182,3.0950757,75.7680796,1.0,0.0,100.0,-4.212955,breast,MSS/MSI-L,Adherent,AKT1;AKT2;AKT3,Oncogenic signal,AKT/PI3K,ADAM17,Differentiation,EMT/migration
DMS-114,PIK3C,ADAM17,3.0,10.0,1.344408466,0.8486816,0.0,0.001,0.1,89.21370468,4.655709,lung_small_cell_carcinoma,MSS/MSI-L,Adherent,PIK3C*,Oncogenic signal,AKT/PI3K,ADAM17,Differentiation,EMT/migration
MDA-MB-415,PIK3C,ESR1_1,3.0,3.0,1.998264755,1.0648338,0.0,0.01630744,0.1,61.22836666,13.63751,breast,MSS/MSI-L,Adherent,PIK3C*,Oncogenic signal,AKT/PI3K,ESR1,Oncogenic signal,Hormonal
BT-20,PIP5K1,PIK3C,1.0,1.0,1.0,1.5796892,64.81741776,0.764675936,0.7575403,0.0,10.77428,breast,MSS/MSI-L,Adherent,PIP5K1*,Metabolism,Metabolism,PIK3C*,Oncogenic signal,AKT/PI3K
HCC1143,PIM1,MAP2K_1,1.0,1.0,1.0,0.0,100.0,0.20094453,0.5529091,34.57631815,14.76144,breast,MSS/MSI-L,Adherent,PIM1,Oncogenic signal,STK,MAP2K1;MAP2K2,Oncogenic signal,MAPK
T-24,PIM1,MAP2K_1,3.0,3.0,1.0,0.0,100.0,0.300348627,1.1875173,23.169185,5.013978,Bladder,MSS/MSI-L,Adherent,PIM1,Oncogenic signal,STK,MAP2K1;MAP2K2,Oncogenic signal,MAPK
HCC70,MAP2K_1,ADAM17,1.0,75.0,0.031874888,10.0,81.29991242,1.0,0.0,100.0,11.17007,breast,MSS/MSI-L,Adherent,MAP2K1;MAP2K2,Oncogenic signal,MAPK,ADAM17,Differentiation,EMT/migration
HCC70,MAP2K_1,ATR_4,1.0,1.0,0.120771379,0.999181,55.10489565,1.0,1.1097078,31.94493634,-7.353235,breast,MSS/MSI-L,Adherent,MAP2K1;MAP2K2,Oncogenic signal,MAPK,ATR,DNA repair,DNA Damage Response
NCI-H838,MAP2K_1,BRAF_M2,3.0,3.0,0.675004467,0.3850162,49.88677569,1.330528086,1.1569042,73.49232866,60.77705,lung_NSCLC_adenocarcinoma,MSS/MSI-L,Adherent,MAP2K1;MAP2K2,Oncogenic signal,MAPK,BRAF_V600E,Oncogenic signal,MAPK
UM-UC-3,TNF,AKT,0.03,3.0,0.001552593,0.3995503,39.4393991,1.118588186,10.0,81.69904698,52.74759,Bladder,MSS/MSI-L,Adherent,TNFA,Cell death,Apoptosis,AKT1;AKT2;AKT3,Oncogenic signal,AKT/PI3K
CAL-148,MTOR_1,FGFR,1.0,1.0,0.234056431,2.4505796,70.35584975,1.0,0.0,100.0,3.410365,breast,MSS/MSI-L,Suspension,MTOR,Oncogenic signal,AKT/PI3K,FGFR1;FGFR2;FGFR3,Oncogenic signal,RTK
MDA-MB-436,BCL2_BCL2L1,AKT_SGK,1.0,1.0,0.282726366,10.0,88.19993932,0.249516095,3.1794867,67.30927714,-0.3813019,breast,MSS/MSI-L,Adherent,BCL2;BCL2L1,Cell death,Apoptosis,AKT*;SGK*,Oncogenic signal,AKT/PI3K
NCI-H2085,MTOR_1,ALK,3.0,3.0,0.360763702,0.5927046,0.0,0.582786568,1.5530122,0.0,1.119112,lung_NSCLC_adenocarcinoma,MSS/MSI-L,Adherent,MTOR,Oncogenic signal,AKT/PI3K,ALK,Oncogenic signal,AKT/PI3K
NCI-H1437,MAP2K_1,BRAF_M2,3.0,3.0,0.221471039,0.6483475,10.41647417,1.200511247,10.0,83.39825184,11.02952,lung_NSCLC_adenocarcinoma,MSS/MSI-L,Adherent,MAP2K1;MAP2K2,Oncogenic signal,MAPK,BRAF_V600E,Oncogenic signal,MAPK
MDA-MB-231,ESR1,AKT_1,1.0,1.0,1.0,0.0,100.0,0.240753169,1.6934801,85.23036209,1.7249,breast,MSS/MSI-L,Adherent,ESR1,Oncogenic signal,Hormonal,AKT*,Oncogenic signal,AKT/PI3K
MDA-MB-436,MTOR_1,FASN,1.0,1.0,0.181697703,2.6424512,26.45543901,1.0,10.0,91.40004727,0.463901,breast,MSS/MSI-L,Adherent,MTOR,Oncogenic signal,AKT/PI3K,FASN,Metabolism,Metabolism
CAL-148,EGFR,AKT,0.1,1.0,1.0,0.0,100.0,0.162319599,1.3631106,2.02655845,-2.131063,breast,MSS/MSI-L,Suspension,EGFR,Oncogenic signal,RTK,AKT1;AKT2;AKT3,Oncogenic signal,AKT/PI3K
HCC1428,MTOR_1,MAP2K_1,1.0,1.0,0.313476237,10.0,48.19947319,1.0,0.0,100.0,3.243592,breast,MSS/MSI-L,Adherent,MTOR,Oncogenic signal,AKT/PI3K,MAP2K1;MAP2K2,Oncogenic signal,MAPK
HCC70,PIK3C,AKT_SGK,1.0,1.0,0.688612007,1.2164847,0.0,0.471913734,0.940141,0.0,4.560273,breast,MSS/MSI-L,Adherent,PIK3C*,Oncogenic signal,AKT/PI3K,AKT*;SGK*,Oncogenic signal,AKT/PI3K
NCI-H1437,IAP,Doxorubicin,1.0,0.3,1.0,0.1486444,26.45050102,0.029629752,2.2133414,6.84071371,32.19862,lung_NSCLC_adenocarcinoma,MSS/MSI-L,Adherent,NIAP;XIAP;BIRC2;BIRC3,Cell death,Apoptosis,TOP*;DNMT1,DNA repair,Chemo
NCI-H3122,Topotecan,PIK3CB,0.1,3.0,0.019184922,1.4800887,0.0,3.0,0.3254783,66.14619748,-9.509719,lung_NSCLC_adenocarcinoma,MSS/MSI-L,Adherent,TOP1;TOP1MT;DNA,DNA repair,Chemo,PIK3CB,Oncogenic signal,AKT/PI3K
BT-20,PIK3C,AKT_1,1.0,1.0,0.32337057,1.1071206,34.43183296,0.182132418,0.8560683,65.68364506,32.94524,breast,MSS/MSI-L,Adherent,PIK3C*,Oncogenic signal,AKT/PI3K,AKT*,Oncogenic signal,AKT/PI3K
HCC1428,PIK3CB_PIK3CD,ALK_IGFR,1.0,1.0,0.30993664,10.0,93.79984629,0.0001,0.1,87.68683512,-30.36349,breast,MSS/MSI-L,Adherent,PIK3CB;PIK3CD,Oncogenic signal,AKT/PI3K,ALK;IGF*R,Oncogenic signal,AKT/PI3K
HCC1143,PIK3C,MTOR_1,1.0,1.0,0.472546147,0.6499279,16.87328478,0.344769946,1.1989062,24.33010205,10.80949,breast,MSS/MSI-L,Adherent,PIK3C*,Oncogenic signal,AKT/PI3K,MTOR,Oncogenic signal,AKT/PI3K
HCC1937,MAP2K_1,BCL2_BCL2L1,1.0,1.0,0.053100033,1.1844177,82.82540909,0.29186947,1.5652029,72.0733652,21.72865,breast,MSS/MSI-L,Adherent,MAP2K1;MAP2K2,Oncogenic signal,MAPK,BCL2;BCL2L1,Cell death,Apoptosis
VCaP,PIK3CB_PIK3CD,ADAM17,1.0,10.0,0.813766767,0.6106086,57.11402857,3.662113874,2.1520555,66.23305452,30.24334,prostate,MSS/MSI-L,Adherent,PIK3CB;PIK3CD,Oncogenic signal,AKT/PI3K,ADAM17,Differentiation,EMT/migration
BT-20,MAP2K_1,ESR1,1.0,1.0,0.125319196,0.7021247,37.855397,1.0,0.2836438,88.05038985,-0.236799,breast,MSS/MSI-L,Adherent,MAP2K1;MAP2K2,Oncogenic signal,MAPK,ESR1,Oncogenic signal,Hormonal
MDA-MB-468,PIK3C,AKT_SGK,1.0,1.0,1.0,0.0,100.0,0.429618882,1.6058406,45.70149616,10.13577,breast,MSS/MSI-L,Adherent,PIK3C*,Oncogenic signal,AKT/PI3K,AKT*;SGK*,Oncogenic signal,AKT/PI3K
T-24,FGFR,AKT,3.0,3.0,1.0,0.0,100.0,1.0,0.0,100.0,-30.95454,Bladder,MSS/MSI-L,Adherent,FGFR1;FGFR2;FGFR3,Oncogenic signal,RTK,AKT1;AKT2;AKT3,Oncogenic signal,AKT/PI3K
C32,MAP2K_1,BCL2,3.0,3.0,0.151095024,1.149229,21.66455336,0.238422017,1.9800925,6.91334673,-51.81409,melanoma,MSS/MSI-L,Adherent,MAP2K1;MAP2K2,Oncogenic signal,MAPK,BCL2,Cell death,Apoptosis
SW780,BCL2_BCL2L1,ATR_4,0.3,3.0,0.019155392,1.0408955,24.44949385,3.0,10.0,38.40020356,2.738121,Bladder,MSS/MSI-L,Adherent,BCL2;BCL2L1,Cell death,Apoptosis,ATR,DNA repair,DNA Damage Response
NCI-H1703,IAP,BCL2L1,0.01,3.0,0.000481144,1.8191483,19.49257869,0.0003,0.1,89.17994467,25.72953,lung_NSCLC_adenocarcinoma,MSS/MSI-L,Adherent,NIAP;XIAP;BIRC2;BIRC3,Cell death,Apoptosis,BCL2L1,Cell death,Apoptosis
HCC1419,Proteasome_2,FGFR,1.0,1.0,0.009430277,1.7571689,11.00780425,1.0,0.0,100.0,1.368283,breast,MSS/MSI-L,Adherent,Proteasome,Cell death,Apoptosis,FGFR1;FGFR2;FGFR3,Oncogenic signal,RTK
RKO,MAP2K_1,IGFR_4,3.0,10.0,2.080938447,0.8100238,8.49898038,3.112918366,4.2651449,12.30018804,23.57056,large_intestine,MSI-H,Adherent,MAP2K1;MAP2K2,Oncogenic signal,MAPK,IGF*R,Oncogenic signal,RTK
UM-UC-3,PARP1,EG5,3.0,0.003,3.0,0.6826781,84.87040079,0.001291316,10.0,87.49727083,-6.521721,Bladder,MSS/MSI-L,Adherent,PARP1,DNA repair,DNA Damage Response,KIF11,Differentiation,EMT/migration
647-V,PARP1,EG5,3.0,0.003,3.0,0.5675087,78.56038675,0.002304755,5.6244641,0.0,-10.8106,Bladder,MSS/MSI-L,Adherent,PARP1,DNA repair,DNA Damage Response,KIF11,Differentiation,EMT/migration
NCI-H2291,MAP2K_3,BRAF_M2,0.3,3.0,0.006107504,0.993825,6.60561211,1.579043797,0.7420077,0.0,48.74377,lung_NSCLC_adenocarcinoma,MSS/MSI-L,Adherent,MAP2K*,Oncogenic signal,MAPK,BRAF_V600E,Oncogenic signal,MAPK
MDA-MB-361,BCL2L1,AKT,3.0,3.0,1.16698135,0.4044942,29.67115871,0.430111387,0.6420235,0.0,87.9702,breast,MSS/MSI-L,Adherent,BCL2L1,Cell death,Apoptosis,AKT1;AKT2;AKT3,Oncogenic signal,AKT/PI3K
COLO-205,IGFR_3,IAP,10.0,1.0,0.572456351,1.7427636,27.3172216,1.0,10.0,49.20009446,4.858052,large_intestine,MSS/MSI-L,Suspension,IGF*R,Oncogenic signal,RTK,NIAP;XIAP;BIRC2;BIRC3,Cell death,Apoptosis
A549,Topotecan,PIK3CB,0.3,3.0,0.116550822,10.0,14.49330234,1.0,0.0,100.0,-1.348835,lung_NSCLC_adenocarcinoma,MSS/MSI-L,Adherent,TOP1;TOP1MT;DNA,DNA repair,Chemo,PIK3CB,Oncogenic signal,AKT/PI3K
MFM-223,MTOR_1,FGFR,1.0,1.0,0.30660881,1.2928065,6.99968599,0.126364602,0.6045424,5.06832069,24.27678,breast,MSS/MSI-L,Adherent,MTOR,Oncogenic signal,AKT/PI3K,FGFR1;FGFR2;FGFR3,Oncogenic signal,RTK
MDA-MB-231,PIK3CA_4,MTOR_1,1.0,1.0,1.0,1.2661577,75.911082,0.711067045,0.6814676,0.0,17.67057,breast,MSS/MSI-L,Adherent,PIK3CA,Oncogenic signal,AKT/PI3K,MTOR,Oncogenic signal,AKT/PI3K
BT-549,SLC16A4,MAP2K_1,1.0,1.0,0.231744299,0.1,64.84667122,0.022180872,0.9359385,77.56689754,14.47106,breast,MSS/MSI-L,Adherent,SLC16A3;SLC16A4,Metabolism,Metabolism,MAP2K1;MAP2K2,Oncogenic signal,MAPK
CAMA-1,TNKS_PARP6,PIK3CB_PIK3CD,1.0,1.0,0.026809923,1.9075689,23.01519354,0.163415476,1.9050122,22.12853971,37.88414,breast,MSS/MSI-L,Adherent,TNKS;PARP6,Oncogenic signal,Cell Cycle,PIK3CB;PIK3CD,Oncogenic signal,AKT/PI3K
BT-474,PIK3C_MTOR,FGFR,1.0,1.0,0.146643631,1.839773,0.0,1.0,0.0,100.0,2.846345,breast,MSS/MSI-L,Adherent,PIK3C*;MTOR,Oncogenic signal,AKT/PI3K,FGFR1;FGFR2;FGFR3,Oncogenic signal,RTK
MDA-MB-468,FGFR,AKT,1.0,1.0,1.0,0.0,100.0,0.30506366,10.0,43.69956694,-8.765091,breast,MSS/MSI-L,Adherent,FGFR1;FGFR2;FGFR3,Oncogenic signal,RTK,AKT1;AKT2;AKT3,Oncogenic signal,AKT/PI3K
647-V,Gemcitabine,BCL2_BCL2L1,0.1,3.0,0.004109831,3.3788826,0.0,1.417428091,0.7784382,47.49446725,9.388698,Bladder,MSS/MSI-L,Adherent,DNA;RRM1;TYMS;CMPK1,Cell death,Chemo,BCL2;BCL2L1,Cell death,Apoptosis
DMS-114,MAP2K_3,BRAF_M2,0.3,3.0,0.165001855,0.555248,0.0,3.0,0.5653785,30.62164251,100.7365,lung_small_cell_carcinoma,MSS/MSI-L,Adherent,MAP2K*,Oncogenic signal,MAPK,BRAF_V600E,Oncogenic signal,MAPK
RKO,PIK3CB,IAP,10.0,1.0,10.0,10.0,40.2000307,0.026881441,10.0,93.46646273,8.75349,large_intestine,MSI-H,Adherent,PIK3CB,Oncogenic signal,AKT/PI3K,NIAP;XIAP;BIRC2;BIRC3,Cell death,Apoptosis
T47D,ESR1_1,AKT_1,3.0,3.0,0.0003,0.1,30.80511028,0.024201653,0.9910412,31.43419901,50.85177,breast,MSS/MSI-L,Adherent,ESR1,Oncogenic signal,Hormonal,AKT*,Oncogenic signal,AKT/PI3K
MCF7,EGFR_2,AKT_1,1.0,1.0,1.0,0.6096644,86.77728185,0.102413178,1.3578487,37.21341318,13.8997,breast,MSS/MSI-L,Adherent,EGFR,Oncogenic signal,RTK,AKT*,Oncogenic signal,AKT/PI3K
HCC38,TNKS_PARP6,MTOR_1,1.0,1.0,0.031245394,3.7770189,16.86040336,0.38211125,10.0,79.1986182,-5.615545,breast,MSS/MSI-L,Adherent,TNKS;PARP6,Oncogenic signal,Cell Cycle,MTOR,Oncogenic signal,AKT/PI3K
HCC1937,EGFR,AKT_1,0.1,1.0,0.008014847,0.511769,73.9542721,1.0,0.5354606,53.187159,41.32658,breast,MSS/MSI-L,Adherent,EGFR,Oncogenic signal,RTK,AKT*,Oncogenic signal,AKT/PI3K
VM-CUB-1,PIM1,MAP2K_1,3.0,3.0,1.0,0.0,100.0,0.121633857,10.0,62.56733363,-42.17625,Bladder,MSS/MSI-L,Adherent,PIM1,Oncogenic signal,STK,MAP2K1;MAP2K2,Oncogenic signal,MAPK
MDA-MB-468,FGFR,AKT_SGK,1.0,1.0,0.391441557,1.0769451,84.4511056,0.400123402,1.7162191,44.49441261,-3.211112,breast,MSS/MSI-L,Adherent,FGFR1;FGFR2;FGFR3,Oncogenic signal,RTK,AKT*;SGK*,Oncogenic signal,AKT/PI3K
NCI-H1975,IAP,ATR_4,3.0,3.0,3.0,0.1974857,38.33281283,1.74086465,1.2986975,60.03134191,-22.61271,lung_NSCLC_adenocarcinoma,MSS/MSI-L,Adherent,NIAP;XIAP;BIRC2;BIRC3,Cell death,Apoptosis,ATR,DNA repair,DNA Damage Response
MDA-MB-231,PIP5K1,MAP2K_1,1.0,1.0,1.0,0.0,100.0,0.32834716,2.2750669,50.56272868,9.709851,breast,MSS/MSI-L,Adherent,PIP5K1*,Metabolism,Metabolism,MAP2K1;MAP2K2,Oncogenic signal,MAPK
M14,MTOR_1,FASN,1.0,1.0,1.0,0.471607,1.36484328,0.095290378,10.0,57.9499029,-19.81054,melanoma,MSS/MSI-L,Adherent,MTOR,Oncogenic signal,AKT/PI3K,FASN,Metabolism,Metabolism
Calu-6,TOP2,Doxorubicin,3.0,0.3,3.0,0.6069426,58.96055559,0.040608575,1.481386,26.44962855,25.15825,lung_NSCLC_adenocarcinoma,MSS/MSI-L,Adherent,TOP2*;PRKDC,DNA repair,DNA Damage Response,TOP*;DNMT1,DNA repair,Chemo
BT-20,EGFR_2,AKT_1,3.0,3.0,3.0,0.3188101,43.73266826,0.833784103,1.4151731,39.34849543,41.39775,breast,MSS/MSI-L,Adherent,EGFR,Oncogenic signal,RTK,AKT*,Oncogenic signal,AKT/PI3K
MDA-MB-157,FGFR,ERBB,1.0,1.0,0.036920388,1.2252513,30.94015628,0.258404635,10.0,72.19895717,39.6997,breast,MSS/MSI-L,Adherent,FGFR1;FGFR2;FGFR3,Oncogenic signal,RTK,EGFR;ERBB*,Oncogenic signal,RTK
SW620,PIK3C,IAP,3.0,1.0,1.0907981,10.0,69.19875551,1.0,0.0,100.0,-21.51398,large_intestine,MSS/MSI-L,Adherent,PIK3C*,Oncogenic signal,AKT/PI3K,NIAP;XIAP;BIRC2;BIRC3,Cell death,Apoptosis
647-V,Gemcitabine,ERBB,0.1,0.1,0.003813652,4.0848913,0.0,0.021197051,1.9015906,73.06520789,5.953021,Bladder,MSS/MSI-L,Adherent,DNA;RRM1;TYMS;CMPK1,Cell death,Chemo,EGFR;ERBB*,Oncogenic signal,RTK
HCC1395,TNKS_PARP6,PIK3CB_PIK3CD,1.0,1.0,0.005034454,1.4636615,11.55710042,1.0,0.3643589,24.79717503,3.065462,breast,MSS/MSI-L,Adherent,TNKS;PARP6,Oncogenic signal,Cell Cycle,PIK3CB;PIK3CD,Oncogenic signal,AKT/PI3K
NCI-H1975,IAP,CHEK1,3.0,1.0,3.0,0.2330077,53.54332531,1.0,1.2276421,6.66655989,-7.679866,lung_NSCLC_adenocarcinoma,MSS/MSI-L,Adherent,NIAP;XIAP;BIRC2;BIRC3,Cell death,Apoptosis,CHEK1,DNA repair,DNA Damage Response
NCI-H2085,CSNK2A1_2,CarboTaxol,0.03,1.0,0.009943507,0.7372976,0.0,0.005989968,1.5921191,38.67713107,8.369753,lung_NSCLC_adenocarcinoma,MSS/MSI-L,Adherent,CSNK2A1,Oncogenic signal,STK,DNA,DNA repair,Chemo
MDA-MB-231,MTOR_1,MAP2K_1,1.0,1.0,0.171688787,1.6716684,34.21774958,0.642710463,0.5193572,0.0,15.67301,breast,MSS/MSI-L,Adherent,MTOR,Oncogenic signal,AKT/PI3K,MAP2K1;MAP2K2,Oncogenic signal,MAPK
NCI-SNU-16,Proteasome_2,FGFR,0.1,0.01,0.002245851,5.0986233,0.39018591,0.007885491,3.2440232,0.0,-10.7516,stomach,MSS/MSI-L,Suspension,Proteasome,Cell death,Apoptosis,FGFR1;FGFR2;FGFR3,Oncogenic signal,RTK
NCI-H522,MAP2K_3,BRAF_M2,0.3,3.0,0.3,0.3242523,36.55982852,3.0,0.1,43.31814705,38.29483,lung_NSCLC_adenocarcinoma,MSS/MSI-L,Adherent,MAP2K*,Oncogenic signal,MAPK,BRAF_V600E,Oncogenic signal,MAPK
MDA-MB-468,PIM1,PIK3C,1.0,1.0,1.0,0.0,100.0,1.0,1.4463974,61.45306203,19.61312,breast,MSS/MSI-L,Adherent,PIM1,Oncogenic signal,STK,PIK3C*,Oncogenic signal,AKT/PI3K
BT-20,Chloroquine,AKT,3.0,3.0,1.06645316,10.0,79.09931596,0.352249266,1.282071,22.80708297,18.41805,breast,MSS/MSI-L,Adherent,Thiamine,other,other,AKT1;AKT2;AKT3,Oncogenic signal,AKT/PI3K
HT-1376,PIK3C,MAP2K_1,3.0,3.0,0.662316087,0.4636152,0.0,0.063280487,0.5477685,43.29817591,31.89342,Bladder,MSS/MSI-L,Adherent,PIK3C*,Oncogenic signal,AKT/PI3K,MAP2K1;MAP2K2,Oncogenic signal,MAPK
BT-474,MTOR_1,ERBB,1.0,3.0,0.107248829,7.6437867,27.98609465,0.336325656,1.199593,0.0,-11.51616,breast,MSS/MSI-L,Adherent,MTOR,Oncogenic signal,AKT/PI3K,EGFR;ERBB*,Oncogenic signal,RTK
HCC1187,PIM1,MAP2K_1,1.0,1.0,0.153958,1.4859865,66.04461839,0.025960497,1.030173,47.62228664,75.42909,breast,MSS/MSI-L,Suspension,PIM1,Oncogenic signal,STK,MAP2K1;MAP2K2,Oncogenic signal,MAPK
HCC1806,EGFR,AKT,0.1,1.0,0.029961206,0.5962754,88.31469082,1.0,0.9214231,14.53775333,-12.6608,breast,MSS/MSI-L,Adherent,EGFR,Oncogenic signal,RTK,AKT1;AKT2;AKT3,Oncogenic signal,AKT/PI3K
MDA-MB-436,PIK3CA_4,AKT,1.0,1.0,0.28931649,3.0080575,85.76780278,0.189363794,2.9793118,72.95327884,-9.456454,breast,MSS/MSI-L,Adherent,PIK3CA,Oncogenic signal,AKT/PI3K,AKT1;AKT2;AKT3,Oncogenic signal,AKT/PI3K
BT-549,PIP5K1,AKT,1.0,1.0,1.0,0.0,100.0,0.218294436,3.820815,53.67551561,-9.036282,breast,MSS/MSI-L,Adherent,PIP5K1*,Metabolism,Metabolism,AKT1;AKT2;AKT3,Oncogenic signal,AKT/PI3K
EVSA-T,CSNK2A1_2,AKT,10.0,3.0,3.346888869,10.0,10.29840984,0.016786627,10.0,0.0,1.05561,breast,MSS/MSI-L,Adherent,CSNK2A1,Oncogenic signal,STK,AKT1;AKT2;AKT3,Oncogenic signal,AKT/PI3K
HCC1187,MAP2K_1,ESR1,1.0,1.0,0.499980864,0.5610505,21.41715234,1.0,0.0,100.0,26.22214,breast,MSS/MSI-L,Suspension,MAP2K1;MAP2K2,Oncogenic signal,MAPK,ESR1,Oncogenic signal,Hormonal
UM-UC-3,ERBB,AKT,3.0,3.0,3.0,1.2211735,38.00279597,3.0,1.4874399,48.32013755,-4.028207,Bladder,MSS/MSI-L,Adherent,EGFR;ERBB*,Oncogenic signal,RTK,AKT1;AKT2;AKT3,Oncogenic signal,AKT/PI3K
RKO,PTK2,MAP2K_1,3.0,3.0,0.842860037,5.4390654,9.20938662,2.818098606,1.619978,0.0,30.51877,large_intestine,MSI-H,Adherent,PTK2*,Differentiation,EMT/migration,MAP2K1;MAP2K2,Oncogenic signal,MAPK
MDA-MB-453,PIK3C,MTOR_1,3.0,1.0,1.081776904,0.5301295,3.19978303,0.04849728,0.880035,25.51678829,24.06261,breast,MSS/MSI-L,Adherent,PIK3C*,Oncogenic signal,AKT/PI3K,MTOR,Oncogenic signal,AKT/PI3K
HCC1419,MAP2K_3,BRAF_M2,0.3,3.0,0.3,0.5037625,3.33733174,3.0,1.7748107,53.62238801,45.38394,breast,MSS/MSI-L,Adherent,MAP2K*,Oncogenic signal,MAPK,BRAF_V600E,Oncogenic signal,MAPK
C32,Oxaliplatin,IAP,3.0,1.0,3.0,1.6972845,76.88121524,0.0001,0.4253011,3.98332135,4.166788,melanoma,MSS/MSI-L,Adherent,DNA,DNA repair,Chemo,NIAP;XIAP;BIRC2;BIRC3,Cell death,Apoptosis
BFTC-905,PARP1,IAP,3.0,3.0,3.0,1.4253937,46.17801758,0.0003,0.2670093,0.0,11.37035,Bladder,MSS/MSI-L,Adherent,PARP1,DNA repair,DNA Damage Response,NIAP;XIAP;BIRC2;BIRC3,Cell death,Apoptosis
MDA-MB-231,TNKS_PARP6,AKT,1.0,1.0,0.049508087,1.5425701,19.20278659,0.340171076,10.0,83.2996509,13.39888,breast,MSS/MSI-L,Adherent,TNKS;PARP6,Oncogenic signal,Cell Cycle,AKT1;AKT2;AKT3,Oncogenic signal,AKT/PI3K
BT-20,MTOR_1,ATR_4,1.0,1.0,0.429900252,1.1133055,0.0,0.362096842,10.0,44.79786044,-22.9052,breast,MSS/MSI-L,Adherent,MTOR,Oncogenic signal,AKT/PI3K,ATR,DNA repair,DNA Damage Response
MDA-MB-436,EGFR,BCL2_BCL2L1,0.1,1.0,0.1,0.6076974,84.30147634,0.169641841,10.0,94.50760967,1.502651,breast,MSS/MSI-L,Adherent,EGFR,Oncogenic signal,RTK,BCL2;BCL2L1,Cell death,Apoptosis
NCI-H2291,Vinorelbine,IAP,1.0,3.0,0.022702836,1.8432404,44.53833428,3.0,0.9608419,58.92440518,13.45881,lung_NSCLC_adenocarcinoma,MSS/MSI-L,Adherent,microtubule;TUBB,DNA repair,Chemo,NIAP;XIAP;BIRC2;BIRC3,Cell death,Apoptosis
CAMA-1,Chloroquine,AKT_1,0.1,3.0,0.002582989,0.8484643,11.58870171,0.445120782,0.5533027,0.0,-17.4975,breast,MSS/MSI-L,Adherent,Thiamine,other,other,AKT*,Oncogenic signal,AKT/PI3K
UACC-812,Proteasome_2,FGFR,1.0,1.0,0.000327257,9.7986036,0.0,0.2308134,0.1,94.73861428,4.402312,breast,MSS/MSI-L,Adherent,Proteasome,Cell death,Apoptosis,FGFR1;FGFR2;FGFR3,Oncogenic signal,RTK
HCC1569,MAP2K_1,BRAF_M2,3.0,3.0,0.0003,0.1,72.40113494,0.004632136,0.2312904,65.08473665,24.46243,breast,MSI-H,Adherent,MAP2K1;MAP2K2,Oncogenic signal,MAPK,BRAF_V600E,Oncogenic signal,MAPK
T-24,MTOR_1,ATR_4,3.0,3.0,0.804194805,2.2705111,13.08433061,0.959739673,10.0,9.19888643,-12.01397,Bladder,MSS/MSI-L,Adherent,MTOR,Oncogenic signal,AKT/PI3K,ATR,DNA repair,DNA Damage Response
HCC1806,MAP2K_1,EGFR,1.0,0.1,0.658238167,0.9409637,0.0,1.0,0.0,100.0,26.1741,breast,MSS/MSI-L,Adherent,MAP2K1;MAP2K2,Oncogenic signal,MAPK,EGFR,Oncogenic signal,RTK
TCCSUP,BCL2_BCL2L1,ATR_4,3.0,3.0,1.0,0.0,100.0,0.865694595,4.0161196,32.74673323,12.53989,Bladder,MSS/MSI-L,Adherent,BCL2;BCL2L1,Cell death,Apoptosis,ATR,DNA repair,DNA Damage Response
DU-4475,PIK3CA_4,PIK3C_2,1.0,1.0,0.861321034,0.8163262,0.0,0.238304263,2.7297885,0.18641758,12.14877,breast,MSS/MSI-L,Suspension,PIK3CA,Oncogenic signal,AKT/PI3K,PIK3C*,Oncogenic signal,AKT/PI3K
CAMA-1,FGFR,ERBB,1.0,1.0,1.0,10.0,92.20009216,0.340365053,10.0,93.19985271,-14.7766,breast,MSS/MSI-L,Adherent,FGFR1;FGFR2;FGFR3,Oncogenic signal,RTK,EGFR;ERBB*,Oncogenic signal,RTK
SW900,TOP2,Doxorubicin,3.0,0.1,3.0,0.7223969,54.52146992,0.019477763,1.8429515,20.57565482,-6.74843,lung_NSCLC_squamous_cell_carcinoma,MSS/MSI-L,Adherent,TOP2*;PRKDC,DNA repair,DNA Damage Response,TOP*;DNMT1,DNA repair,Chemo
KU-19-19,PARP1,Gemcitabine,3.0,0.1,1.0,0.0,100.0,0.003772796,2.5103799,8.06896153,6.446547,Bladder,MSS/MSI-L,Adherent,PARP1,DNA repair,DNA Damage Response,DNA;RRM1;TYMS;CMPK1,Cell death,Chemo
DMS-114,MAP2K_1,BRAF_M,3.0,3.0,3.0,0.6285932,60.38748235,1.0,0.0,100.0,-3.271674,lung_small_cell_carcinoma,MSS/MSI-L,Adherent,MAP2K1;MAP2K2,Oncogenic signal,MAPK,BRAF_mut,Oncogenic signal,MAPK
EVSA-T,MTOR_1,ESR1_1,1.0,3.0,0.130113356,0.9346954,0.0,3.0,0.7513017,14.02306327,5.35291,breast,MSS/MSI-L,Adherent,MTOR,Oncogenic signal,AKT/PI3K,ESR1,Oncogenic signal,Hormonal
HCC1143,EGFR,BCL2_BCL2L1,0.1,1.0,0.003345621,1.3259626,64.97837349,1.0,1.2341979,13.84486448,11.50638,breast,MSS/MSI-L,Adherent,EGFR,Oncogenic signal,RTK,BCL2;BCL2L1,Cell death,Apoptosis
NCI-H358,PIK3CB,IAP,3.0,3.0,0.540902764,10.0,90.49457205,0.152742944,0.4723406,73.16472864,-29.51474,lung_NSCLC_adenocarcinoma,MSS/MSI-L,Adherent,PIK3CB,Oncogenic signal,AKT/PI3K,NIAP;XIAP;BIRC2;BIRC3,Cell death,Apoptosis
MCF7,MTOR_1,MAP2K_1,1.0,3.0,0.029849908,0.735342,0.0,0.0003,0.1,70.92383087,9.56116,breast,MSS/MSI-L,Adherent,MTOR,Oncogenic signal,AKT/PI3K,MAP2K1;MAP2K2,Oncogenic signal,MAPK
TCCSUP,PIK3C,MTOR_1,1.0,1.0,0.642654046,1.1487645,27.04765833,0.907028483,0.8197044,5.22926445,9.250581,Bladder,MSS/MSI-L,Adherent,PIK3C*,Oncogenic signal,AKT/PI3K,MTOR,Oncogenic signal,AKT/PI3K
HCC1806,BCL2_BCL2L1,AKT_1,1.0,1.0,1.0,0.0,100.0,0.290258087,1.2404915,15.9468499,6.105531,breast,MSS/MSI-L,Adherent,BCL2;BCL2L1,Cell death,Apoptosis,AKT*,Oncogenic signal,AKT/PI3K
COLO-205,PIK3CB,IAP,10.0,1.0,5.471120581,0.9683671,38.72900841,1.0,0.4566436,19.96304335,-36.42872,large_intestine,MSS/MSI-L,Suspension,PIK3CB,Oncogenic signal,AKT/PI3K,NIAP;XIAP;BIRC2;BIRC3,Cell death,Apoptosis
HCC1954,MAP2K_1,BRAF_M2,3.0,3.0,0.074006759,0.8534554,54.3057312,3.0,0.1304067,66.97990582,32.18463,breast,MSS/MSI-L,Adherent,MAP2K1;MAP2K2,Oncogenic signal,MAPK,BRAF_V600E,Oncogenic signal,MAPK
BT-549,MTOR_1,ADAM17,1.0,75.0,0.282911482,1.6142752,26.67216631,1.0,0.0,100.0,-9.722151,breast,MSS/MSI-L,Adherent,MTOR,Oncogenic signal,AKT/PI3K,ADAM17,Differentiation,EMT/migration
BT-474,MTOR_1,ESR1_1,1.0,3.0,0.108596307,2.6594628,25.29319347,0.0003,0.1,43.13950317,-8.310624,breast,MSS/MSI-L,Adherent,MTOR,Oncogenic signal,AKT/PI3K,ESR1,Oncogenic signal,Hormonal
J82,Cisplatin,AKT,3.0,3.0,0.414945337,1.101382,0.0,0.712247969,0.81619,22.55906569,3.02897,Bladder,MSS/MSI-L,Adherent,DNA,DNA repair,Chemo,AKT1;AKT2;AKT3,Oncogenic signal,AKT/PI3K
VM-CUB-1,PARP1,Gemcitabine,3.0,0.1,3.0,1.3560365,65.14926667,0.005038575,3.2340601,5.51063151,3.415196,Bladder,MSS/MSI-L,Adherent,PARP1,DNA repair,DNA Damage Response,DNA;RRM1;TYMS;CMPK1,Cell death,Chemo
HCC1954,PIK3C,MAP2K_3,3.0,0.3,0.681325851,0.9688629,0.0,0.011770229,0.4978916,8.8556617,35.63079,breast,MSS/MSI-L,Adherent,PIK3C*,Oncogenic signal,AKT/PI3K,MAP2K*,Oncogenic signal,MAPK
CAL-120,Proteasome_2,FGFR,0.3,3.0,0.001393334,2.5378998,0.34785353,0.181829772,0.3931472,27.87016174,-13.96911,breast,MSS/MSI-L,Adherent,Proteasome,Cell death,Apoptosis,FGFR1;FGFR2;FGFR3,Oncogenic signal,RTK
SW48,Oxaliplatin,IAP,3.0,1.0,0.194492864,0.9852865,0.46905782,0.0001,0.1,86.57916629,27.2476,large_intestine,MSI-H,Adherent,DNA,DNA repair,Chemo,NIAP;XIAP;BIRC2;BIRC3,Cell death,Apoptosis
HCC70,SLC16A4,MAP2K_1,1.0,1.0,1.0,0.0,100.0,0.298500968,10.0,88.09970866,14.06457,breast,MSS/MSI-L,Adherent,SLC16A3;SLC16A4,Metabolism,Metabolism,MAP2K1;MAP2K2,Oncogenic signal,MAPK
NCI-H1703,FGFR,BCL2_BCL2L1,3.0,3.0,1.696629794,1.1204084,0.0,3.0,0.6194019,38.40292944,16.44139,lung_NSCLC_adenocarcinoma,MSS/MSI-L,Adherent,FGFR1;FGFR2;FGFR3,Oncogenic signal,RTK,BCL2;BCL2L1,Cell death,Apoptosis
HCC38,SLC16A4,PIK3CB_PIK3CD,1.0,1.0,1.0,0.0,100.0,0.23155872,10.0,87.09968478,-1.133418,breast,MSS/MSI-L,Adherent,SLC16A3;SLC16A4,Metabolism,Metabolism,PIK3CB;PIK3CD,Oncogenic signal,AKT/PI3K
MDA-MB-468,PIK3CB_PIK3CD,PARP1,1.0,3.0,1.0,1.3027699,67.12176171,1.478427049,1.4459764,0.0,12.63891,breast,MSS/MSI-L,Adherent,PIK3CB;PIK3CD,Oncogenic signal,AKT/PI3K,PARP1,DNA repair,DNA Damage Response
DMS-114,PIK3CA_3,IAP,3.0,3.0,3.0,0.69097,51.34319195,3.0,0.4611838,39.94274636,10.92002,lung_small_cell_carcinoma,MSS/MSI-L,Adherent,PIK3CA,Oncogenic signal,AKT/PI3K,NIAP;XIAP;BIRC2;BIRC3,Cell death,Apoptosis
MDA-MB-361,IAP,BCL2L1,3.0,3.0,0.0003,0.1,74.98559845,0.077417673,2.9005077,68.86171678,51.3085,breast,MSS/MSI-L,Adherent,NIAP;XIAP;BIRC2;BIRC3,Cell death,Apoptosis,BCL2L1,Cell death,Apoptosis
HCC1428,PIK3C,AKT_1,1.0,1.0,1.0,0.0,100.0,1.0,0.3339691,72.38557487,-11.08207,breast,MSS/MSI-L,Adherent,PIK3C*,Oncogenic signal,AKT/PI3K,AKT*,Oncogenic signal,AKT/PI3K
HCC1806,TNKS_PARP6,AKT,1.0,1.0,0.01413666,2.0203636,1.7263344,1.0,1.4724148,17.7415556,5.418103,breast,MSS/MSI-L,Adherent,TNKS;PARP6,Oncogenic signal,Cell Cycle,AKT1;AKT2;AKT3,Oncogenic signal,AKT/PI3K
DMS-114,TOP2,Doxorubicin,3.0,0.1,3.0,0.8099822,37.87832636,0.028180025,1.6604088,8.78230274,49.99202,lung_small_cell_carcinoma,MSS/MSI-L,Adherent,TOP2*;PRKDC,DNA repair,DNA Damage Response,TOP*;DNMT1,DNA repair,Chemo
COLO-205,MAP2K_1,BRAF_M2,1.0,3.0,0.074559796,0.9976353,0.0,0.563369895,0.8714278,0.0,54.02718,large_intestine,MSS/MSI-L,Suspension,MAP2K1;MAP2K2,Oncogenic signal,MAPK,BRAF_V600E,Oncogenic signal,MAPK
CAL-120,ALK_IGFR,AKT,1.0,1.0,1.0,10.0,57.80044162,0.173220881,10.0,74.69935051,-0.327511,breast,MSS/MSI-L,Adherent,ALK;IGF*R,Oncogenic signal,AKT/PI3K,AKT1;AKT2;AKT3,Oncogenic signal,AKT/PI3K
BT-549,PIP5K1,MAP2K_1,1.0,1.0,1.0,0.0,100.0,1.0,0.8332287,71.16247536,20.43973,breast,MSS/MSI-L,Adherent,PIP5K1*,Metabolism,Metabolism,MAP2K1;MAP2K2,Oncogenic signal,MAPK
MDA-MB-468,MTOR_1,MAP2K_1,1.0,1.0,1.0,1.8477459,38.85523494,1.0,0.4887049,53.81321301,-0.9221652,breast,MSS/MSI-L,Adherent,MTOR,Oncogenic signal,AKT/PI3K,MAP2K1;MAP2K2,Oncogenic signal,MAPK
NCI-H2170,PIK3CA_3,IAP,3.0,3.0,1.12728906,1.0790778,40.90621045,3.0,0.4145445,50.46257492,11.4357,lung_NSCLC_squamous_cell_carcinoma,MSS/MSI-L,Adherent,PIK3CA,Oncogenic signal,AKT/PI3K,NIAP;XIAP;BIRC2;BIRC3,Cell death,Apoptosis
CAL-51,PIK3C,MTOR_1,1.0,1.0,0.731832758,0.9967959,0.0,0.231069573,0.8460121,0.0,10.6624,breast,MSS/MSI-L,Adherent,PIK3C*,Oncogenic signal,AKT/PI3K,MTOR,Oncogenic signal,AKT/PI3K
NCI-H1703,FGFR,ERBB,3.0,3.0,1.914887956,1.3576153,0.0,1.589809804,1.3337343,0.0,43.461,lung_NSCLC_adenocarcinoma,MSS/MSI-L,Adherent,FGFR1;FGFR2;FGFR3,Oncogenic signal,RTK,EGFR;ERBB*,Oncogenic signal,RTK
MDA-MB-157,PIK3C,AKT_1,1.0,1.0,0.043258688,0.8063806,62.94604569,1.0,0.2281645,50.53222965,22.51686,breast,MSS/MSI-L,Adherent,PIK3C*,Oncogenic signal,AKT/PI3K,AKT*,Oncogenic signal,AKT/PI3K
Hs-578-T,BCL2_BCL2L1,ADAM17,1.0,75.0,0.11382074,1.8395583,62.84448784,1.188576126,0.2080817,78.96791015,-36.83033,breast,MSS/MSI-L,Adherent,BCL2;BCL2L1,Cell death,Apoptosis,ADAM17,Differentiation,EMT/migration
CAMA-1,ALK_IGFR,AKT_1,1.0,1.0,1.0,0.0,100.0,0.318279177,10.0,31.79925384,5.739879,breast,MSS/MSI-L,Adherent,ALK;IGF*R,Oncogenic signal,AKT/PI3K,AKT*,Oncogenic signal,AKT/PI3K
Hs-578-T,MTOR_1,MAP2K_1,1.0,1.0,0.250524773,2.265275,22.68835069,0.211395615,1.1773686,58.66149588,7.696937,breast,MSS/MSI-L,Adherent,MTOR,Oncogenic signal,AKT/PI3K,MAP2K1;MAP2K2,Oncogenic signal,MAPK
NCI-H226,EGFR_2,ALK,1.0,3.0,1.0,0.2264702,66.29811194,0.331442315,1.3809296,0.0,1.113142,lung_NSCLC_squamous_cell_carcinoma,MSS/MSI-L,Adherent,EGFR,Oncogenic signal,RTK,ALK,Oncogenic signal,AKT/PI3K
UACC-812,FGFR,BCL2_BCL2L1_BCL2L2,1.0,1.0,1.0,0.0,100.0,1.0,0.9745358,59.89584909,8.120883,breast,MSS/MSI-L,Adherent,FGFR1;FGFR2;FGFR3,Oncogenic signal,RTK,BCL2;BCL2L1;BCL2L2,Cell death,Apoptosis
HCC1143,PIM1,BCL2_BCL2L1,1.0,1.0,1.0,0.1270742,60.14023629,1.0,0.2034554,9.87350177,-15.04397,breast,MSS/MSI-L,Adherent,PIM1,Oncogenic signal,STK,BCL2;BCL2L1,Cell death,Apoptosis
BT-549,MTOR_1,ERBB,1.0,1.0,0.283710413,2.1697924,27.11054524,1.0,0.0,100.0,2.394578,breast,MSS/MSI-L,Adherent,MTOR,Oncogenic signal,AKT/PI3K,EGFR;ERBB*,Oncogenic signal,RTK
MDA-MB-436,IAP,BCL2L1,3.0,3.0,0.0003,0.1,45.04128564,3.0,0.2529263,62.92908977,0.7021531,breast,MSS/MSI-L,Adherent,NIAP;XIAP;BIRC2;BIRC3,Cell death,Apoptosis,BCL2L1,Cell death,Apoptosis
HT-1197,MTOR_1,MAP2K_1,3.0,1.0,0.626145575,1.9684974,40.47577545,0.23200158,10.0,87.19535872,23.74794,Bladder,MSS/MSI-L,Adherent,MTOR,Oncogenic signal,AKT/PI3K,MAP2K1;MAP2K2,Oncogenic signal,MAPK
Hs-578-T,FASN,BCL2_BCL2L1,1.0,1.0,0.172639932,10.0,92.691137,0.068470117,1.9186196,72.65263836,-14.58089,breast,MSS/MSI-L,Adherent,FASN,Metabolism,Metabolism,BCL2;BCL2L1,Cell death,Apoptosis
MDA-MB-361,Chloroquine,AKT,1.0,1.0,1.0,0.0,100.0,0.251449075,2.2460251,32.33637977,12.54547,breast,MSS/MSI-L,Adherent,Thiamine,other,other,AKT1;AKT2;AKT3,Oncogenic signal,AKT/PI3K
NCI-H358,MAP2K_3,BRAF_M2,0.3,3.0,0.030926784,1.7411436,22.97490357,1.0,0.0,100.0,84.32123,lung_NSCLC_adenocarcinoma,MSS/MSI-L,Adherent,MAP2K*,Oncogenic signal,MAPK,BRAF_V600E,Oncogenic signal,MAPK
SW620,IGFR_4,IAP,3.0,1.0,0.94374545,10.0,85.79984452,1.0,0.0,100.0,-1.773547,large_intestine,MSS/MSI-L,Adherent,IGF*R,Oncogenic signal,RTK,NIAP;XIAP;BIRC2;BIRC3,Cell death,Apoptosis
MDA-MB-231,EGFR,AKT_1,0.1,1.0,1.0,0.0,100.0,0.113009514,0.7667267,82.31913957,4.244351,breast,MSS/MSI-L,Adherent,EGFR,Oncogenic signal,RTK,AKT*,Oncogenic signal,AKT/PI3K
A549,CSNK2A1_2,CarboTaxol,0.1,0.01,0.015533651,4.4054086,7.78749004,0.002395406,5.2671345,17.35516532,-12.31963,lung_NSCLC_adenocarcinoma,MSS/MSI-L,Adherent,CSNK2A1,Oncogenic signal,STK,DNA,DNA repair,Chemo
HCC70,FGFR,EGFR,1.0,0.1,1.0,0.0,100.0,1.0,0.0,100.0,-12.35887,breast,MSS/MSI-L,Adherent,FGFR1;FGFR2;FGFR3,Oncogenic signal,RTK,EGFR,Oncogenic signal,RTK
MDA-MB-453,MAP2K_1,ADAM17,1.0,75.0,1.0,0.0,100.0,0.0075,0.1,94.51706033,-41.87792,breast,MSS/MSI-L,Adherent,MAP2K1;MAP2K2,Oncogenic signal,MAPK,ADAM17,Differentiation,EMT/migration
MDA-MB-453,PIM1,BCL2_BCL2L1,1.0,1.0,1.0,0.0,100.0,1.0,0.0,100.0,34.49105,breast,MSS/MSI-L,Adherent,PIM1,Oncogenic signal,STK,BCL2;BCL2L1,Cell death,Apoptosis
HCC1395,EGFR,AKT,0.1,1.0,0.1,0.4261941,80.05843793,1.0,0.5928175,7.74697569,3.127815,breast,MSS/MSI-L,Adherent,EGFR,Oncogenic signal,RTK,AKT1;AKT2;AKT3,Oncogenic signal,AKT/PI3K
NCI-H1793,TOP2_2,IAP,3.0,3.0,0.626245744,1.4931793,0.0,3.0,0.6523824,33.43062606,40.23703,lung_NSCLC_adenocarcinoma,MSS/MSI-L,Adherent,TOP2*,DNA repair,Chemo,NIAP;XIAP;BIRC2;BIRC3,Cell death,Apoptosis
MDA-MB-157,ALK_IGFR,AKT,1.0,1.0,0.262517791,1.4661499,53.83975117,0.141323799,3.758825,85.46872771,53.44158,breast,MSS/MSI-L,Adherent,ALK;IGF*R,Oncogenic signal,AKT/PI3K,AKT1;AKT2;AKT3,Oncogenic signal,AKT/PI3K
NCI-H838,PIK3C,IAP,3.0,1.0,0.805203357,0.910303,0.0,0.005650559,0.7783651,19.34712962,29.86598,lung_NSCLC_adenocarcinoma,MSS/MSI-L,Adherent,PIK3C*,Oncogenic signal,AKT/PI3K,NIAP;XIAP;BIRC2;BIRC3,Cell death,Apoptosis
SW837,MAP2K_1,BRAF_M,3.0,3.0,0.929821713,1.9397375,20.10508844,2.191830292,0.8195088,9.11646567,29.66748,large_intestine,MSS/MSI-L,Adherent,MAP2K1;MAP2K2,Oncogenic signal,MAPK,BRAF_mut,Oncogenic signal,MAPK
HCC70,PIK3C,AKT_1,3.0,3.0,0.492663968,0.8855399,0.0,1.302936041,2.2714527,0.0,-4.891449,breast,MSS/MSI-L,Adherent,PIK3C*,Oncogenic signal,AKT/PI3K,AKT*,Oncogenic signal,AKT/PI3K
NCI-H747,IGFR_3,IAP,10.0,1.0,0.001,0.1,81.38826089,0.353273754,0.2303135,0.0,-13.80457,large_intestine,MSS/MSI-L,Adherent,IGF*R,Oncogenic signal,RTK,NIAP;XIAP;BIRC2;BIRC3,Cell death,Apoptosis
CAMA-1,MTOR_1,ALK_IGFR,1.0,1.0,0.427796719,1.9179997,12.00247146,1.0,0.0,100.0,28.44153,breast,MSS/MSI-L,Adherent,MTOR,Oncogenic signal,AKT/PI3K,ALK;IGF*R,Oncogenic signal,AKT/PI3K
Calu-3,MAP2K_1,BRAF_M,3.0,3.0,0.389175562,10.0,89.84960792,1.0,0.0,100.0,-13.99233,lung_NSCLC_adenocarcinoma,MSS/MSI-L,Adherent,MAP2K1;MAP2K2,Oncogenic signal,MAPK,BRAF_mut,Oncogenic signal,MAPK
MDA-MB-157,MTOR_1,ESR1,1.0,1.0,0.207681169,1.7225425,43.48284835,1.0,0.0,100.0,-4.245935,breast,MSS/MSI-L,Adherent,MTOR,Oncogenic signal,AKT/PI3K,ESR1,Oncogenic signal,Hormonal
NCI-H23,IAP,CHEK1,1.0,1.0,0.006845097,0.4533024,36.60295453,0.206735162,2.80657,11.45711853,3.928881,lung_NSCLC_adenocarcinoma,MSS/MSI-L,Adherent,NIAP;XIAP;BIRC2;BIRC3,Cell death,Apoptosis,CHEK1,DNA repair,DNA Damage Response
TCCSUP,TNFSF10,PIK3C,0.03,1.0,0.010028021,10.0,49.89912359,0.484342078,1.8105792,44.9465614,14.9569,Bladder,MSS/MSI-L,Adherent,TNFSF10,Cell death,Apoptosis,PIK3C*,Oncogenic signal,AKT/PI3K
HCC1937,FGFR,BCL2_BCL2L1,1.0,1.0,1.0,0.0,100.0,0.464168751,1.2124448,58.34450761,8.641153,breast,MSS/MSI-L,Adherent,FGFR1;FGFR2;FGFR3,Oncogenic signal,RTK,BCL2;BCL2L1,Cell death,Apoptosis
NCI-H2228,MAP2K_1,BRAF_M,3.0,3.0,3.0,0.3856553,12.20524804,0.0003,0.1,83.58540409,1.512657,lung_NSCLC_adenocarcinoma,MSS/MSI-L,Adherent,MAP2K1;MAP2K2,Oncogenic signal,MAPK,BRAF_mut,Oncogenic signal,MAPK
COLO-205,Oxaliplatin,BCL2,1.0,1.0,0.154430592,1.0561093,36.70197183,0.35658709,2.5057951,0.0,-8.298241,large_intestine,MSS/MSI-L,Suspension,DNA,DNA repair,Chemo,BCL2,Cell death,Apoptosis
647-V,PIK3C,HSP90,3.0,3.0,1.291409749,1.7782129,40.20237648,0.133387038,4.7831606,4.14936635,-4.008479,Bladder,MSS/MSI-L,Adherent,PIK3C*,Oncogenic signal,AKT/PI3K,HSP90AA1,Cell death,Apoptosis
T-24,IAP,ERBB,1.0,3.0,0.253577733,10.0,86.5986168,1.131137558,10.0,84.49909728,-18.59214,Bladder,MSS/MSI-L,Adherent,NIAP;XIAP;BIRC2;BIRC3,Cell death,Apoptosis,EGFR;ERBB*,Oncogenic signal,RTK
647-V,PARP1,Cisplatin,3.0,3.0,3.0,0.6972082,68.03534811,1.449955089,3.2037872,0.0,22.70569,Bladder,MSS/MSI-L,Adherent,PARP1,DNA repair,DNA Damage Response,DNA,DNA repair,Chemo
DMS-114,CarboTaxol,ATR_4,0.01,3.0,0.001788593,2.9318653,10.63963379,1.060264718,10.0,41.29821348,34.95805,lung_small_cell_carcinoma,MSS/MSI-L,Adherent,DNA,DNA repair,Chemo,ATR,DNA repair,DNA Damage Response
C32,PIK3C,MAP2K_1,10.0,3.0,3.091280878,1.4097696,0.0,0.170482138,0.7010458,6.93358795,65.79356,melanoma,MSS/MSI-L,Adherent,PIK3C*,Oncogenic signal,AKT/PI3K,MAP2K1;MAP2K2,Oncogenic signal,MAPK
HCC1428,PIK3CA_4,AKT,1.0,1.0,1.0,0.0,100.0,1.0,0.0,100.0,-6.982336,breast,MSS/MSI-L,Adherent,PIK3CA,Oncogenic signal,AKT/PI3K,AKT1;AKT2;AKT3,Oncogenic signal,AKT/PI3K
BFTC-905,PIK3CB_PIK3CD,EG5,3.0,0.003,0.215325621,1.0394196,22.730217,0.002111533,4.1267448,0.0,6.20384,Bladder,MSS/MSI-L,Adherent,PIK3CB;PIK3CD,Oncogenic signal,AKT/PI3K,KIF11,Differentiation,EMT/migration
BT-20,PIK3CA_4,ERBB,1.0,1.0,0.221478661,1.3825472,61.11384102,0.287679001,3.5108834,74.28126852,22.22986,breast,MSS/MSI-L,Adherent,PIK3CA,Oncogenic signal,AKT/PI3K,EGFR;ERBB*,Oncogenic signal,RTK
KU-19-19,Gemcitabine,BCL2_BCL2L1,0.1,3.0,0.002846132,10.0,9.33315727,3.0,0.5493417,37.58485986,32.29995,Bladder,MSS/MSI-L,Adherent,DNA;RRM1;TYMS;CMPK1,Cell death,Chemo,BCL2;BCL2L1,Cell death,Apoptosis
NCI-H226,PIK3C,ALK,3.0,3.0,1.987828131,1.0037775,0.0,0.385909037,1.4844455,0.0,34.84727,lung_NSCLC_squamous_cell_carcinoma,MSS/MSI-L,Adherent,PIK3C*,Oncogenic signal,AKT/PI3K,ALK,Oncogenic signal,AKT/PI3K
HCC1395,PIK3CA_4,MTOR_1,1.0,1.0,1.0,0.2298199,85.94489474,0.207259671,1.1422897,34.78121161,8.880819,breast,MSS/MSI-L,Adherent,PIK3CA,Oncogenic signal,AKT/PI3K,MTOR,Oncogenic signal,AKT/PI3K
HCC1187,MAP2K_1,EGFR,1.0,0.1,0.018760904,0.9582284,54.92570427,1.0,0.0,100.0,24.06469,breast,MSS/MSI-L,Suspension,MAP2K1;MAP2K2,Oncogenic signal,MAPK,EGFR,Oncogenic signal,RTK
BT-549,SLC16A4,FGFR,1.0,1.0,0.032552238,10.0,89.23331902,0.047378875,3.1309152,54.39149031,-37.88861,breast,MSS/MSI-L,Adherent,SLC16A3;SLC16A4,Metabolism,Metabolism,FGFR1;FGFR2;FGFR3,Oncogenic signal,RTK
CAMA-1,MTOR_1,BCL2L1,1.0,3.0,0.152371767,2.5042622,20.86265318,0.0003,0.1,89.13199583,6.019899,breast,MSS/MSI-L,Adherent,MTOR,Oncogenic signal,AKT/PI3K,BCL2L1,Cell death,Apoptosis
CAL-120,PIK3CB_PIK3CD,AKT_1,1.0,1.0,0.147149421,3.1864328,63.36553004,1.0,0.0,100.0,30.881,breast,MSS/MSI-L,Adherent,PIK3CB;PIK3CD,Oncogenic signal,AKT/PI3K,AKT*,Oncogenic signal,AKT/PI3K
MDA-MB-157,MAP2K_1,ERBB,1.0,1.0,0.08949745,10.0,75.79987496,1.0,1.5485891,75.39870527,31.93444,breast,MSS/MSI-L,Adherent,MAP2K1;MAP2K2,Oncogenic signal,MAPK,EGFR;ERBB*,Oncogenic signal,RTK
SW948,TKI,MAP2K_1,3.0,3.0,3.0,10.0,67.00035901,0.131367715,0.9579828,9.66299954,63.81369,large_intestine,MSS/MSI-L,Adherent,KDR;EGFR;RET,Oncogenic signal,RTK,MAP2K1;MAP2K2,Oncogenic signal,MAPK
MFM-223,PIK3C_2,AKT,1.0,1.0,0.312276446,10.0,24.69931251,0.147308593,0.9167812,0.0,-7.10376,breast,MSS/MSI-L,Adherent,PIK3C*,Oncogenic signal,AKT/PI3K,AKT1;AKT2;AKT3,Oncogenic signal,AKT/PI3K
BFTC-905,PIK3C,MTOR_1,3.0,3.0,1.800835253,0.8091431,0.0,0.302417803,1.8171524,26.20686273,38.76654,Bladder,MSS/MSI-L,Adherent,PIK3C*,Oncogenic signal,AKT/PI3K,MTOR,Oncogenic signal,AKT/PI3K
NCI-H226,Topotecan,PIK3CB,0.3,3.0,0.038313062,1.3540162,23.91944659,3.0,0.393858,39.20390655,-1.835498,lung_NSCLC_squamous_cell_carcinoma,MSS/MSI-L,Adherent,TOP1;TOP1MT;DNA,DNA repair,Chemo,PIK3CB,Oncogenic signal,AKT/PI3K
SW948,PIK3C,IAP,10.0,1.0,0.435275428,1.6734703,5.35029239,0.060761832,10.0,81.06056271,11.52239,large_intestine,MSS/MSI-L,Adherent,PIK3C*,Oncogenic signal,AKT/PI3K,NIAP;XIAP;BIRC2;BIRC3,Cell death,Apoptosis
NCI-H358,SYK,CSNK2A1_2,3.0,0.1,0.404632321,1.3898763,68.2043957,0.010568587,8.8803896,18.34590277,17.08969,lung_NSCLC_adenocarcinoma,MSS/MSI-L,Adherent,SYK,Oncogenic signal,Cell Cycle,CSNK2A1,Oncogenic signal,STK
NCI-H1299,Topotecan,BCL2,0.1,3.0,0.020725774,3.5850679,29.53680842,1.151551411,10.0,94.89964509,34.28769,lung_NSCLC_large cell,MSS/MSI-L,Adherent,TOP1;TOP1MT;DNA,DNA repair,Chemo,BCL2,Cell death,Apoptosis
COLO-205,TKI,MAP2K_1,3.0,1.0,3.0,2.5190677,68.86972132,0.052007721,1.0958312,4.22652947,2.040458,large_intestine,MSS/MSI-L,Suspension,KDR;EGFR;RET,Oncogenic signal,RTK,MAP2K1;MAP2K2,Oncogenic signal,MAPK
CAL-51,FGFR,ADAM17,1.0,75.0,1.0,0.3284473,80.73129382,9.202283018,0.9382014,88.19097511,1.255445,breast,MSS/MSI-L,Adherent,FGFR1;FGFR2;FGFR3,Oncogenic signal,RTK,ADAM17,Differentiation,EMT/migration
MDA-MB-361,Proteasome_2,FGFR,1.0,1.0,0.007154334,0.4499238,0.0,1.0,0.9481324,73.50995674,-10.20944,breast,MSS/MSI-L,Adherent,Proteasome,Cell death,Apoptosis,FGFR1;FGFR2;FGFR3,Oncogenic signal,RTK
BFTC-905,PARP1,HDAC_4,3.0,3.0,3.0,0.8318248,37.91579885,0.389938528,1.1851794,7.56212161,1.09568,Bladder,MSS/MSI-L,Adherent,PARP1,DNA repair,DNA Damage Response,HDAC*,Differentiation,Epigenetic
NCI-H1975,PIK3CA_3,CSNK2A1_2,3.0,0.03,1.267640239,2.1602633,54.48245018,0.022233089,2.3791539,0.0,34.44695,lung_NSCLC_adenocarcinoma,MSS/MSI-L,Adherent,PIK3CA,Oncogenic signal,AKT/PI3K,CSNK2A1,Oncogenic signal,STK
HCC1937,FGFR,AKT,1.0,1.0,1.0,0.0,100.0,1.0,0.9630887,47.85165447,27.66968,breast,MSS/MSI-L,Adherent,FGFR1;FGFR2;FGFR3,Oncogenic signal,RTK,AKT1;AKT2;AKT3,Oncogenic signal,AKT/PI3K
HCC1428,PIM1,PIK3C,1.0,1.0,0.159146049,1.1462642,63.04922963,1.0,0.5509612,57.42408742,16.88116,breast,MSS/MSI-L,Adherent,PIM1,Oncogenic signal,STK,PIK3C*,Oncogenic signal,AKT/PI3K
TCCSUP,PARP1,EG5,3.0,0.003,3.0,0.6446275,26.44393754,0.002457993,3.758024,0.0,-13.2763,Bladder,MSS/MSI-L,Adherent,PARP1,DNA repair,DNA Damage Response,KIF11,Differentiation,EMT/migration
NCI-H2228,PIK3CA_3,IAP,3.0,0.3,0.167056088,0.814167,67.10221472,0.006502771,0.6653681,24.0966857,30.56396,lung_NSCLC_adenocarcinoma,MSS/MSI-L,Adherent,PIK3CA,Oncogenic signal,AKT/PI3K,NIAP;XIAP;BIRC2;BIRC3,Cell death,Apoptosis
HCC1187,PIK3C,BCL2L1,3.0,3.0,0.321926044,1.0492901,11.22563531,0.016148778,0.2860604,50.41963922,42.93897,breast,MSS/MSI-L,Suspension,PIK3C*,Oncogenic signal,AKT/PI3K,BCL2L1,Cell death,Apoptosis
NCI-H520,Gemcitabine,CSNK2A1_2,0.1,0.03,0.008943593,1.9602528,15.13530501,0.00806146,1.1586834,9.9466955,-5.089002,lung_NSCLC_squamous_cell_carcinoma,MSS/MSI-L,Adherent,DNA;RRM1;TYMS;CMPK1,Cell death,Chemo,CSNK2A1,Oncogenic signal,STK
DU-4475,SLC16A4,MAP2K_1,1.0,1.0,0.466981792,0.2987615,46.12657702,0.021448695,1.952794,0.0,2.882632,breast,MSS/MSI-L,Suspension,SLC16A3;SLC16A4,Metabolism,Metabolism,MAP2K1;MAP2K2,Oncogenic signal,MAPK
MDA-MB-231,PIK3C,MAP2K_1,1.0,1.0,1.0,0.3861651,24.5046499,0.745789983,0.4787667,0.0,35.97158,breast,MSS/MSI-L,Adherent,PIK3C*,Oncogenic signal,AKT/PI3K,MAP2K1;MAP2K2,Oncogenic signal,MAPK
A549,TOP2,ALK_2,3.0,3.0,0.0003,0.1,89.4746474,3.0,1.5085225,40.92765593,24.53776,lung_NSCLC_adenocarcinoma,MSS/MSI-L,Adherent,TOP2*;PRKDC,DNA repair,DNA Damage Response,ALK,Oncogenic signal,RTK
MDA-MB-436,ALK_IGFR,AKT_1,1.0,1.0,0.239793026,3.5661395,52.60558191,1.0,0.777935,52.28207217,-2.164777,breast,MSS/MSI-L,Adherent,ALK;IGF*R,Oncogenic signal,AKT/PI3K,AKT*,Oncogenic signal,AKT/PI3K
DU-4475,MTOR_1,FGFR,1.0,1.0,0.181508585,2.0430655,6.79512206,1.0,0.0,100.0,10.22123,breast,MSS/MSI-L,Suspension,MTOR,Oncogenic signal,AKT/PI3K,FGFR1;FGFR2;FGFR3,Oncogenic signal,RTK
NCI-H838,PIK3CB,ALK_2,3.0,3.0,3.0,0.8469532,53.52006141,1.90862482,0.9318512,0.0,54.76063,lung_NSCLC_adenocarcinoma,MSS/MSI-L,Adherent,PIK3CB,Oncogenic signal,AKT/PI3K,ALK,Oncogenic signal,RTK
HCC1428,MAP2K_1,AKT_SGK,1.0,1.0,1.0,0.5448252,81.87458484,0.08399449,10.0,87.89991078,8.014296,breast,MSS/MSI-L,Adherent,MAP2K1;MAP2K2,Oncogenic signal,MAPK,AKT*;SGK*,Oncogenic signal,AKT/PI3K
NCI-H522,Topotecan,BCL2,0.01,3.0,0.01,0.6178515,6.24702851,3.0,0.5307865,26.95535134,31.89227,lung_NSCLC_adenocarcinoma,MSS/MSI-L,Adherent,TOP1;TOP1MT;DNA,DNA repair,Chemo,BCL2,Cell death,Apoptosis
NCI-H2170,Gemcitabine,CSNK2A1_2,0.01,0.03,0.002887401,10.0,8.99927314,0.006692025,4.40714,17.81087702,-53.60858,lung_NSCLC_squamous_cell_carcinoma,MSS/MSI-L,Adherent,DNA;RRM1;TYMS;CMPK1,Cell death,Chemo,CSNK2A1,Oncogenic signal,STK
MDA-MB-468,MTOR_1,MAP2K_1,1.0,3.0,0.195500065,2.747864,24.28608518,0.131283189,1.0580504,77.25458618,-14.24939,breast,MSS/MSI-L,Adherent,MTOR,Oncogenic signal,AKT/PI3K,MAP2K1;MAP2K2,Oncogenic signal,MAPK
NCI-H1975,MTOR_1,ALK_2,3.0,3.0,0.327497523,1.470866,16.58057678,0.455227439,0.977362,0.0,42.1773,lung_NSCLC_adenocarcinoma,MSS/MSI-L,Adherent,MTOR,Oncogenic signal,AKT/PI3K,ALK,Oncogenic signal,RTK
HCC1143,FGFR,AKT,1.0,1.0,0.012378913,1.625658,94.61318194,0.158795965,0.9752402,72.14112106,3.699644,breast,MSS/MSI-L,Adherent,FGFR1;FGFR2;FGFR3,Oncogenic signal,RTK,AKT1;AKT2;AKT3,Oncogenic signal,AKT/PI3K
A549,CSNK2A1_2,AKT,0.1,3.0,0.016795032,5.0493749,7.60004,3.0,0.5882204,74.69708706,21.83977,lung_NSCLC_adenocarcinoma,MSS/MSI-L,Adherent,CSNK2A1,Oncogenic signal,STK,AKT1;AKT2;AKT3,Oncogenic signal,AKT/PI3K
NCI-H2291,PIK3CA_3,CSNK2A1_2,3.0,0.01,0.415484837,2.1694529,79.84636745,0.001865372,1.7612366,14.67127842,5.780475,lung_NSCLC_adenocarcinoma,MSS/MSI-L,Adherent,PIK3CA,Oncogenic signal,AKT/PI3K,CSNK2A1,Oncogenic signal,STK
MDA-MB-453,PIK3C,ADAM17,1.0,75.0,0.217106729,2.8991948,13.0986261,1.0,0.0,100.0,11.19242,breast,MSS/MSI-L,Adherent,PIK3C*,Oncogenic signal,AKT/PI3K,ADAM17,Differentiation,EMT/migration
HCC1806,PIK3CA_4,MTOR_1,1.0,1.0,0.87576657,1.8128703,0.0,0.182272011,1.4515843,4.13990696,20.20717,breast,MSS/MSI-L,Adherent,PIK3CA,Oncogenic signal,AKT/PI3K,MTOR,Oncogenic signal,AKT/PI3K
BT-20,SLC16A4,FGFR,1.0,1.0,1.0,2.7307659,92.80443753,1.0,10.0,72.60001417,28.17354,breast,MSS/MSI-L,Adherent,SLC16A3;SLC16A4,Metabolism,Metabolism,FGFR1;FGFR2;FGFR3,Oncogenic signal,RTK
HCC1187,PIK3CB_PIK3CD,ALK_IGFR,1.0,1.0,1.0,1.5377755,58.37338104,0.098929158,2.1932902,49.98270448,42.97378,breast,MSS/MSI-L,Suspension,PIK3CB;PIK3CD,Oncogenic signal,AKT/PI3K,ALK;IGF*R,Oncogenic signal,AKT/PI3K
MFM-223,TNKS_PARP6,MTOR_1,1.0,1.0,0.01756918,0.9204183,24.56012173,0.235408472,0.5029746,0.0,12.3468,breast,MSS/MSI-L,Adherent,TNKS;PARP6,Oncogenic signal,Cell Cycle,MTOR,Oncogenic signal,AKT/PI3K
MDA-MB-231,PIK3CB_PIK3CD,ADAM17,1.0,75.0,1.0,0.421524,68.1637908,24.19968676,10.0,93.79991056,6.300898,breast,MSS/MSI-L,Adherent,PIK3CB;PIK3CD,Oncogenic signal,AKT/PI3K,ADAM17,Differentiation,EMT/migration
MDA-MB-468,EGFR,BCL2_BCL2L1,0.1,1.0,0.030563594,10.0,80.59985616,0.234753039,1.7962167,68.60642773,62.1331,breast,MSS/MSI-L,Adherent,EGFR,Oncogenic signal,RTK,BCL2;BCL2L1,Cell death,Apoptosis
HCC1395,SLC16A4,PIK3CB_PIK3CD,1.0,1.0,1.0,10.0,84.80004976,0.029760876,0.6094864,59.38842156,3.935983,breast,MSS/MSI-L,Adherent,SLC16A3;SLC16A4,Metabolism,Metabolism,PIK3CB;PIK3CD,Oncogenic signal,AKT/PI3K
NCI-H1975,MAP2K_1,BRAF_M2,3.0,3.0,1.339097214,1.1753057,23.20957856,0.386494328,1.5285351,71.59521766,98.50604,lung_NSCLC_adenocarcinoma,MSS/MSI-L,Adherent,MAP2K1;MAP2K2,Oncogenic signal,MAPK,BRAF_V600E,Oncogenic signal,MAPK
HCC1143,ALK_IGFR,AKT,1.0,1.0,1.0,0.4375098,78.82302713,0.334618939,0.733999,64.01475982,-1.370823,breast,MSS/MSI-L,Adherent,ALK;IGF*R,Oncogenic signal,AKT/PI3K,AKT1;AKT2;AKT3,Oncogenic signal,AKT/PI3K
MDA-MB-157,PIK3CB_PIK3CD,PARP1,1.0,3.0,1.0,0.4338596,13.81060184,0.980042155,0.8392946,0.0,21.95086,breast,MSS/MSI-L,Adherent,PIK3CB;PIK3CD,Oncogenic signal,AKT/PI3K,PARP1,DNA repair,DNA Damage Response
VM-CUB-1,PARP1,Cisplatin,3.0,3.0,2.913368245,2.8529437,0.0,2.739118966,1.9632283,0.0,-6.516702,Bladder,MSS/MSI-L,Adherent,PARP1,DNA repair,DNA Damage Response,DNA,DNA repair,Chemo
NCI-H1437,EGFR_2,ALK,1.0,3.0,0.03728732,0.2963441,72.29089018,0.704059318,0.8070684,0.0,-2.729943,lung_NSCLC_adenocarcinoma,MSS/MSI-L,Adherent,EGFR,Oncogenic signal,RTK,ALK,Oncogenic signal,AKT/PI3K
HCC1187,MTOR_1,MAP2K_1,1.0,3.0,0.083058992,0.8263042,25.13458412,0.280103428,1.0269724,68.12476266,35.67651,breast,MSS/MSI-L,Suspension,MTOR,Oncogenic signal,AKT/PI3K,MAP2K1;MAP2K2,Oncogenic signal,MAPK
MDA-MB-415,BCL2L1,AKT,3.0,3.0,3.0,0.4529411,49.52975836,0.001308283,0.4264885,6.68230761,14.21987,breast,MSS/MSI-L,Adherent,BCL2L1,Cell death,Apoptosis,AKT1;AKT2;AKT3,Oncogenic signal,AKT/PI3K
HT-29,JAK,IAP,3.0,1.0,2.79237751,10.0,0.0,1.0,0.0,100.0,-4.91609,large_intestine,MSS/MSI-L,Adherent,JAK1;JAK2,Oncogenic signal,Cell Cycle,NIAP;XIAP;BIRC2;BIRC3,Cell death,Apoptosis
MDA-MB-468,EGFR,AKT,0.1,1.0,0.016132163,2.3026241,76.02143736,0.595273188,0.8602376,0.0,34.80409,breast,MSS/MSI-L,Adherent,EGFR,Oncogenic signal,RTK,AKT1;AKT2;AKT3,Oncogenic signal,AKT/PI3K
M14,PIK3CB_PIK3CD,ADAM17,1.0,75.0,0.475349779,0.6757956,0.0,0.461424392,1.4729437,82.67273131,31.87283,melanoma,MSS/MSI-L,Adherent,PIK3CB;PIK3CD,Oncogenic signal,AKT/PI3K,ADAM17,Differentiation,EMT/migration
HT-1376,TNF,AKT,0.1,3.0,0.000758787,1.1883241,66.07847144,0.07664726,0.8455878,28.2299965,40.81309,Bladder,MSS/MSI-L,Adherent,TNFA,Cell death,Apoptosis,AKT1;AKT2;AKT3,Oncogenic signal,AKT/PI3K
HCC38,TNKS_PARP6,FGFR,1.0,1.0,0.019772197,2.1571484,12.90293177,0.16552206,1.4367374,70.24828532,-34.06364,breast,MSS/MSI-L,Adherent,TNKS;PARP6,Oncogenic signal,Cell Cycle,FGFR1;FGFR2;FGFR3,Oncogenic signal,RTK
NCI-H226,MTOR_1,ALK_2,3.0,3.0,0.17583133,1.0548565,8.93932727,0.82368746,0.8622233,0.0,43.55755,lung_NSCLC_squamous_cell_carcinoma,MSS/MSI-L,Adherent,MTOR,Oncogenic signal,AKT/PI3K,ALK,Oncogenic signal,RTK
T-24,Gemcitabine,ERBB,0.1,3.0,0.002176811,10.0,50.84832943,3.0,0.7482979,68.57623533,10.29316,Bladder,MSS/MSI-L,Adherent,DNA;RRM1;TYMS;CMPK1,Cell death,Chemo,EGFR;ERBB*,Oncogenic signal,RTK
NCI-H1299,SYK,CSNK2A1_2,3.0,0.1,1.504354223,10.0,39.63938141,0.0227514,2.2918916,10.79413615,0.7799228,lung_NSCLC_large cell,MSS/MSI-L,Adherent,SYK,Oncogenic signal,Cell Cycle,CSNK2A1,Oncogenic signal,STK
HCC70,ALK_IGFR,AKT,1.0,1.0,0.0001,0.1,93.60520191,0.259269633,0.8698514,0.0,14.28817,breast,MSS/MSI-L,Adherent,ALK;IGF*R,Oncogenic signal,AKT/PI3K,AKT1;AKT2;AKT3,Oncogenic signal,AKT/PI3K
HCC1143,FGFR,ESR1,1.0,1.0,1.0,0.0,100.0,1.0,0.0,100.0,0.2289708,breast,MSS/MSI-L,Adherent,FGFR1;FGFR2;FGFR3,Oncogenic signal,RTK,ESR1,Oncogenic signal,Hormonal
T-24,HDAC_4,Cisplatin,3.0,3.0,1.122896295,4.0988882,6.36171312,2.725559649,10.0,0.0,-20.1918,Bladder,MSS/MSI-L,Adherent,HDAC*,Differentiation,Epigenetic,DNA,DNA repair,Chemo
HCC1954,PIK3C,AKT_1,3.0,3.0,1.073519357,2.5361942,3.68825621,1.574165916,0.9541982,0.0,84.41957,breast,MSS/MSI-L,Adherent,PIK3C*,Oncogenic signal,AKT/PI3K,AKT*,Oncogenic signal,AKT/PI3K
HT-1197,PIK3C,MAP2K_1,3.0,1.0,0.595788448,3.1095719,66.38957221,1.0,0.3205707,65.21480714,11.22964,Bladder,MSS/MSI-L,Adherent,PIK3C*,Oncogenic signal,AKT/PI3K,MAP2K1;MAP2K2,Oncogenic signal,MAPK
DMS-114,TOP2_2,IAP,3.0,3.0,0.509348196,1.4167186,4.81093403,3.0,1.3163263,36.32941613,17.59374,lung_small_cell_carcinoma,MSS/MSI-L,Adherent,TOP2*,DNA repair,Chemo,NIAP;XIAP;BIRC2;BIRC3,Cell death,Apoptosis
MDA-MB-436,TNKS_PARP6,AKT,1.0,1.0,0.000802736,0.5680925,10.57977306,0.32214674,10.0,84.19979754,13.50382,breast,MSS/MSI-L,Adherent,TNKS;PARP6,Oncogenic signal,Cell Cycle,AKT1;AKT2;AKT3,Oncogenic signal,AKT/PI3K
T-24,Gemcitabine,BCL2_BCL2L1,0.1,0.3,0.00216107,10.0,48.23084452,0.003956674,2.9019691,91.09587354,-1.530253,Bladder,MSS/MSI-L,Adherent,DNA;RRM1;TYMS;CMPK1,Cell death,Chemo,BCL2;BCL2L1,Cell death,Apoptosis
HCC1395,SLC16A4,MAP2K_1,1.0,1.0,1.0,0.0,100.0,0.203339411,2.8054011,87.19860058,23.11047,breast,MSS/MSI-L,Adherent,SLC16A3;SLC16A4,Metabolism,Metabolism,MAP2K1;MAP2K2,Oncogenic signal,MAPK
C32,TKI,MAP2K_1,3.0,3.0,2.004712602,3.2014598,53.71326404,0.125881768,1.2358164,21.74533956,26.51374,melanoma,MSS/MSI-L,Adherent,KDR;EGFR;RET,Oncogenic signal,RTK,MAP2K1;MAP2K2,Oncogenic signal,MAPK
HCC70,PIM1,PIK3C,1.0,1.0,1.0,10.0,87.00003078,0.753947075,1.351109,0.0,5.983637,breast,MSS/MSI-L,Adherent,PIM1,Oncogenic signal,STK,PIK3C*,Oncogenic signal,AKT/PI3K
NCI-H520,MTOR_1,ALK,3.0,3.0,0.14682929,1.3665471,17.14098972,1.095842368,10.0,38.09736785,0.002567624,lung_NSCLC_squamous_cell_carcinoma,MSS/MSI-L,Adherent,MTOR,Oncogenic signal,AKT/PI3K,ALK,Oncogenic signal,AKT/PI3K
NCI-H2291,TOP2,ALK_2,3.0,3.0,1.120015635,10.0,72.89857387,2.726146432,1.5936834,0.0,48.09572,lung_NSCLC_adenocarcinoma,MSS/MSI-L,Adherent,TOP2*;PRKDC,DNA repair,DNA Damage Response,ALK,Oncogenic signal,RTK
NCI-H1437,Gemcitabine,CSNK2A1_2,0.01,0.1,0.001667889,1.1211908,0.0,0.010409617,3.6648276,11.24592098,-23.36822,lung_NSCLC_adenocarcinoma,MSS/MSI-L,Adherent,DNA;RRM1;TYMS;CMPK1,Cell death,Chemo,CSNK2A1,Oncogenic signal,STK
MDA-MB-157,MTOR_1,BCL2L1,1.0,3.0,0.258991515,0.5886233,0.0,0.0003,0.1,77.66766928,33.89171,breast,MSS/MSI-L,Adherent,MTOR,Oncogenic signal,AKT/PI3K,BCL2L1,Cell death,Apoptosis
NCI-H1563,IAP,CHEK1,0.01,1.0,9.47e-05,1.6364374,10.88428018,0.389188052,10.0,27.49421938,-32.06632,lung_NSCLC_adenocarcinoma,MSS/MSI-L,Adherent,NIAP;XIAP;BIRC2;BIRC3,Cell death,Apoptosis,CHEK1,DNA repair,DNA Damage Response
NCI-H747,Oxaliplatin,IAP,10.0,1.0,1.46814455,1.0857542,12.36943627,0.169039683,0.3328251,20.68338556,55.24217,large_intestine,MSS/MSI-L,Adherent,DNA,DNA repair,Chemo,NIAP;XIAP;BIRC2;BIRC3,Cell death,Apoptosis
NCI-H3122,CSNK2A1_2,BCL2,0.1,3.0,0.007083985,2.6977279,0.49134866,0.316192603,10.0,71.1998857,-11.98931,lung_NSCLC_adenocarcinoma,MSS/MSI-L,Adherent,CSNK2A1,Oncogenic signal,STK,BCL2,Cell death,Apoptosis
M14,PIK3CA_4,MTOR_1,1.0,1.0,0.274373561,10.0,78.99971679,0.305224719,10.0,54.69961246,-11.71238,melanoma,MSS/MSI-L,Adherent,PIK3CA,Oncogenic signal,AKT/PI3K,MTOR,Oncogenic signal,AKT/PI3K
BT-20,EGFR,AKT_1,0.1,1.0,0.080355151,0.8289283,68.61381303,0.332362032,0.9906131,61.59246182,55.06239,breast,MSS/MSI-L,Adherent,EGFR,Oncogenic signal,RTK,AKT*,Oncogenic signal,AKT/PI3K
SW48,PTK2,MAP2K_1,1.0,3.0,0.330294865,1.0497962,0.0,0.074759675,1.1908546,28.38813353,23.47467,large_intestine,MSI-H,Adherent,PTK2*,Differentiation,EMT/migration,MAP2K1;MAP2K2,Oncogenic signal,MAPK
NCI-H838,SYK,CSNK2A1_2,3.0,0.1,1.419921947,2.3559704,0.0,0.007698884,2.7921914,5.94178745,3.956226,lung_NSCLC_adenocarcinoma,MSS/MSI-L,Adherent,SYK,Oncogenic signal,Cell Cycle,CSNK2A1,Oncogenic signal,STK
BFTC-905,MAP2K_1,ERBB,3.0,3.0,1.520908091,1.0914927,0.15921648,3.0,0.2184257,79.99942197,107.561,Bladder,MSS/MSI-L,Adherent,MAP2K1;MAP2K2,Oncogenic signal,MAPK,EGFR;ERBB*,Oncogenic signal,RTK
CAMA-1,PIP5K1,MAP2K_1,1.0,1.0,1.0,0.0,100.0,1.0,10.0,88.00008978,-6.002984,breast,MSS/MSI-L,Adherent,PIP5K1*,Metabolism,Metabolism,MAP2K1;MAP2K2,Oncogenic signal,MAPK
CAL-120,MTOR_1,FASN,1.0,1.0,0.171315614,2.3269442,36.5396871,0.0001,0.1,87.99573703,-8.240528,breast,MSS/MSI-L,Adherent,MTOR,Oncogenic signal,AKT/PI3K,FASN,Metabolism,Metabolism
BT-20,EGFR,BCL2_BCL2L1,0.1,1.0,0.010291885,10.0,87.3998739,1.0,10.0,77.20015393,10.4119,breast,MSS/MSI-L,Adherent,EGFR,Oncogenic signal,RTK,BCL2;BCL2L1,Cell death,Apoptosis
J82,PARP1,EG5,3.0,3.0,1.097830027,10.0,87.59946452,0.0003,0.1,0.84264524,5.014957,Bladder,MSS/MSI-L,Adherent,PARP1,DNA repair,DNA Damage Response,KIF11,Differentiation,EMT/migration
A549,Vinorelbine,BCL2L1,0.1,3.0,0.079891963,4.0530548,0.0,0.021764561,0.6640794,15.52122144,7.212933,lung_NSCLC_adenocarcinoma,MSS/MSI-L,Adherent,microtubule;TUBB,DNA repair,Chemo,BCL2L1,Cell death,Apoptosis
Calu-3,CSNK2A1_2,ALK,0.03,3.0,0.03,10.0,6.40002058,2.787301614,10.0,0.0,12.04267,lung_NSCLC_adenocarcinoma,MSS/MSI-L,Adherent,CSNK2A1,Oncogenic signal,STK,ALK,Oncogenic signal,AKT/PI3K
NCI-H1975,Vinorelbine,BCL2L1,0.03,3.0,0.012924246,10.0,57.99075088,0.528710745,1.2487911,72.34770494,-6.124637,lung_NSCLC_adenocarcinoma,MSS/MSI-L,Adherent,microtubule;TUBB,DNA repair,Chemo,BCL2L1,Cell death,Apoptosis
HCC1954,CarboTaxol,ATR_4,0.01,3.0,0.001409131,0.8972506,0.0,1.60625964,1.9646476,16.99411509,-36.58125,breast,MSS/MSI-L,Adherent,DNA,DNA repair,Chemo,ATR,DNA repair,DNA Damage Response
HCC1187,MTOR_1,ATR_4,1.0,1.0,0.265322873,10.0,12.99870285,0.345866354,10.0,58.29897679,-3.096396,breast,MSS/MSI-L,Suspension,MTOR,Oncogenic signal,AKT/PI3K,ATR,DNA repair,DNA Damage Response
NCI-H1703,PIK3C_MTOR,FGFR,1.0,3.0,0.320743726,10.0,83.69978655,1.949803283,1.0910152,0.0,35.0045,lung_NSCLC_adenocarcinoma,MSS/MSI-L,Adherent,PIK3C*;MTOR,Oncogenic signal,AKT/PI3K,FGFR1;FGFR2;FGFR3,Oncogenic signal,RTK
DMS-114,PIK3CA_3,CSNK2A1_2,3.0,0.03,3.0,0.4409296,48.9237772,0.008941072,10.0,15.89946287,-10.98224,lung_small_cell_carcinoma,MSS/MSI-L,Adherent,PIK3CA,Oncogenic signal,AKT/PI3K,CSNK2A1,Oncogenic signal,STK
HCC70,PIK3CB_PIK3CD,ADAM17,1.0,75.0,0.133586457,1.007607,0.0,1.0,0.0,100.0,26.42638,breast,MSS/MSI-L,Adherent,PIK3CB;PIK3CD,Oncogenic signal,AKT/PI3K,ADAM17,Differentiation,EMT/migration
J82,PIM1,MAP2K_1,3.0,3.0,0.052822046,1.91574,80.57227317,0.065022291,0.3244494,57.53627259,31.96343,Bladder,MSS/MSI-L,Adherent,PIM1,Oncogenic signal,STK,MAP2K1;MAP2K2,Oncogenic signal,MAPK
HCC1143,MTOR_1,ESR1,1.0,1.0,0.402346978,1.4089981,29.89361118,1.0,0.0,100.0,-2.400857,breast,MSS/MSI-L,Adherent,MTOR,Oncogenic signal,AKT/PI3K,ESR1,Oncogenic signal,Hormonal
HCC1954,PIK3C,ESR1_1,3.0,3.0,0.979539497,10.0,20.39887436,3.0,1.8009823,11.40212754,-6.294411,breast,MSS/MSI-L,Adherent,PIK3C*,Oncogenic signal,AKT/PI3K,ESR1,Oncogenic signal,Hormonal
LS-513,MAP2K_1,BRAF_M,1.0,3.0,0.088889178,0.9907333,0.0,1.256665298,0.8647688,66.57879632,-42.59749,large_intestine,MSS/MSI-L,Adherent,MAP2K1;MAP2K2,Oncogenic signal,MAPK,BRAF_mut,Oncogenic signal,MAPK
NCI-H358,Topotecan,IAP,0.1,3.0,0.040593357,0.879041,0.0,0.0003,0.1,73.79178643,32.78066,lung_NSCLC_adenocarcinoma,MSS/MSI-L,Adherent,TOP1;TOP1MT;DNA,DNA repair,Chemo,NIAP;XIAP;BIRC2;BIRC3,Cell death,Apoptosis
SW900,Vinorelbine,BCL2L1,0.1,3.0,0.021722427,1.0853101,12.23574735,0.025823282,1.3076691,57.4440505,33.86636,lung_NSCLC_squamous_cell_carcinoma,MSS/MSI-L,Adherent,microtubule;TUBB,DNA repair,Chemo,BCL2L1,Cell death,Apoptosis
MDA-MB-157,Chloroquine,AKT_1,10.0,3.0,0.118247541,10.0,90.47487722,0.078536309,1.1358809,87.30104093,-8.991378,breast,MSS/MSI-L,Adherent,Thiamine,other,other,AKT*,Oncogenic signal,AKT/PI3K
CAL-120,PIP5K1,PIK3CB_PIK3CD,1.0,1.0,1.0,10.0,80.20014203,0.204527426,0.6512792,40.42353206,-19.12837,breast,MSS/MSI-L,Adherent,PIP5K1*,Metabolism,Metabolism,PIK3CB;PIK3CD,Oncogenic signal,AKT/PI3K
MDA-MB-231,MTOR_1,ADAM17,1.0,75.0,0.402675902,0.937076,16.1590358,1.0,0.0,100.0,13.15388,breast,MSS/MSI-L,Adherent,MTOR,Oncogenic signal,AKT/PI3K,ADAM17,Differentiation,EMT/migration
MCF7,PIK3C,ESR1_1,3.0,3.0,0.339188064,2.8581567,13.72428666,0.0003,0.1,27.23665383,71.06812,breast,MSS/MSI-L,Adherent,PIK3C*,Oncogenic signal,AKT/PI3K,ESR1,Oncogenic signal,Hormonal
MDA-MB-453,SLC16A4,MTOR_1,1.0,1.0,1.0,0.0,100.0,0.258854595,10.0,13.49871608,-14.84701,breast,MSS/MSI-L,Adherent,SLC16A3;SLC16A4,Metabolism,Metabolism,MTOR,Oncogenic signal,AKT/PI3K
Calu-6,IAP,Doxorubicin,1.0,0.3,0.0001,0.1,36.74959004,0.041908699,1.7037014,23.66927437,42.58561,lung_NSCLC_adenocarcinoma,MSS/MSI-L,Adherent,NIAP;XIAP;BIRC2;BIRC3,Cell death,Apoptosis,TOP*;DNMT1,DNA repair,Chemo
HCC1143,ERBB,AKT,1.0,1.0,0.015128561,0.6751478,58.03471077,1.0,0.3290335,47.10975131,19.85155,breast,MSS/MSI-L,Adherent,EGFR;ERBB*,Oncogenic signal,RTK,AKT1;AKT2;AKT3,Oncogenic signal,AKT/PI3K
HCC70,PIK3CA_4,AKT,1.0,1.0,0.000100001,4.8756878,92.17999996,0.275975003,10.0,16.39935397,-3.462883,breast,MSS/MSI-L,Adherent,PIK3CA,Oncogenic signal,AKT/PI3K,AKT1;AKT2;AKT3,Oncogenic signal,AKT/PI3K
HCC1143,TNKS_PARP6,PIK3CB_PIK3CD,1.0,1.0,0.026024755,2.096399,26.40070933,1.0,0.8497757,40.19349859,15.75368,breast,MSS/MSI-L,Adherent,TNKS;PARP6,Oncogenic signal,Cell Cycle,PIK3CB;PIK3CD,Oncogenic signal,AKT/PI3K
T-24,BCL2_BCL2L1,ATR_4,0.3,3.0,1.0,0.0,100.0,1.114265245,10.0,12.69563445,13.24856,Bladder,MSS/MSI-L,Adherent,BCL2;BCL2L1,Cell death,Apoptosis,ATR,DNA repair,DNA Damage Response
NCI-H1299,TOP2,Doxorubicin,3.0,0.3,3.0,0.4719234,32.84637151,0.003126318,10.0,64.34998366,46.35798,lung_NSCLC_large cell,MSS/MSI-L,Adherent,TOP2*;PRKDC,DNA repair,DNA Damage Response,TOP*;DNMT1,DNA repair,Chemo
A549,CSNK2A1_2,ALK,0.1,3.0,0.014382751,4.7694856,9.22577976,1.466529948,3.0921983,0.0,7.100497,lung_NSCLC_adenocarcinoma,MSS/MSI-L,Adherent,CSNK2A1,Oncogenic signal,STK,ALK,Oncogenic signal,AKT/PI3K
CAL-148,PIK3C,AKT_1,1.0,1.0,0.450359852,2.0086167,41.26472904,0.3322503,1.116723,0.0,74.03574,breast,MSS/MSI-L,Suspension,PIK3C*,Oncogenic signal,AKT/PI3K,AKT*,Oncogenic signal,AKT/PI3K
NCI-H1563,TOP2,ALK_2,3.0,3.0,0.0003,0.439535,6.72322899,2.154228077,2.50417,0.0,-6.23809,lung_NSCLC_adenocarcinoma,MSS/MSI-L,Adherent,TOP2*;PRKDC,DNA repair,DNA Damage Response,ALK,Oncogenic signal,RTK
CAL-51,BCL2_BCL2L1,AKT_1,1.0,1.0,0.208199529,2.4822326,84.84323547,0.315406352,10.0,68.19968764,8.474456,breast,MSS/MSI-L,Adherent,BCL2;BCL2L1,Cell death,Apoptosis,AKT*,Oncogenic signal,AKT/PI3K
HT-29,MAP2K_1,IGFR_4,3.0,10.0,0.232870298,0.4987184,0.0,0.237410615,0.749476,0.0,39.70818,large_intestine,MSS/MSI-L,Adherent,MAP2K1;MAP2K2,Oncogenic signal,MAPK,IGF*R,Oncogenic signal,RTK
MDA-MB-231,TNKS_PARP6,PIK3CB_PIK3CD,1.0,1.0,0.052049468,1.6357893,18.89624455,0.30000311,10.0,85.39983918,14.18614,breast,MSS/MSI-L,Adherent,TNKS;PARP6,Oncogenic signal,Cell Cycle,PIK3CB;PIK3CD,Oncogenic signal,AKT/PI3K
NCI-H23,MAP2K_1,BRAF_M2,3.0,3.0,0.453262743,0.8081157,0.0,1.31684998,1.1125946,15.03985778,71.54792,lung_NSCLC_adenocarcinoma,MSS/MSI-L,Adherent,MAP2K1;MAP2K2,Oncogenic signal,MAPK,BRAF_V600E,Oncogenic signal,MAPK
M14,BCL2_BCL2L1,ADAM17,1.0,75.0,0.076176901,0.6038152,5.98293541,1.0,0.0,100.0,-5.41728,melanoma,MSS/MSI-L,Adherent,BCL2;BCL2L1,Cell death,Apoptosis,ADAM17,Differentiation,EMT/migration
NCI-H747,MAP2K_1,IGFR_3,3.0,10.0,1.050689997,0.5859381,0.0,0.001,0.1,94.52504534,34.62117,large_intestine,MSS/MSI-L,Adherent,MAP2K1;MAP2K2,Oncogenic signal,MAPK,IGF*R,Oncogenic signal,RTK
HCC1395,MTOR_1,MAP2K_1,1.0,1.0,0.301220576,1.2104186,24.75792582,1.0,0.3246123,63.35843297,24.11012,breast,MSS/MSI-L,Adherent,MTOR,Oncogenic signal,AKT/PI3K,MAP2K1;MAP2K2,Oncogenic signal,MAPK
NCI-H2170,PIK3C,ADAM17,3.0,10.0,1.11847217,0.8606302,14.98395163,1.0,0.0,100.0,13.22047,lung_NSCLC_squamous_cell_carcinoma,MSS/MSI-L,Adherent,PIK3C*,Oncogenic signal,AKT/PI3K,ADAM17,Differentiation,EMT/migration
NCI-H226,IAP,BCL2L1,3.0,3.0,0.0003,0.1,12.34365871,3.0,0.3770885,31.95313365,121.3659,lung_NSCLC_squamous_cell_carcinoma,MSS/MSI-L,Adherent,NIAP;XIAP;BIRC2;BIRC3,Cell death,Apoptosis,BCL2L1,Cell death,Apoptosis
NCI-H1703,Vinorelbine,IAP,0.03,0.01,0.017379724,2.8481323,0.0,0.000545184,1.8138718,18.46873124,8.707077,lung_NSCLC_adenocarcinoma,MSS/MSI-L,Adherent,microtubule;TUBB,DNA repair,Chemo,NIAP;XIAP;BIRC2;BIRC3,Cell death,Apoptosis
HCC1187,PIM1,BCL2_BCL2L1,1.0,1.0,0.041326636,1.2274187,75.83361082,1.0,0.0,100.0,18.33449,breast,MSS/MSI-L,Suspension,PIM1,Oncogenic signal,STK,BCL2;BCL2L1,Cell death,Apoptosis
HT-29,PARP1,IAP,10.0,1.0,0.001,0.1,85.66327163,1.0,0.0,100.0,-38.00312,large_intestine,MSS/MSI-L,Adherent,PARP1,DNA repair,DNA Damage Response,NIAP;XIAP;BIRC2;BIRC3,Cell death,Apoptosis
DU-4475,FGFR,EGFR,1.0,0.1,0.006403649,0.3958103,84.72074801,0.1,0.1765752,59.48674523,10.07089,breast,MSS/MSI-L,Suspension,FGFR1;FGFR2;FGFR3,Oncogenic signal,RTK,EGFR,Oncogenic signal,RTK
MDA-MB-468,BCL2_BCL2L1,ATR_4,1.0,1.0,0.257970488,1.2466619,58.5029647,0.383291126,10.0,78.59853494,18.67573,breast,MSS/MSI-L,Adherent,BCL2;BCL2L1,Cell death,Apoptosis,ATR,DNA repair,DNA Damage Response
SW48,MAP2K_1,BRAF_M2,0.1,3.0,0.066921162,0.9891215,0.0,1.195913349,0.982907,5.66838482,50.51814,large_intestine,MSI-H,Adherent,MAP2K1;MAP2K2,Oncogenic signal,MAPK,BRAF_V600E,Oncogenic signal,MAPK
HCC1395,MTOR_1,MAP2K_1,1.0,3.0,0.099357765,10.0,67.4495932,3.0,0.1313901,8.95037147,-27.21596,breast,MSS/MSI-L,Adherent,MTOR,Oncogenic signal,AKT/PI3K,MAP2K1;MAP2K2,Oncogenic signal,MAPK
NCI-H2170,Vinorelbine,BCL2L1,0.03,3.0,0.003792636,0.40151,0.0,0.429473075,1.0999521,18.41286582,35.46388,lung_NSCLC_squamous_cell_carcinoma,MSS/MSI-L,Adherent,microtubule;TUBB,DNA repair,Chemo,BCL2L1,Cell death,Apoptosis
NCI-SNU-16,MTOR_1,FGFR,1.0,0.01,0.487431654,2.0219415,9.80068633,0.007512835,2.7158804,0.0,4.670391,stomach,MSS/MSI-L,Suspension,MTOR,Oncogenic signal,AKT/PI3K,FGFR1;FGFR2;FGFR3,Oncogenic signal,RTK
HCC1937,PIP5K1,MAP2K_1,1.0,1.0,1.0,0.0,100.0,1.0,0.3314485,72.76314676,7.869519,breast,MSS/MSI-L,Adherent,PIP5K1*,Metabolism,Metabolism,MAP2K1;MAP2K2,Oncogenic signal,MAPK
Hs-578-T,SLC16A4,BCL2_BCL2L1,1.0,1.0,1.0,0.8274064,24.12683174,1.0,0.2534813,49.17397218,2.761414,breast,MSS/MSI-L,Adherent,SLC16A3;SLC16A4,Metabolism,Metabolism,BCL2;BCL2L1,Cell death,Apoptosis
J82,PIM1,PIK3C,3.0,3.0,0.09631107,1.8569083,85.88828964,1.450583142,0.8210556,0.0,33.36653,Bladder,MSS/MSI-L,Adherent,PIM1,Oncogenic signal,STK,PIK3C*,Oncogenic signal,AKT/PI3K
BFTC-905,FGFR,BCL2_BCL2L1,3.0,3.0,3.0,10.0,37.00077907,0.625625481,2.1850888,70.48733796,3.842503,Bladder,MSS/MSI-L,Adherent,FGFR1;FGFR2;FGFR3,Oncogenic signal,RTK,BCL2;BCL2L1,Cell death,Apoptosis
BFTC-905,PIM1,MAP2K_1,3.0,3.0,0.100774044,10.0,88.76665167,1.522730383,0.8993479,0.0,32.70071,Bladder,MSS/MSI-L,Adherent,PIM1,Oncogenic signal,STK,MAP2K1;MAP2K2,Oncogenic signal,MAPK
NCI-H1975,Topotecan,BCL2,1.0,3.0,0.170759947,3.4605921,25.01901159,0.797018796,2.2600904,72.40808404,28.82544,lung_NSCLC_adenocarcinoma,MSS/MSI-L,Adherent,TOP1;TOP1MT;DNA,DNA repair,Chemo,BCL2,Cell death,Apoptosis
MDA-MB-436,SLC16A4,PIK3CB_PIK3CD,1.0,1.0,1.0,0.0,100.0,1.0,0.7829328,40.34089416,13.25013,breast,MSS/MSI-L,Adherent,SLC16A3;SLC16A4,Metabolism,Metabolism,PIK3CB;PIK3CD,Oncogenic signal,AKT/PI3K
HCC1187,EGFR,AKT,0.1,1.0,1.0,0.0,100.0,0.295801462,1.4257239,55.7838228,4.246545,breast,MSS/MSI-L,Suspension,EGFR,Oncogenic signal,RTK,AKT1;AKT2;AKT3,Oncogenic signal,AKT/PI3K
Calu-6,PIK3C,ALK,3.0,3.0,3.0,0.5474042,66.54943404,2.749316251,3.5533551,0.0,0.8608555,lung_NSCLC_adenocarcinoma,MSS/MSI-L,Adherent,PIK3C*,Oncogenic signal,AKT/PI3K,ALK,Oncogenic signal,AKT/PI3K
CAL-120,PIM1,MAP2K_1,1.0,1.0,1.0,0.0,100.0,1.0,10.0,62.40002844,21.77097,breast,MSS/MSI-L,Adherent,PIM1,Oncogenic signal,STK,MAP2K1;MAP2K2,Oncogenic signal,MAPK
MDA-MB-453,EGFR,BCL2_BCL2L1,0.1,1.0,0.01085771,1.4428002,47.71073909,1.0,0.5143428,57.00407916,35.51502,breast,MSS/MSI-L,Adherent,EGFR,Oncogenic signal,RTK,BCL2;BCL2L1,Cell death,Apoptosis
MDA-MB-157,BCL2_BCL2L1,ATR_4,1.0,1.0,1.0,0.768985,57.48261506,0.324904656,10.0,38.49917655,-14.16465,breast,MSS/MSI-L,Adherent,BCL2;BCL2L1,Cell death,Apoptosis,ATR,DNA repair,DNA Damage Response
T47D,MTOR_1,ERBB,1.0,3.0,0.079690723,1.0772013,11.35562975,3.0,0.4837382,32.87599324,36.37694,breast,MSS/MSI-L,Adherent,MTOR,Oncogenic signal,AKT/PI3K,EGFR;ERBB*,Oncogenic signal,RTK
HCC1937,PIK3CB_PIK3CD,PARP1,1.0,3.0,0.174328408,0.8096585,70.21042714,3.0,0.9997052,56.94181459,26.99353,breast,MSS/MSI-L,Adherent,PIK3CB;PIK3CD,Oncogenic signal,AKT/PI3K,PARP1,DNA repair,DNA Damage Response
NCI-H2291,TOP2_2,IAP,3.0,3.0,1.253170592,0.7901587,0.0,0.32106521,10.0,89.89988813,9.961978,lung_NSCLC_adenocarcinoma,MSS/MSI-L,Adherent,TOP2*,DNA repair,Chemo,NIAP;XIAP;BIRC2;BIRC3,Cell death,Apoptosis
NCI-H1975,PIK3CB,IAP,3.0,3.0,2.046294895,0.7328419,35.50285478,3.0,0.220017,49.11787935,19.58189,lung_NSCLC_adenocarcinoma,MSS/MSI-L,Adherent,PIK3CB,Oncogenic signal,AKT/PI3K,NIAP;XIAP;BIRC2;BIRC3,Cell death,Apoptosis
HCC1569,PIK3C,AKT_1,3.0,3.0,0.321552907,1.4413987,34.86630655,1.183878635,0.4312203,0.0,29.80419,breast,MSI-H,Adherent,PIK3C*,Oncogenic signal,AKT/PI3K,AKT*,Oncogenic signal,AKT/PI3K
NCI-H1703,Gemcitabine,CSNK2A1_2,0.01,0.1,0.001317696,2.3981174,8.53781963,0.01075331,3.0045105,10.82934974,-12.59729,lung_NSCLC_adenocarcinoma,MSS/MSI-L,Adherent,DNA;RRM1;TYMS;CMPK1,Cell death,Chemo,CSNK2A1,Oncogenic signal,STK
M14,BCL2_BCL2L1,ATR_4,1.0,1.0,0.030276614,0.7838273,14.99625481,0.403857904,1.6333577,1.46488635,4.766941,melanoma,MSS/MSI-L,Adherent,BCL2;BCL2L1,Cell death,Apoptosis,ATR,DNA repair,DNA Damage Response
CAL-120,FGFR,ESR1,1.0,1.0,0.108075147,10.0,79.04977057,1.0,10.0,94.40013699,-6.589827,breast,MSS/MSI-L,Adherent,FGFR1;FGFR2;FGFR3,Oncogenic signal,RTK,ESR1,Oncogenic signal,Hormonal
HCC1187,PIK3CA_4,ERBB,1.0,1.0,0.189207356,1.2369042,50.19742637,1.0,10.0,90.00004953,10.27425,breast,MSS/MSI-L,Suspension,PIK3CA,Oncogenic signal,AKT/PI3K,EGFR;ERBB*,Oncogenic signal,RTK
NCI-H1437,MAP2K_1,BRAF_M,3.0,3.0,0.306061293,0.4315504,15.30511876,1.0,0.0,100.0,2.678,lung_NSCLC_adenocarcinoma,MSS/MSI-L,Adherent,MAP2K1;MAP2K2,Oncogenic signal,MAPK,BRAF_mut,Oncogenic signal,MAPK
SW780,TNF,AKT,0.03,3.0,0.03,0.2631948,2.24046635,0.547330645,1.1936284,20.2577313,24.32147,Bladder,MSS/MSI-L,Adherent,TNFA,Cell death,Apoptosis,AKT1;AKT2;AKT3,Oncogenic signal,AKT/PI3K
HCC1937,PIK3CA_4,ERBB,1.0,1.0,1.0,0.3112818,72.65586031,0.006875254,1.224304,77.90838181,16.48142,breast,MSS/MSI-L,Adherent,PIK3CA,Oncogenic signal,AKT/PI3K,EGFR;ERBB*,Oncogenic signal,RTK
NCI-H1703,CarboTaxol,BCL2,0.01,3.0,0.002042906,2.1554925,5.26289393,3.0,1.2614399,67.53938755,-11.26686,lung_NSCLC_adenocarcinoma,MSS/MSI-L,Adherent,DNA,DNA repair,Chemo,BCL2,Cell death,Apoptosis
HCC1806,ALK_IGFR,AKT_1,1.0,1.0,0.370679549,2.5620841,32.90337193,0.329133665,1.0280992,6.99742683,54.14674,breast,MSS/MSI-L,Adherent,ALK;IGF*R,Oncogenic signal,AKT/PI3K,AKT*,Oncogenic signal,AKT/PI3K
BT-20,ERBB,AKT,1.0,1.0,0.164626818,10.0,77.57808386,1.0,1.1563535,44.99069051,1.371758,breast,MSS/MSI-L,Adherent,EGFR;ERBB*,Oncogenic signal,RTK,AKT1;AKT2;AKT3,Oncogenic signal,AKT/PI3K
HT-1197,PIM1,BCL2_BCL2L1,3.0,3.0,0.0003,0.1,73.9941462,0.165538718,10.0,92.23748933,41.15449,Bladder,MSS/MSI-L,Adherent,PIM1,Oncogenic signal,STK,BCL2;BCL2L1,Cell death,Apoptosis
HCC38,FGFR,ESR1,1.0,1.0,0.041240988,2.6584512,86.28070223,1.0,0.0,100.0,16.90874,breast,MSS/MSI-L,Adherent,FGFR1;FGFR2;FGFR3,Oncogenic signal,RTK,ESR1,Oncogenic signal,Hormonal
CAL-148,MTOR_1,MAP2K_1,1.0,1.0,0.260360407,10.0,59.99812656,0.026992126,1.2375104,86.29130696,-1.391495,breast,MSS/MSI-L,Suspension,MTOR,Oncogenic signal,AKT/PI3K,MAP2K1;MAP2K2,Oncogenic signal,MAPK
NCI-H522,TOP2_2,PIM1,3.0,3.0,0.336011471,1.0662544,0.0,3.0,0.6881679,75.31380472,51.57545,lung_NSCLC_adenocarcinoma,MSS/MSI-L,Adherent,TOP2*,DNA repair,Chemo,PIM1,Oncogenic signal,STK
HCC70,MAP2K_3,BRAF_M2,0.3,3.0,0.157934699,0.8093723,0.0,0.143587519,3.4716189,52.2375356,17.70504,breast,MSS/MSI-L,Adherent,MAP2K*,Oncogenic signal,MAPK,BRAF_V600E,Oncogenic signal,MAPK
HCC1937,FGFR,AKT_SGK,1.0,1.0,1.0,0.0,100.0,0.17668178,1.5492887,72.39148588,1.705307,breast,MSS/MSI-L,Adherent,FGFR1;FGFR2;FGFR3,Oncogenic signal,RTK,AKT*;SGK*,Oncogenic signal,AKT/PI3K
NCI-H522,Gemcitabine,CSNK2A1_2,0.03,0.03,0.002465895,3.3481223,7.96167177,0.004138912,2.9618395,4.76737819,-11.43911,lung_NSCLC_adenocarcinoma,MSS/MSI-L,Adherent,DNA;RRM1;TYMS;CMPK1,Cell death,Chemo,CSNK2A1,Oncogenic signal,STK
BT-20,PIK3CA_4,BCL2_BCL2L1,1.0,1.0,0.344559465,1.2972852,55.86337031,1.0,1.4510167,55.20048489,17.25327,breast,MSS/MSI-L,Adherent,PIK3CA,Oncogenic signal,AKT/PI3K,BCL2;BCL2L1,Cell death,Apoptosis
A549,TOP2,Doxorubicin,3.0,0.1,0.0003,0.1,87.32427417,0.060921179,2.5065733,0.0,56.57299,lung_NSCLC_adenocarcinoma,MSS/MSI-L,Adherent,TOP2*;PRKDC,DNA repair,DNA Damage Response,TOP*;DNMT1,DNA repair,Chemo
SW780,PIM1,BCL2_BCL2L1,3.0,0.3,3.0,2.6731629,61.22840254,0.014071182,1.0709147,21.59314902,87.04385,Bladder,MSS/MSI-L,Adherent,PIM1,Oncogenic signal,STK,BCL2;BCL2L1,Cell death,Apoptosis
TCCSUP,PIK3CB_PIK3CD,PARP1,3.0,3.0,3.0,0.5948693,27.26259895,3.0,2.169745,43.60769516,42.80706,Bladder,MSS/MSI-L,Adherent,PIK3CB;PIK3CD,Oncogenic signal,AKT/PI3K,PARP1,DNA repair,DNA Damage Response
BFTC-905,PIM1,BCL2_BCL2L1,3.0,3.0,1.0,0.0,100.0,1.489457244,1.5546904,57.46989921,53.77934,Bladder,MSS/MSI-L,Adherent,PIM1,Oncogenic signal,STK,BCL2;BCL2L1,Cell death,Apoptosis
KMS-11,FGFR,ERBB,0.03,3.0,0.015902129,10.0,47.80876161,0.0003,0.1,90.39976905,-21.53985,myeloma,,Suspension,FGFR1;FGFR2;FGFR3,Oncogenic signal,RTK,EGFR;ERBB*,Oncogenic signal,RTK
NCI-H2085,CarboTaxol,BCL2L1,1.0,3.0,0.0001,0.1,14.77565078,0.099123234,1.8962371,61.71647894,95.21907,lung_NSCLC_adenocarcinoma,MSS/MSI-L,Adherent,DNA,DNA repair,Chemo,BCL2L1,Cell death,Apoptosis
MDA-MB-415,Chloroquine,AKT_1,10.0,3.0,0.220101984,1.1099641,93.38744376,0.176374196,1.5505511,29.79994979,23.26796,breast,MSS/MSI-L,Adherent,Thiamine,other,other,AKT*,Oncogenic signal,AKT/PI3K
RKO,Oxaliplatin,BCL2,3.0,3.0,1.317725376,2.876552,0.0,3.0,1.6194956,40.30368335,-3.900104,large_intestine,MSI-H,Adherent,DNA,DNA repair,Chemo,BCL2,Cell death,Apoptosis
BT-20,PIM1,BCL2_BCL2L1,1.0,1.0,1.0,0.4106004,62.0725523,1.0,0.9805972,66.94120915,21.39337,breast,MSS/MSI-L,Adherent,PIM1,Oncogenic signal,STK,BCL2;BCL2L1,Cell death,Apoptosis
M14,PIK3CA_4,BCL2_BCL2L1,1.0,1.0,1.0,10.0,76.40033328,0.036806989,0.8832468,15.64202439,5.604555,melanoma,MSS/MSI-L,Adherent,PIK3CA,Oncogenic signal,AKT/PI3K,BCL2;BCL2L1,Cell death,Apoptosis
MDA-MB-468,MTOR_1,ERBB,1.0,1.0,1.0,1.117996,53.04136267,0.06156273,1.6927586,86.94597818,45.40276,breast,MSS/MSI-L,Adherent,MTOR,Oncogenic signal,AKT/PI3K,EGFR;ERBB*,Oncogenic signal,RTK
NCI-H23,MTOR_1,ALK_2,3.0,3.0,0.159741932,1.3153747,23.23680521,0.50588455,0.4048828,0.0,57.50511,lung_NSCLC_adenocarcinoma,MSS/MSI-L,Adherent,MTOR,Oncogenic signal,AKT/PI3K,ALK,Oncogenic signal,RTK
HCC1569,CSNK2A1_2,AKT,0.1,3.0,0.002575237,1.4086728,20.42710761,1.053562061,0.4604586,0.0,2.081019,breast,MSI-H,Adherent,CSNK2A1,Oncogenic signal,STK,AKT1;AKT2;AKT3,Oncogenic signal,AKT/PI3K
MDA-MB-453,PIK3CA_4,MTOR_1,1.0,1.0,0.19168538,0.9816239,0.0,0.255956116,10.0,10.39774042,-1.500567,breast,MSS/MSI-L,Adherent,PIK3CA,Oncogenic signal,AKT/PI3K,MTOR,Oncogenic signal,AKT/PI3K
HCC1143,MAP2K_1,ATR_4,1.0,1.0,0.048078038,0.7211011,44.26562772,0.397592498,10.0,37.99387894,-32.06693,breast,MSS/MSI-L,Adherent,MAP2K1;MAP2K2,Oncogenic signal,MAPK,ATR,DNA repair,DNA Damage Response
J82,PIK3CB_PIK3CD,EG5,3.0,3.0,0.868511027,0.3813923,0.0,0.0003,0.1529908,0.0,15.53079,Bladder,MSS/MSI-L,Adherent,PIK3CB;PIK3CD,Oncogenic signal,AKT/PI3K,KIF11,Differentiation,EMT/migration
RKO,IAP,CHEK1,1.0,0.3,0.058438588,1.0379582,79.40308627,0.3,10.0,63.00048755,-1.013762,large_intestine,MSI-H,Adherent,NIAP;XIAP;BIRC2;BIRC3,Cell death,Apoptosis,CHEK1,DNA repair,DNA Damage Response
HCC1395,EGFR,BCL2_BCL2L1,0.1,1.0,1.0,0.0,100.0,1.0,0.0,100.0,25.22752,breast,MSS/MSI-L,Adherent,EGFR,Oncogenic signal,RTK,BCL2;BCL2L1,Cell death,Apoptosis
NCI-H2170,TOP2_2,IAP,3.0,3.0,1.319645045,1.0121429,0.0,3.0,0.3266155,49.75959457,24.07999,lung_NSCLC_squamous_cell_carcinoma,MSS/MSI-L,Adherent,TOP2*,DNA repair,Chemo,NIAP;XIAP;BIRC2;BIRC3,Cell death,Apoptosis
HCC1419,MAP2K_1,HSP90,1.0,1.0,0.19623204,1.9863358,64.71007508,0.082384241,1.7496869,14.19487636,5.856948,breast,MSS/MSI-L,Adherent,MAP2K1;MAP2K2,Oncogenic signal,MAPK,HSP90AA1,Cell death,Apoptosis
TCCSUP,Gemcitabine,ERBB,0.1,3.0,0.002802787,3.8470733,8.07273307,3.0,0.7260776,85.11499845,2.7314,Bladder,MSS/MSI-L,Adherent,DNA;RRM1;TYMS;CMPK1,Cell death,Chemo,EGFR;ERBB*,Oncogenic signal,RTK
T-24,FGFR,Cisplatin,3.0,3.0,0.0003,0.1,94.68316024,2.682124569,10.0,0.0,-2.680502,Bladder,MSS/MSI-L,Adherent,FGFR1;FGFR2;FGFR3,Oncogenic signal,RTK,DNA,DNA repair,Chemo
NCI-H2085,CSNK2A1_2,ALK,0.03,3.0,0.008803975,0.8132303,0.0,0.708213562,1.1611067,0.0,9.019851,lung_NSCLC_adenocarcinoma,MSS/MSI-L,Adherent,CSNK2A1,Oncogenic signal,STK,ALK,Oncogenic signal,AKT/PI3K
647-V,PIK3C,Cisplatin,3.0,3.0,1.703068601,1.3994172,25.69157774,1.506055822,3.4506553,0.0,10.24573,Bladder,MSS/MSI-L,Adherent,PIK3C*,Oncogenic signal,AKT/PI3K,DNA,DNA repair,Chemo
NCI-H1703,CSNK2A1_2,AKT,0.1,3.0,0.010632726,3.2111803,11.33381982,0.006865193,0.6639496,9.70857688,20.9673,lung_NSCLC_adenocarcinoma,MSS/MSI-L,Adherent,CSNK2A1,Oncogenic signal,STK,AKT1;AKT2;AKT3,Oncogenic signal,AKT/PI3K
HCC1395,MAP2K_1,ATR_4,1.0,1.0,1.0,0.5366011,53.75416498,0.396598016,1.9073156,7.61112814,3.644703,breast,MSS/MSI-L,Adherent,MAP2K1;MAP2K2,Oncogenic signal,MAPK,ATR,DNA repair,DNA Damage Response
NCI-H520,FGFR,ERBB,3.0,3.0,0.102621924,10.0,68.49976822,1.0,0.0,100.0,27.30015,lung_NSCLC_squamous_cell_carcinoma,MSS/MSI-L,Adherent,FGFR1;FGFR2;FGFR3,Oncogenic signal,RTK,EGFR;ERBB*,Oncogenic signal,RTK
NCI-H1703,MTOR_3,FGFR,3.0,3.0,0.00037037,0.1176014,0.0,1.74731751,1.1851174,3.78848408,8.901234,lung_NSCLC_adenocarcinoma,MSS/MSI-L,Adherent,MTOR,Oncogenic signal,AKT/PI3K,FGFR1;FGFR2;FGFR3,Oncogenic signal,RTK
HCC1187,ESR1_1,AKT_1,3.0,3.0,1.029386509,10.0,69.39930543,0.048849554,0.5855834,20.9511988,5.116957,breast,MSS/MSI-L,Suspension,ESR1,Oncogenic signal,Hormonal,AKT*,Oncogenic signal,AKT/PI3K
VCaP,AKT,ADAM17,1.0,10.0,0.662229319,1.024604,0.0,3.109985926,1.2137953,72.75883944,43.54851,prostate,MSS/MSI-L,Adherent,AKT1;AKT2;AKT3,Oncogenic signal,AKT/PI3K,ADAM17,Differentiation,EMT/migration
A549,SYK,CSNK2A1_2,3.0,0.1,3.0,3.1841877,47.60272238,0.016103092,4.0259759,8.7824004,14.82791,lung_NSCLC_adenocarcinoma,MSS/MSI-L,Adherent,SYK,Oncogenic signal,Cell Cycle,CSNK2A1,Oncogenic signal,STK
HCC1937,SLC16A4,FGFR,1.0,1.0,1.0,0.0,100.0,1.0,0.0,100.0,3.027099,breast,MSS/MSI-L,Adherent,SLC16A3;SLC16A4,Metabolism,Metabolism,FGFR1;FGFR2;FGFR3,Oncogenic signal,RTK
UM-UC-3,PIM1,EG5,3.0,0.003,1.0,0.0,100.0,0.003,0.5049423,76.15649905,-12.11929,Bladder,MSS/MSI-L,Adherent,PIM1,Oncogenic signal,STK,KIF11,Differentiation,EMT/migration
MDA-MB-157,TNKS_PARP6,FGFR,1.0,1.0,0.01349416,2.353106,15.03297001,0.028904341,10.0,37.83324578,25.96628,breast,MSS/MSI-L,Adherent,TNKS;PARP6,Oncogenic signal,Cell Cycle,FGFR1;FGFR2;FGFR3,Oncogenic signal,RTK
CAL-51,BCL2_BCL2L1,ATR_4,1.0,1.0,1.0,0.779481,69.59770329,0.236374917,3.210631,3.16178942,1.97932,breast,MSS/MSI-L,Adherent,BCL2;BCL2L1,Cell death,Apoptosis,ATR,DNA repair,DNA Damage Response
BT-474,PIK3C,MAP2K_3,3.0,0.3,0.549918504,2.0605606,0.08550147,0.023550131,0.8823573,49.25726424,27.23835,breast,MSS/MSI-L,Adherent,PIK3C*,Oncogenic signal,AKT/PI3K,MAP2K*,Oncogenic signal,MAPK
HCC1428,TNKS_PARP6,MTOR_1,1.0,1.0,0.026971111,10.0,45.93318026,1.0,0.809131,7.83369334,27.27083,breast,MSS/MSI-L,Adherent,TNKS;PARP6,Oncogenic signal,Cell Cycle,MTOR,Oncogenic signal,AKT/PI3K
NCI-H2228,CSNK2A1_2,Carboplatin,0.1,3.0,0.026225434,0.9301326,8.73182362,2.277404104,1.3240987,0.0,9.203872,lung_NSCLC_adenocarcinoma,MSS/MSI-L,Adherent,CSNK2A1,Oncogenic signal,STK,DNA,DNA repair,Chemo
CAL-51,TNKS_PARP6,PIK3CB_PIK3CD,1.0,1.0,0.133703819,10.0,1.78482571,1.0,0.2550211,72.10198193,0.2724118,breast,MSS/MSI-L,Adherent,TNKS;PARP6,Oncogenic signal,Cell Cycle,PIK3CB;PIK3CD,Oncogenic signal,AKT/PI3K
647-V,FGFR,BCL2_BCL2L1,3.0,3.0,3.0,10.0,94.00009494,1.586022645,0.9172571,0.0,-24.74415,Bladder,MSS/MSI-L,Adherent,FGFR1;FGFR2;FGFR3,Oncogenic signal,RTK,BCL2;BCL2L1,Cell death,Apoptosis
HCC70,MTOR_1,ADAM17,1.0,75.0,0.292514285,10.0,46.69960119,1.0,0.0,100.0,30.20681,breast,MSS/MSI-L,Adherent,MTOR,Oncogenic signal,AKT/PI3K,ADAM17,Differentiation,EMT/migration
MDA-MB-415,PIK3C,AKT_1,3.0,3.0,2.79555409,2.0490299,0.0,0.345582175,0.9038641,29.22666674,62.91568,breast,MSS/MSI-L,Adherent,PIK3C*,Oncogenic signal,AKT/PI3K,AKT*,Oncogenic signal,AKT/PI3K
HT-29,Oxaliplatin,IAP,10.0,1.0,2.673286217,1.3318918,0.0,0.332442897,2.8825298,81.8780568,11.12446,large_intestine,MSS/MSI-L,Adherent,DNA,DNA repair,Chemo,NIAP;XIAP;BIRC2;BIRC3,Cell death,Apoptosis
COLO-205,IGFR_4,IAP,10.0,1.0,0.213376074,1.0382958,4.76906169,1.0,0.5253279,46.1250358,11.25531,large_intestine,MSS/MSI-L,Suspension,IGF*R,Oncogenic signal,RTK,NIAP;XIAP;BIRC2;BIRC3,Cell death,Apoptosis
HCC1187,MAP2K_1,FASN,1.0,1.0,0.15358874,1.0196398,47.81467606,1.0,0.0,100.0,21.39638,breast,MSS/MSI-L,Suspension,MAP2K1;MAP2K2,Oncogenic signal,MAPK,FASN,Metabolism,Metabolism
HCC1937,PIM1,BCL2_BCL2L1,1.0,1.0,1.0,10.0,89.00009214,0.338583977,10.0,77.79955368,46.25026,breast,MSS/MSI-L,Adherent,PIM1,Oncogenic signal,STK,BCL2;BCL2L1,Cell death,Apoptosis
HCC1937,MAP2K_1,ESR1,1.0,1.0,0.84573123,0.6055105,69.10984591,1.0,0.0,100.0,3.267776,breast,MSS/MSI-L,Adherent,MAP2K1;MAP2K2,Oncogenic signal,MAPK,ESR1,Oncogenic signal,Hormonal
HCC1187,TNKS_PARP6,PIK3CB_PIK3CD,1.0,1.0,0.018281211,1.820252,3.84576165,0.60197305,1.041648,54.15003289,10.14969,breast,MSS/MSI-L,Suspension,TNKS;PARP6,Oncogenic signal,Cell Cycle,PIK3CB;PIK3CD,Oncogenic signal,AKT/PI3K
647-V,TNFSF10,PIK3C,0.03,3.0,1.0,0.0,100.0,1.007332855,10.0,58.89924971,15.84675,Bladder,MSS/MSI-L,Adherent,TNFSF10,Cell death,Apoptosis,PIK3C*,Oncogenic signal,AKT/PI3K
MDA-MB-231,ERBB,AKT,1.0,1.0,1.0,0.0,100.0,0.996100873,9.9999824,80.97164698,13.87838,breast,MSS/MSI-L,Adherent,EGFR;ERBB*,Oncogenic signal,RTK,AKT1;AKT2;AKT3,Oncogenic signal,AKT/PI3K
MDA-MB-453,PIK3CA_4,ERBB,1.0,1.0,0.189480742,1.0781851,2.16660258,0.285128576,10.0,54.19961719,19.02323,breast,MSS/MSI-L,Adherent,PIK3CA,Oncogenic signal,AKT/PI3K,EGFR;ERBB*,Oncogenic signal,RTK
HCC1187,PIK3C,MAP2K_3,3.0,0.3,0.344462689,1.2708662,12.37442058,0.011645489,1.0610434,51.32102111,50.61146,breast,MSS/MSI-L,Suspension,PIK3C*,Oncogenic signal,AKT/PI3K,MAP2K*,Oncogenic signal,MAPK
BFTC-905,Gemcitabine,ERBB,0.1,3.0,0.000972456,3.8133052,1.06402705,0.275348322,10.0,84.04975976,-1.628266,Bladder,MSS/MSI-L,Adherent,DNA;RRM1;TYMS;CMPK1,Cell death,Chemo,EGFR;ERBB*,Oncogenic signal,RTK
MDA-MB-361,HDAC_4,AKT,1.0,1.0,0.329827395,10.0,35.19899628,0.241296881,3.9159513,40.37546581,-15.37092,breast,MSS/MSI-L,Adherent,HDAC*,Differentiation,Epigenetic,AKT1;AKT2;AKT3,Oncogenic signal,AKT/PI3K
MDA-MB-436,BCL2_BCL2L1,ADAM17,1.0,75.0,1.0,10.0,76.00006623,1.0,0.0,100.0,-1.782822,breast,MSS/MSI-L,Adherent,BCL2;BCL2L1,Cell death,Apoptosis,ADAM17,Differentiation,EMT/migration
A549,CarboTaxol,BCL2L1,0.01,3.0,0.002484574,10.0,16.4974206,0.01311055,0.4780745,14.51963396,22.42314,lung_NSCLC_adenocarcinoma,MSS/MSI-L,Adherent,DNA,DNA repair,Chemo,BCL2L1,Cell death,Apoptosis
SW48,PIK3C,IAP,10.0,1.0,0.128089557,1.0413579,11.30269425,0.0001,0.1,82.28288813,-22.10678,large_intestine,MSI-H,Adherent,PIK3C*,Oncogenic signal,AKT/PI3K,NIAP;XIAP;BIRC2;BIRC3,Cell death,Apoptosis
A549,PIK3C,ADAM17,3.0,10.0,3.0,1.1408174,10.13679518,1.0,0.0,100.0,-1.536877,lung_NSCLC_adenocarcinoma,MSS/MSI-L,Adherent,PIK3C*,Oncogenic signal,AKT/PI3K,ADAM17,Differentiation,EMT/migration
HCC38,ALK_IGFR,AKT,1.0,1.0,0.338026653,10.0,75.49952131,1.0,10.0,63.40009908,-4.917333,breast,MSS/MSI-L,Adherent,ALK;IGF*R,Oncogenic signal,AKT/PI3K,AKT1;AKT2;AKT3,Oncogenic signal,AKT/PI3K
CAMA-1,SLC16A4,FGFR,1.0,1.0,0.332365766,10.0,94.69991215,1.0,10.0,90.00022634,-7.385175,breast,MSS/MSI-L,Adherent,SLC16A3;SLC16A4,Metabolism,Metabolism,FGFR1;FGFR2;FGFR3,Oncogenic signal,RTK
NCI-H2170,IAP,ATR_4,3.0,3.0,0.037019162,0.3008634,74.60744959,1.069807748,10.0,59.39864103,-41.92062,lung_NSCLC_squamous_cell_carcinoma,MSS/MSI-L,Adherent,NIAP;XIAP;BIRC2;BIRC3,Cell death,Apoptosis,ATR,DNA repair,DNA Damage Response
HCC1500,MTOR_3,FGFR,1.0,1.0,0.000216788,9.7969963,11.28000002,0.337601849,0.6963943,0.0,8.332362,breast,MSS/MSI-L,Adherent,MTOR,Oncogenic signal,AKT/PI3K,FGFR1;FGFR2;FGFR3,Oncogenic signal,RTK
NCI-H2170,TNFSF10,CSNK2A1_2,0.03,0.03,0.011180178,0.8915533,42.06117546,0.004498948,2.7697401,11.47131024,-16.27782,lung_NSCLC_squamous_cell_carcinoma,MSS/MSI-L,Adherent,TNFSF10,Cell death,Apoptosis,CSNK2A1,Oncogenic signal,STK
NCI-H1563,CSNK2A1_2,BCL2,0.03,3.0,0.012594442,1.3066145,0.0,3.0,1.4972088,0.0,32.83178,lung_NSCLC_adenocarcinoma,MSS/MSI-L,Adherent,CSNK2A1,Oncogenic signal,STK,BCL2,Cell death,Apoptosis
HCC1143,AKT_1,AKT,1.0,1.0,1.0,0.711134,59.15155633,0.387543358,1.4073373,67.97330883,-1.907244,breast,MSS/MSI-L,Adherent,AKT*,Oncogenic signal,AKT/PI3K,AKT1;AKT2;AKT3,Oncogenic signal,AKT/PI3K
HCC1428,MAP2K_1,EGFR,1.0,0.1,1.0,0.0,100.0,1.0,0.0,100.0,-30.01339,breast,MSS/MSI-L,Adherent,MAP2K1;MAP2K2,Oncogenic signal,MAPK,EGFR,Oncogenic signal,RTK
DU-4475,EGFR,AKT_1,0.1,1.0,1e-05,0.1,83.94014821,0.078925759,0.72026,0.0,5.43217,breast,MSS/MSI-L,Suspension,EGFR,Oncogenic signal,RTK,AKT*,Oncogenic signal,AKT/PI3K
NCI-H358,PIK3CA_3,CSNK2A1_2,3.0,0.1,0.784384646,4.8130651,78.76662383,0.01090093,3.3311322,15.73507229,21.87577,lung_NSCLC_adenocarcinoma,MSS/MSI-L,Adherent,PIK3CA,Oncogenic signal,AKT/PI3K,CSNK2A1,Oncogenic signal,STK
MFM-223,SLC16A4,MAP2K_1,1.0,1.0,1.0,0.0,100.0,1.0,0.0,100.0,-16.60417,breast,MSS/MSI-L,Adherent,SLC16A3;SLC16A4,Metabolism,Metabolism,MAP2K1;MAP2K2,Oncogenic signal,MAPK
T-24,MAP2K_1,ATR_4,3.0,3.0,0.338030951,0.8653168,15.31846753,1.042749811,10.0,10.79767751,-12.31054,Bladder,MSS/MSI-L,Adherent,MAP2K1;MAP2K2,Oncogenic signal,MAPK,ATR,DNA repair,DNA Damage Response
J82,PARP1,Gemcitabine,3.0,0.1,3.0,0.3879193,56.20936696,0.004548761,2.8560808,4.0706491,-5.533376,Bladder,MSS/MSI-L,Adherent,PARP1,DNA repair,DNA Damage Response,DNA;RRM1;TYMS;CMPK1,Cell death,Chemo
SW780,PIK3C,MTOR_1,3.0,3.0,3.0,10.0,84.80069114,0.522235472,2.1688393,32.59056,-5.727665,Bladder,MSS/MSI-L,Adherent,PIK3C*,Oncogenic signal,AKT/PI3K,MTOR,Oncogenic signal,AKT/PI3K
HCC1569,BCL2_2,AKT_1,3.0,3.0,3.0,0.5079084,29.09775432,0.908358551,0.4662002,5.70407576,-3.897672,breast,MSI-H,Adherent,BCL2,Cell death,Apoptosis,AKT*,Oncogenic signal,AKT/PI3K
MDA-MB-468,MTOR_1,FGFR,1.0,1.0,1.0,10.0,67.20008745,1.0,0.0,100.0,3.196663,breast,MSS/MSI-L,Adherent,MTOR,Oncogenic signal,AKT/PI3K,FGFR1;FGFR2;FGFR3,Oncogenic signal,RTK
NCI-H520,Vinorelbine,BCL2_2,0.01,3.0,0.003225109,10.0,80.09972394,1.0,0.0,100.0,-5.42179,lung_NSCLC_squamous_cell_carcinoma,MSS/MSI-L,Adherent,microtubule;TUBB,DNA repair,Chemo,BCL2,Cell death,Apoptosis
TCCSUP,PIK3C,PARP1,1.0,3.0,0.487127518,1.3285988,39.34477899,1.4831543,1.5126957,56.87018574,8.959762,Bladder,MSS/MSI-L,Adherent,PIK3C*,Oncogenic signal,AKT/PI3K,PARP1,DNA repair,DNA Damage Response
NCI-H1299,MTOR_1,ALK,3.0,3.0,0.208949492,1.3577452,8.58032935,0.640027783,1.1121108,0.0,33.92858,lung_NSCLC_large cell,MSS/MSI-L,Adherent,MTOR,Oncogenic signal,AKT/PI3K,ALK,Oncogenic signal,AKT/PI3K
HCC1143,SLC16A4,BCL2_BCL2L1,1.0,1.0,0.0001,0.1,91.35543813,1.0,0.8029025,11.54098852,4.043294,breast,MSS/MSI-L,Adherent,SLC16A3;SLC16A4,Metabolism,Metabolism,BCL2;BCL2L1,Cell death,Apoptosis
CAL-148,PIK3C_2,AKT,1.0,1.0,1.0,10.0,52.40001178,0.142786506,1.3518775,0.0,0.7499019,breast,MSS/MSI-L,Suspension,PIK3C*,Oncogenic signal,AKT/PI3K,AKT1;AKT2;AKT3,Oncogenic signal,AKT/PI3K
NCI-H2228,TNFSF10,CSNK2A1_2,0.03,0.1,0.008426089,2.2696739,33.22189618,0.027232347,0.6873393,0.0,17.88657,lung_NSCLC_adenocarcinoma,MSS/MSI-L,Adherent,TNFSF10,Cell death,Apoptosis,CSNK2A1,Oncogenic signal,STK
HCC1395,MAP2K_1,FASN,1.0,1.0,1.0,0.5016211,65.64993088,0.176588975,0.4262742,94.77660351,28.34448,breast,MSS/MSI-L,Adherent,MAP2K1;MAP2K2,Oncogenic signal,MAPK,FASN,Metabolism,Metabolism
SW48,Oxaliplatin,BCL2,0.3,3.0,0.036606905,10.0,32.59883072,0.633249945,1.3049306,41.41872318,33.7206,large_intestine,MSI-H,Adherent,DNA,DNA repair,Chemo,BCL2,Cell death,Apoptosis
NCI-H520,WNT,FGFR,3.0,3.0,0.145916931,0.8413629,10.36075311,0.073434778,2.2805514,62.72759456,31.17159,lung_NSCLC_squamous_cell_carcinoma,MSS/MSI-L,Adherent,WNT*;TNKS,Differentiation,EMT/migration,FGFR1;FGFR2;FGFR3,Oncogenic signal,RTK
HCC38,PIK3CA_4,MTOR_1,1.0,1.0,1.0,0.0,100.0,0.248106794,1.8370116,74.9325291,5.431198,breast,MSS/MSI-L,Adherent,PIK3CA,Oncogenic signal,AKT/PI3K,MTOR,Oncogenic signal,AKT/PI3K
MDA-MB-436,FGFR,ERBB,1.0,1.0,0.095812749,0.8172132,87.06407884,0.114823454,10.0,84.54949093,-5.823226,breast,MSS/MSI-L,Adherent,FGFR1;FGFR2;FGFR3,Oncogenic signal,RTK,EGFR;ERBB*,Oncogenic signal,RTK
HCC1428,MAP2K_1,ADAM17,1.0,75.0,1.0,0.0,100.0,1.0,0.0,100.0,-9.439825,breast,MSS/MSI-L,Adherent,MAP2K1;MAP2K2,Oncogenic signal,MAPK,ADAM17,Differentiation,EMT/migration
CAL-148,PIM1,BCL2_BCL2L1,1.0,1.0,0.099535775,10.0,89.24994098,0.349467584,2.5890545,39.5757224,64.96824,breast,MSS/MSI-L,Suspension,PIM1,Oncogenic signal,STK,BCL2;BCL2L1,Cell death,Apoptosis
TCCSUP,HDAC_4,AKT,3.0,3.0,0.601997228,1.1994691,0.0,0.082556326,0.667063,43.69435114,-16.70528,Bladder,MSS/MSI-L,Adherent,HDAC*,Differentiation,Epigenetic,AKT1;AKT2;AKT3,Oncogenic signal,AKT/PI3K
HT-1376,PIK3C,HSP90,3.0,3.0,1.227831773,0.7782513,0.0,0.076789196,1.253828,12.05488682,-2.994842,Bladder,MSS/MSI-L,Adherent,PIK3C*,Oncogenic signal,AKT/PI3K,HSP90AA1,Cell death,Apoptosis
J82,PIK3C,MAP2K_1,3.0,3.0,0.906616547,0.854109,17.97490329,0.034950154,0.8812765,64.2519217,31.16874,Bladder,MSS/MSI-L,Adherent,PIK3C*,Oncogenic signal,AKT/PI3K,MAP2K1;MAP2K2,Oncogenic signal,MAPK
NCI-H2228,MAP2K_1,BRAF_M2,3.0,3.0,0.393555216,1.1134933,41.19126916,3.0,0.9424405,28.50792427,75.0193,lung_NSCLC_adenocarcinoma,MSS/MSI-L,Adherent,MAP2K1;MAP2K2,Oncogenic signal,MAPK,BRAF_V600E,Oncogenic signal,MAPK
LS-513,PIK3CB,IAP,10.0,1.0,10.0,10.0,43.6002123,0.300244786,2.812975,87.50063605,-8.846129,large_intestine,MSS/MSI-L,Adherent,PIK3CB,Oncogenic signal,AKT/PI3K,NIAP;XIAP;BIRC2;BIRC3,Cell death,Apoptosis
NCI-H1703,FGFR,AKT,3.0,3.0,1.841599454,1.2789177,0.0,0.247722223,1.3437034,10.89229633,-13.64501,lung_NSCLC_adenocarcinoma,MSS/MSI-L,Adherent,FGFR1;FGFR2;FGFR3,Oncogenic signal,RTK,AKT1;AKT2;AKT3,Oncogenic signal,AKT/PI3K
T-24,MAP2K_1,BCL2_BCL2L1,3.0,0.3,0.784025132,0.7552391,0.0,0.3,0.9557467,87.62098138,-11.02539,Bladder,MSS/MSI-L,Adherent,MAP2K1;MAP2K2,Oncogenic signal,MAPK,BCL2;BCL2L1,Cell death,Apoptosis
NCI-H2228,Vinorelbine,IAP,0.1,0.3,0.035879209,2.6673831,31.95782836,0.014443814,0.8443125,29.47509651,31.61591,lung_NSCLC_adenocarcinoma,MSS/MSI-L,Adherent,microtubule;TUBB,DNA repair,Chemo,NIAP;XIAP;BIRC2;BIRC3,Cell death,Apoptosis
NCI-H1793,CSNK2A1_2,AKT,0.1,3.0,0.011763718,1.6387627,5.02876153,3.0,1.1922244,44.49546473,86.79528,lung_NSCLC_adenocarcinoma,MSS/MSI-L,Adherent,CSNK2A1,Oncogenic signal,STK,AKT1;AKT2;AKT3,Oncogenic signal,AKT/PI3K
CAMA-1,FGFR,ADAM17,1.0,75.0,1.0,0.6988466,67.49730353,0.0075,0.1,92.97320008,-13.51262,breast,MSS/MSI-L,Adherent,FGFR1;FGFR2;FGFR3,Oncogenic signal,RTK,ADAM17,Differentiation,EMT/migration
CAL-148,PIK3C,PARP1,1.0,3.0,1.0,1.3147556,10.98186359,3.0,0.3216496,48.00411407,32.29261,breast,MSS/MSI-L,Suspension,PIK3C*,Oncogenic signal,AKT/PI3K,PARP1,DNA repair,DNA Damage Response
MDA-MB-157,FGFR,AKT_SGK,1.0,1.0,0.032447204,1.6213004,35.06672619,0.17414526,10.0,88.54248421,0.9583384,breast,MSS/MSI-L,Adherent,FGFR1;FGFR2;FGFR3,Oncogenic signal,RTK,AKT*;SGK*,Oncogenic signal,AKT/PI3K
MDA-MB-231,EGFR,BCL2_BCL2L1,0.1,1.0,1.0,0.0,100.0,0.315943596,10.0,69.19965798,14.30364,breast,MSS/MSI-L,Adherent,EGFR,Oncogenic signal,RTK,BCL2;BCL2L1,Cell death,Apoptosis
HT-1376,HDAC_4,ATR_4,3.0,3.0,0.557111618,1.7865034,8.30781157,1.347715925,2.0360867,13.16833959,-47.11859,Bladder,MSS/MSI-L,Adherent,HDAC*,Differentiation,Epigenetic,ATR,DNA repair,DNA Damage Response
BT-549,PIK3C_2,AKT,1.0,1.0,0.331070308,10.0,40.39904615,0.234812607,3.1495762,52.69095311,3.142523,breast,MSS/MSI-L,Adherent,PIK3C*,Oncogenic signal,AKT/PI3K,AKT1;AKT2;AKT3,Oncogenic signal,AKT/PI3K
BT-20,PIK3C,MTOR_1,3.0,3.0,0.671590667,0.5421931,0.0,0.136340046,0.9398378,0.0,5.682313,breast,MSS/MSI-L,Adherent,PIK3C*,Oncogenic signal,AKT/PI3K,MTOR,Oncogenic signal,AKT/PI3K
NCI-H1299,Gemcitabine,CSNK2A1_2,0.01,0.1,0.00233503,4.751752,7.80794941,0.027940666,2.6384684,9.58753453,-11.92074,lung_NSCLC_large cell,MSS/MSI-L,Adherent,DNA;RRM1;TYMS;CMPK1,Cell death,Chemo,CSNK2A1,Oncogenic signal,STK
MDA-MB-468,MTOR_1,FASN,1.0,1.0,0.016354081,10.0,88.35297971,0.094608347,10.0,85.19988279,-1.167269,breast,MSS/MSI-L,Adherent,MTOR,Oncogenic signal,AKT/PI3K,FASN,Metabolism,Metabolism
CAL-148,MTOR_1,FASN,1.0,1.0,0.081707481,3.0422146,81.1849509,1.0,0.0,100.0,-8.579723,breast,MSS/MSI-L,Suspension,MTOR,Oncogenic signal,AKT/PI3K,FASN,Metabolism,Metabolism
647-V,PIK3C,MTOR_1,3.0,1.0,1.134503527,2.1103553,51.6106394,0.368597941,3.5097813,47.36161243,29.48449,Bladder,MSS/MSI-L,Adherent,PIK3C*,Oncogenic signal,AKT/PI3K,MTOR,Oncogenic signal,AKT/PI3K
MDA-MB-157,MTOR_1,MAP2K_1,1.0,1.0,0.695968504,0.610485,0.0,0.054206659,0.8427751,59.46207991,23.27338,breast,MSS/MSI-L,Adherent,MTOR,Oncogenic signal,AKT/PI3K,MAP2K1;MAP2K2,Oncogenic signal,MAPK
MDA-MB-453,MAP2K_1,ATR_4,1.0,1.0,1.0,0.0,100.0,0.182330712,2.1922276,5.73030842,-35.10474,breast,MSS/MSI-L,Adherent,MAP2K1;MAP2K2,Oncogenic signal,MAPK,ATR,DNA repair,DNA Damage Response
CAL-51,FGFR,BCL2_BCL2L1,1.0,1.0,0.086902541,10.0,85.79987976,1.0,1.1658267,70.90039986,4.53158,breast,MSS/MSI-L,Adherent,FGFR1;FGFR2;FGFR3,Oncogenic signal,RTK,BCL2;BCL2L1,Cell death,Apoptosis
MDA-MB-157,AKT_1,AKT,1.0,1.0,0.273608498,10.0,71.19925913,1.0,0.524746,52.82954956,10.64372,breast,MSS/MSI-L,Adherent,AKT*,Oncogenic signal,AKT/PI3K,AKT1;AKT2;AKT3,Oncogenic signal,AKT/PI3K
A549,MTOR_1,ALK_2,3.0,3.0,0.896292006,2.3307487,67.32208779,3.0,1.1091575,19.52176384,75.93458,lung_NSCLC_adenocarcinoma,MSS/MSI-L,Adherent,MTOR,Oncogenic signal,AKT/PI3K,ALK,Oncogenic signal,RTK
HCC1395,PIK3C,MAP2K_1,1.0,1.0,0.387576961,2.4954157,41.92125493,0.08174213,1.905716,86.46224252,30.92811,breast,MSS/MSI-L,Adherent,PIK3C*,Oncogenic signal,AKT/PI3K,MAP2K1;MAP2K2,Oncogenic signal,MAPK
MDA-MB-231,PIM1,MAP2K_1,1.0,1.0,0.128338944,4.2070369,91.88884534,0.539326594,0.9928565,26.61818699,18.82947,breast,MSS/MSI-L,Adherent,PIM1,Oncogenic signal,STK,MAP2K1;MAP2K2,Oncogenic signal,MAPK
MDA-MB-231,BCL2_BCL2L1,AKT_1,1.0,1.0,0.584445624,1.0686201,33.48026499,1.0,0.3576304,58.64172515,19.36771,breast,MSS/MSI-L,Adherent,BCL2;BCL2L1,Cell death,Apoptosis,AKT*,Oncogenic signal,AKT/PI3K
T47D,BCL2L1,AKT,3.0,3.0,0.161468474,5.3007291,92.00317472,0.146388742,1.393379,31.90377928,21.49142,breast,MSS/MSI-L,Adherent,BCL2L1,Cell death,Apoptosis,AKT1;AKT2;AKT3,Oncogenic signal,AKT/PI3K
Calu-6,CarboTaxol,BCL2L1,0.01,3.0,0.001473401,3.5826552,8.77436206,0.019670096,1.0805047,66.42593965,6.415182,lung_NSCLC_adenocarcinoma,MSS/MSI-L,Adherent,DNA,DNA repair,Chemo,BCL2L1,Cell death,Apoptosis
SW620,MTOR,JAK,0.3,1.0,0.104202608,10.0,72.89929932,1.0,2.3318379,64.25924521,-4.735825,large_intestine,MSS/MSI-L,Adherent,MTOR,Oncogenic signal,AKT/PI3K,JAK1;JAK2,Oncogenic signal,Cell Cycle
NCI-H23,PIK3CA_3,CSNK2A1_2,3.0,0.1,3.0,0.3483629,10.1214624,0.005988634,1.2491345,6.91443448,25.20792,lung_NSCLC_adenocarcinoma,MSS/MSI-L,Adherent,PIK3CA,Oncogenic signal,AKT/PI3K,CSNK2A1,Oncogenic signal,STK
NCI-H358,PIK3C,ADAM17,3.0,10.0,0.455376363,1.493332,43.91740559,10.0,10.0,92.60000238,-22.61053,lung_NSCLC_adenocarcinoma,MSS/MSI-L,Adherent,PIK3C*,Oncogenic signal,AKT/PI3K,ADAM17,Differentiation,EMT/migration
SW837,MTOR,JAK,0.3,3.0,0.3,0.9919805,1.73081602,1.96315118,1.6144252,11.92952299,-17.85627,large_intestine,MSS/MSI-L,Adherent,MTOR,Oncogenic signal,AKT/PI3K,JAK1;JAK2,Oncogenic signal,Cell Cycle
NCI-H2228,IAP,BCL2L1,0.3,3.0,0.006847133,0.7278681,31.85388194,3.0,0.3302776,7.2054114,65.09498,lung_NSCLC_adenocarcinoma,MSS/MSI-L,Adherent,NIAP;XIAP;BIRC2;BIRC3,Cell death,Apoptosis,BCL2L1,Cell death,Apoptosis
647-V,PIK3CB_PIK3CD,PARP1,3.0,3.0,0.709259696,1.4929412,9.24117665,3.0,10.0,92.80005411,26.65507,Bladder,MSS/MSI-L,Adherent,PIK3CB;PIK3CD,Oncogenic signal,AKT/PI3K,PARP1,DNA repair,DNA Damage Response
HCC1937,SLC16A4,MTOR_1,1.0,1.0,1.0,0.0,100.0,1.0,0.6645058,58.67046932,0.8719713,breast,MSS/MSI-L,Adherent,SLC16A3;SLC16A4,Metabolism,Metabolism,MTOR,Oncogenic signal,AKT/PI3K
HCC1143,PIK3CA_4,PIK3C_2,1.0,1.0,1.0,0.8864582,50.34324307,1.0,1.5421686,12.66677665,0.2602172,breast,MSS/MSI-L,Adherent,PIK3CA,Oncogenic signal,AKT/PI3K,PIK3C*,Oncogenic signal,AKT/PI3K
NCI-H2085,MAP2K_1,BRAF_M2,3.0,3.0,0.147802286,1.3858519,30.05027217,3.0,0.5530347,26.05399864,28.28184,lung_NSCLC_adenocarcinoma,MSS/MSI-L,Adherent,MAP2K1;MAP2K2,Oncogenic signal,MAPK,BRAF_V600E,Oncogenic signal,MAPK
NCI-H358,TNFSF10,CSNK2A1_2,0.03,0.1,0.008018041,1.7822184,45.75786814,0.010204861,6.3118494,18.64919278,7.644483,lung_NSCLC_adenocarcinoma,MSS/MSI-L,Adherent,TNFSF10,Cell death,Apoptosis,CSNK2A1,Oncogenic signal,STK
NCI-H1563,TOP2,Doxorubicin,3.0,0.03,0.0003,0.360416,4.51825177,0.011992972,1.0647192,0.0,-2.529866,lung_NSCLC_adenocarcinoma,MSS/MSI-L,Adherent,TOP2*;PRKDC,DNA repair,DNA Damage Response,TOP*;DNMT1,DNA repair,Chemo
MDA-MB-157,PIK3CB_PIK3CD,ALK_IGFR,1.0,1.0,1.0,0.5217366,22.83788071,0.577489567,1.9828503,0.0,52.80788,breast,MSS/MSI-L,Adherent,PIK3CB;PIK3CD,Oncogenic signal,AKT/PI3K,ALK;IGF*R,Oncogenic signal,AKT/PI3K
NCI-H2291,CarboTaxol,ATR_4,0.3,3.0,0.004499537,1.1127224,53.21374427,1.307301398,10.0,48.58730825,23.43637,lung_NSCLC_adenocarcinoma,MSS/MSI-L,Adherent,DNA,DNA repair,Chemo,ATR,DNA repair,DNA Damage Response
MFM-223,SLC16A4,BCL2_BCL2L1,1.0,1.0,1.0,0.0,100.0,1.0,2.6457979,18.00255372,8.109478,breast,MSS/MSI-L,Adherent,SLC16A3;SLC16A4,Metabolism,Metabolism,BCL2;BCL2L1,Cell death,Apoptosis
NCI-H226,MAP2K_1,BRAF_M,3.0,3.0,1.519481245,0.5355549,0.0,0.064755564,0.9635187,85.12508579,46.08304,lung_NSCLC_squamous_cell_carcinoma,MSS/MSI-L,Adherent,MAP2K1;MAP2K2,Oncogenic signal,MAPK,BRAF_mut,Oncogenic signal,MAPK
MDA-MB-468,MAP2K_1,EGFR,1.0,0.1,0.194287655,2.9571838,92.2709394,0.028376821,2.9416662,81.26014248,100.9543,breast,MSS/MSI-L,Adherent,MAP2K1;MAP2K2,Oncogenic signal,MAPK,EGFR,Oncogenic signal,RTK
NCI-H358,Vinorelbine,BCL2_2,0.03,3.0,0.010644821,10.0,54.39854861,1.0,0.0,100.0,7.780747,lung_NSCLC_adenocarcinoma,MSS/MSI-L,Adherent,microtubule;TUBB,DNA repair,Chemo,BCL2,Cell death,Apoptosis
MDA-MB-157,PIP5K1,MAP2K_1,1.0,1.0,1.0,0.0,100.0,0.102680802,0.8706464,56.49592002,-7.861925,breast,MSS/MSI-L,Adherent,PIP5K1*,Metabolism,Metabolism,MAP2K1;MAP2K2,Oncogenic signal,MAPK
TCCSUP,PIM1,BCL2_BCL2L1,3.0,3.0,3.0,0.5609867,73.85906834,1.0,0.0,100.0,11.05319,Bladder,MSS/MSI-L,Adherent,PIM1,Oncogenic signal,STK,BCL2;BCL2L1,Cell death,Apoptosis
MDA-MB-453,PIP5K1,PIK3C,1.0,1.0,0.431634337,10.0,88.29737357,0.197764852,1.5458108,2.62939267,-15.98586,breast,MSS/MSI-L,Adherent,PIP5K1*,Metabolism,Metabolism,PIK3C*,Oncogenic signal,AKT/PI3K
DU-4475,BCL2_BCL2L1,ATR_4,1.0,1.0,0.000100766,7.8270701,0.16,0.095337824,1.707715,0.0,-0.07895348,breast,MSS/MSI-L,Suspension,BCL2;BCL2L1,Cell death,Apoptosis,ATR,DNA repair,DNA Damage Response
HCC1395,PIK3C,ADAM17,1.0,75.0,0.865638163,0.95779,0.0,0.62945875,1.3258877,91.95313737,-0.001568542,breast,MSS/MSI-L,Adherent,PIK3C*,Oncogenic signal,AKT/PI3K,ADAM17,Differentiation,EMT/migration
NCI-H23,IAP,BCL2L1,1.0,3.0,0.219144962,0.1464532,0.0,0.026892707,10.0,80.77499563,48.47307,lung_NSCLC_adenocarcinoma,MSS/MSI-L,Adherent,NIAP;XIAP;BIRC2;BIRC3,Cell death,Apoptosis,BCL2L1,Cell death,Apoptosis
DU-4475,PIK3CA_4,AKT,1.0,1.0,0.504695649,1.0092727,0.0,0.381480878,10.0,54.19700951,22.08577,breast,MSS/MSI-L,Suspension,PIK3CA,Oncogenic signal,AKT/PI3K,AKT1;AKT2;AKT3,Oncogenic signal,AKT/PI3K
BFTC-905,PARP1,HSP90,3.0,3.0,3.0,1.1262552,41.07058628,0.110748083,1.9178169,0.0,17.14019,Bladder,MSS/MSI-L,Adherent,PARP1,DNA repair,DNA Damage Response,HSP90AA1,Cell death,Apoptosis
T47D,Chloroquine,AKT,1.0,1.0,1.0,0.5034796,88.38008498,0.117926103,1.9448219,34.00890984,10.65468,breast,MSS/MSI-L,Adherent,Thiamine,other,other,AKT1;AKT2;AKT3,Oncogenic signal,AKT/PI3K
CAL-148,ATR_4,AKT,1.0,1.0,1.0,10.0,24.40000258,0.14614187,1.6494221,1.40514485,10.17878,breast,MSS/MSI-L,Suspension,ATR,DNA repair,DNA Damage Response,AKT1;AKT2;AKT3,Oncogenic signal,AKT/PI3K
CAMA-1,FASN,BCL2_BCL2L1,1.0,1.0,0.103151706,1.0030976,84.12567546,0.224475039,0.7271729,78.71509392,-2.209088,breast,MSS/MSI-L,Adherent,FASN,Metabolism,Metabolism,BCL2;BCL2L1,Cell death,Apoptosis
NCI-H838,MTOR_1,ALK,3.0,3.0,0.206729301,1.6643142,11.85898272,0.828780438,1.5300341,0.0,56.10523,lung_NSCLC_adenocarcinoma,MSS/MSI-L,Adherent,MTOR,Oncogenic signal,AKT/PI3K,ALK,Oncogenic signal,AKT/PI3K
SW780,Cisplatin,AKT,3.0,3.0,2.502142647,1.8200491,55.32185464,0.291077151,2.4424353,30.16250157,-8.866575,Bladder,MSS/MSI-L,Adherent,DNA,DNA repair,Chemo,AKT1;AKT2;AKT3,Oncogenic signal,AKT/PI3K
DMS-114,PIK3C_MTOR,FGFR,1.0,3.0,1.0,0.8314202,38.13022395,0.148701775,1.2731659,9.59482035,-43.92558,lung_small_cell_carcinoma,MSS/MSI-L,Adherent,PIK3C*;MTOR,Oncogenic signal,AKT/PI3K,FGFR1;FGFR2;FGFR3,Oncogenic signal,RTK
BT-474,HDAC_4,AKT,1.0,1.0,1.0,0.0,100.0,0.166702544,2.4145545,15.09406444,-24.24238,breast,MSS/MSI-L,Adherent,HDAC*,Differentiation,Epigenetic,AKT1;AKT2;AKT3,Oncogenic signal,AKT/PI3K
HCC1428,PIP5K1,MAP2K_1,1.0,1.0,1.0,0.4978673,78.94476048,1.0,0.0,100.0,-8.722925,breast,MSS/MSI-L,Adherent,PIP5K1*,Metabolism,Metabolism,MAP2K1;MAP2K2,Oncogenic signal,MAPK
SW900,IAP,Doxorubicin,3.0,0.1,0.15353918,0.1847347,0.0,0.026700796,0.9031365,0.0,39.31911,lung_NSCLC_squamous_cell_carcinoma,MSS/MSI-L,Adherent,NIAP;XIAP;BIRC2;BIRC3,Cell death,Apoptosis,TOP*;DNMT1,DNA repair,Chemo
DMS-114,SYK,CSNK2A1_2,3.0,0.03,1.934366313,2.1034565,0.0,0.008979774,10.0,17.39944686,-9.067485,lung_small_cell_carcinoma,MSS/MSI-L,Adherent,SYK,Oncogenic signal,Cell Cycle,CSNK2A1,Oncogenic signal,STK
MDA-MB-231,PIK3CA_4,ERBB,1.0,1.0,0.143616315,0.7672603,87.4185235,1.0,10.0,94.20000474,-11.89811,breast,MSS/MSI-L,Adherent,PIK3CA,Oncogenic signal,AKT/PI3K,EGFR;ERBB*,Oncogenic signal,RTK
M14,AKT_1,AKT,1.0,1.0,1.0,10.0,80.20002607,0.279933254,2.1130974,24.42183861,-6.729425,melanoma,MSS/MSI-L,Adherent,AKT*,Oncogenic signal,AKT/PI3K,AKT1;AKT2;AKT3,Oncogenic signal,AKT/PI3K
HCC1937,MAP2K_1,ATR_4,1.0,1.0,0.048744149,0.7359119,84.10170344,1.0,0.0,100.0,-37.8388,breast,MSS/MSI-L,Adherent,MAP2K1;MAP2K2,Oncogenic signal,MAPK,ATR,DNA repair,DNA Damage Response
EVSA-T,PIK3C,AKT_1,3.0,3.0,0.707871069,2.8316385,12.20568505,0.406176579,1.5969258,16.98325741,31.17723,breast,MSS/MSI-L,Adherent,PIK3C*,Oncogenic signal,AKT/PI3K,AKT*,Oncogenic signal,AKT/PI3K
CAMA-1,MTOR_1,FGFR,1.0,1.0,0.300003197,3.3374155,22.53873766,1.0,10.0,94.80011357,-2.875934,breast,MSS/MSI-L,Adherent,MTOR,Oncogenic signal,AKT/PI3K,FGFR1;FGFR2;FGFR3,Oncogenic signal,RTK
HCC1428,FGFR,ADAM17,1.0,75.0,1.0,0.0,100.0,1.0,0.0,100.0,-12.40233,breast,MSS/MSI-L,Adherent,FGFR1;FGFR2;FGFR3,Oncogenic signal,RTK,ADAM17,Differentiation,EMT/migration
NCI-H1563,Vinorelbine,BCL2_2,0.03,3.0,0.03,0.110001,29.77610721,0.0003,0.1,88.60104302,-115.7509,lung_NSCLC_adenocarcinoma,MSS/MSI-L,Adherent,microtubule;TUBB,DNA repair,Chemo,BCL2,Cell death,Apoptosis
NCI-H520,Topotecan,BCL2,0.03,3.0,0.03,1.0646453,0.07648394,1.0,0.0,100.0,-6.003777,lung_NSCLC_squamous_cell_carcinoma,MSS/MSI-L,Adherent,TOP1;TOP1MT;DNA,DNA repair,Chemo,BCL2,Cell death,Apoptosis
MDA-MB-468,PIK3C,MAP2K_3,3.0,0.3,1.098696769,1.6270274,33.38105441,0.072740812,0.7006548,0.0,13.03987,breast,MSS/MSI-L,Adherent,PIK3C*,Oncogenic signal,AKT/PI3K,MAP2K*,Oncogenic signal,MAPK
MDA-MB-436,MAP2K_1,AKT_SGK,1.0,1.0,0.065468317,0.6600302,50.95536976,0.253195306,4.7325885,67.85189431,2.378303,breast,MSS/MSI-L,Adherent,MAP2K1;MAP2K2,Oncogenic signal,MAPK,AKT*;SGK*,Oncogenic signal,AKT/PI3K
DMS-114,CSNK2A1_2,ALK,0.03,3.0,0.007353396,2.673418,13.58934894,0.466141259,0.8517702,0.0,6.1302,lung_small_cell_carcinoma,MSS/MSI-L,Adherent,CSNK2A1,Oncogenic signal,STK,ALK,Oncogenic signal,AKT/PI3K
MFM-223,PIK3CA_4,PIK3C_2,1.0,1.0,0.26034948,1.6984959,41.73588819,0.339836151,10.0,25.19844553,10.45818,breast,MSS/MSI-L,Adherent,PIK3CA,Oncogenic signal,AKT/PI3K,PIK3C*,Oncogenic signal,AKT/PI3K
NCI-SNU-16,WNT,FGFR,3.0,0.01,0.177447252,2.5239365,6.65128619,0.008542878,2.3028035,0.0,-4.284508,stomach,MSS/MSI-L,Suspension,WNT*;TNKS,Differentiation,EMT/migration,FGFR1;FGFR2;FGFR3,Oncogenic signal,RTK
COLO-205,JAK,IAP,3.0,1.0,1.462098348,3.6968406,0.0,1.0,0.4827765,31.19395784,-29.60538,large_intestine,MSS/MSI-L,Suspension,JAK1;JAK2,Oncogenic signal,Cell Cycle,NIAP;XIAP;BIRC2;BIRC3,Cell death,Apoptosis
SW837,TKI,MAP2K_1,3.0,3.0,3.0,0.5090234,46.25522503,0.264581611,0.5951436,38.68329122,51.43114,large_intestine,MSS/MSI-L,Adherent,KDR;EGFR;RET,Oncogenic signal,RTK,MAP2K1;MAP2K2,Oncogenic signal,MAPK
UM-UC-3,PIK3C,MTOR_1,3.0,1.0,1.925876379,1.5454547,14.88281851,1.0,10.0,42.80004493,16.36847,Bladder,MSS/MSI-L,Adherent,PIK3C*,Oncogenic signal,AKT/PI3K,MTOR,Oncogenic signal,AKT/PI3K
CAMA-1,MAP2K_3,BRAF_M2,0.3,3.0,0.3,0.2985731,72.3448631,3.0,0.3439503,57.35962628,23.38275,breast,MSS/MSI-L,Adherent,MAP2K*,Oncogenic signal,MAPK,BRAF_V600E,Oncogenic signal,MAPK
MDA-MB-453,FGFR,EGFR,1.0,0.1,0.182633434,4.4775787,27.54260419,0.03048232,0.8161695,30.78892555,49.99244,breast,MSS/MSI-L,Adherent,FGFR1;FGFR2;FGFR3,Oncogenic signal,RTK,EGFR,Oncogenic signal,RTK
HCC70,PIP5K1,MAP2K_1,1.0,1.0,1.0,0.0,100.0,0.106956009,10.0,81.94969746,-11.47321,breast,MSS/MSI-L,Adherent,PIP5K1*,Metabolism,Metabolism,MAP2K1;MAP2K2,Oncogenic signal,MAPK
MCF7,ESR1_1,AKT_1,3.0,3.0,0.0003,0.1,29.87252246,0.146780963,0.3700867,19.51899247,127.2922,breast,MSS/MSI-L,Adherent,ESR1,Oncogenic signal,Hormonal,AKT*,Oncogenic signal,AKT/PI3K
HCC1187,TNKS_PARP6,FGFR,1.0,1.0,0.013103063,1.7306117,3.86508499,0.306298203,10.0,94.19992769,-0.5664,breast,MSS/MSI-L,Suspension,TNKS;PARP6,Oncogenic signal,Cell Cycle,FGFR1;FGFR2;FGFR3,Oncogenic signal,RTK
MDA-MB-468,MTOR_1,ALK_IGFR,1.0,1.0,1.0,1.6582835,41.71906229,0.000317243,0.1,81.03807323,12.077,breast,MSS/MSI-L,Adherent,MTOR,Oncogenic signal,AKT/PI3K,ALK;IGF*R,Oncogenic signal,AKT/PI3K
HT-1197,PARP1,EG5,3.0,3.0,3.0,1.0029906,17.03462392,0.0003,0.1,37.160223,1.69967,Bladder,MSS/MSI-L,Adherent,PARP1,DNA repair,DNA Damage Response,KIF11,Differentiation,EMT/migration
HT-1197,IAP,ATR_4,3.0,3.0,3.0,2.6619272,3.20296874,3.0,10.0,33.40047421,21.26834,Bladder,MSS/MSI-L,Adherent,NIAP;XIAP;BIRC2;BIRC3,Cell death,Apoptosis,ATR,DNA repair,DNA Damage Response
CAL-148,PIP5K1,PIK3C,1.0,1.0,1.0,0.0,100.0,0.985523857,0.9880339,0.0,-22.17661,breast,MSS/MSI-L,Suspension,PIP5K1*,Metabolism,Metabolism,PIK3C*,Oncogenic signal,AKT/PI3K
MDA-MB-453,ATR_4,AKT,1.0,1.0,0.224871109,2.7284289,6.03945388,0.202547219,1.5704807,27.02228705,15.71279,breast,MSS/MSI-L,Adherent,ATR,DNA repair,DNA Damage Response,AKT1;AKT2;AKT3,Oncogenic signal,AKT/PI3K
SW900,MTOR_1,ALK_2,3.0,3.0,0.437336361,0.9340842,22.2224148,1.360295387,0.6100479,0.0,56.77943,lung_NSCLC_squamous_cell_carcinoma,MSS/MSI-L,Adherent,MTOR,Oncogenic signal,AKT/PI3K,ALK,Oncogenic signal,RTK
CAMA-1,MAP2K_1,ATR_4,1.0,1.0,1.0,0.0,100.0,1.0,10.0,28.80017956,15.74552,breast,MSS/MSI-L,Adherent,MAP2K1;MAP2K2,Oncogenic signal,MAPK,ATR,DNA repair,DNA Damage Response
CAL-148,MAP2K_1,ATR_4,1.0,1.0,0.015766529,0.8674849,85.53242295,0.342254128,10.0,53.59897097,-11.95551,breast,MSS/MSI-L,Suspension,MAP2K1;MAP2K2,Oncogenic signal,MAPK,ATR,DNA repair,DNA Damage Response
M14,PIK3C,AKT_1,1.0,1.0,0.319258854,10.0,49.8993566,1.0,0.0,100.0,21.04548,melanoma,MSS/MSI-L,Adherent,PIK3C*,Oncogenic signal,AKT/PI3K,AKT*,Oncogenic signal,AKT/PI3K
BT-20,PIK3C,MAP2K_1,1.0,1.0,0.196382335,0.9844952,29.46848991,0.048269554,0.9329352,47.62807956,42.04421,breast,MSS/MSI-L,Adherent,PIK3C*,Oncogenic signal,AKT/PI3K,MAP2K1;MAP2K2,Oncogenic signal,MAPK
Hs-578-T,PIK3C,MTOR_1,1.0,1.0,0.29239137,10.0,41.29958458,0.397576643,1.0151399,0.0,12.61012,breast,MSS/MSI-L,Adherent,PIK3C*,Oncogenic signal,AKT/PI3K,MTOR,Oncogenic signal,AKT/PI3K
HCC1395,AKT_1,AKT,1.0,1.0,0.31916273,1.1887149,39.95937465,0.739327338,1.0334819,20.50269339,0.7986808,breast,MSS/MSI-L,Adherent,AKT*,Oncogenic signal,AKT/PI3K,AKT1;AKT2;AKT3,Oncogenic signal,AKT/PI3K
MFM-223,MTOR_1,ALK_IGFR,1.0,1.0,0.411946833,0.7318102,0.0,0.645239557,0.6921774,0.0,9.59986,breast,MSS/MSI-L,Adherent,MTOR,Oncogenic signal,AKT/PI3K,ALK;IGF*R,Oncogenic signal,AKT/PI3K
J82,PIK3C,MTOR_1,3.0,3.0,1.13386586,1.0828667,23.75382363,0.54592082,1.4610726,28.35846949,34.62834,Bladder,MSS/MSI-L,Adherent,PIK3C*,Oncogenic signal,AKT/PI3K,MTOR,Oncogenic signal,AKT/PI3K
HCC1428,PIK3CB_PIK3CD,ADAM17,1.0,75.0,1.0,0.0,100.0,1.0,0.0,100.0,8.341717,breast,MSS/MSI-L,Adherent,PIK3CB;PIK3CD,Oncogenic signal,AKT/PI3K,ADAM17,Differentiation,EMT/migration
MDA-MB-453,MTOR_1,ATR_4,1.0,1.0,0.271448397,10.0,12.59844543,0.221401974,2.2633114,5.45274249,-8.317549,breast,MSS/MSI-L,Adherent,MTOR,Oncogenic signal,AKT/PI3K,ATR,DNA repair,DNA Damage Response
BT-549,MTOR_1,FASN,1.0,1.0,0.311977825,1.6225412,26.50023926,1.0,0.0,100.0,17.66288,breast,MSS/MSI-L,Adherent,MTOR,Oncogenic signal,AKT/PI3K,FASN,Metabolism,Metabolism
HCC1806,FGFR,EGFR,1.0,0.1,1.0,0.0,100.0,1.0,0.0,100.0,5.660617,breast,MSS/MSI-L,Adherent,FGFR1;FGFR2;FGFR3,Oncogenic signal,RTK,EGFR,Oncogenic signal,RTK
T-24,IAP,BCL2_BCL2L1,1.0,0.3,0.501740403,1.9987213,84.86129758,3e-05,0.1,84.52428478,-3.890224,Bladder,MSS/MSI-L,Adherent,NIAP;XIAP;BIRC2;BIRC3,Cell death,Apoptosis,BCL2;BCL2L1,Cell death,Apoptosis
NCI-H1975,IAP,Doxorubicin,3.0,0.1,0.032413524,0.3333067,72.2219411,0.026150409,3.3308968,35.97680035,46.66042,lung_NSCLC_adenocarcinoma,MSS/MSI-L,Adherent,NIAP;XIAP;BIRC2;BIRC3,Cell death,Apoptosis,TOP*;DNMT1,DNA repair,Chemo
HCC1143,SLC16A4,MAP2K_1,1.0,1.0,1.0,0.0,100.0,0.084925749,0.7126867,44.02391083,1.357379,breast,MSS/MSI-L,Adherent,SLC16A3;SLC16A4,Metabolism,Metabolism,MAP2K1;MAP2K2,Oncogenic signal,MAPK
HCC1937,PIK3C,AKT_SGK,1.0,1.0,0.54424391,0.7746461,44.92745112,0.416391747,0.7070608,50.38968081,10.86356,breast,MSS/MSI-L,Adherent,PIK3C*,Oncogenic signal,AKT/PI3K,AKT*;SGK*,Oncogenic signal,AKT/PI3K
Calu-6,IAP,CHEK1,1.0,1.0,0.0001,0.1,47.24740307,0.206775139,4.5548774,15.13606106,-7.594529,lung_NSCLC_adenocarcinoma,MSS/MSI-L,Adherent,NIAP;XIAP;BIRC2;BIRC3,Cell death,Apoptosis,CHEK1,DNA repair,DNA Damage Response
SW900,TOP2_2,IAP,3.0,3.0,0.284827918,1.0216725,4.71603248,0.399110523,0.1768222,0.0,56.04826,lung_NSCLC_squamous_cell_carcinoma,MSS/MSI-L,Adherent,TOP2*,DNA repair,Chemo,NIAP;XIAP;BIRC2;BIRC3,Cell death,Apoptosis
BT-20,PIK3CB_PIK3CD,AKT_1,1.0,1.0,0.303891456,10.0,82.89985504,0.076547092,1.2699739,68.45987314,1.851047,breast,MSS/MSI-L,Adherent,PIK3CB;PIK3CD,Oncogenic signal,AKT/PI3K,AKT*,Oncogenic signal,AKT/PI3K
DMS-114,PIK3CB,ALK_2,3.0,3.0,3.0,0.4596326,55.64931671,3.0,0.3132739,2.28547435,26.01248,lung_small_cell_carcinoma,MSS/MSI-L,Adherent,PIK3CB,Oncogenic signal,AKT/PI3K,ALK,Oncogenic signal,RTK
NCI-H838,IAP,CHEK1,1.0,1.0,0.002675764,0.4400314,16.83876795,0.22097996,3.0879504,3.67220635,30.49006,lung_NSCLC_adenocarcinoma,MSS/MSI-L,Adherent,NIAP;XIAP;BIRC2;BIRC3,Cell death,Apoptosis,CHEK1,DNA repair,DNA Damage Response
HCC1428,PIK3CA_4,PIK3C_2,1.0,1.0,1.0,0.0,100.0,0.308940558,10.0,40.99945083,-2.924196,breast,MSS/MSI-L,Adherent,PIK3CA,Oncogenic signal,AKT/PI3K,PIK3C*,Oncogenic signal,AKT/PI3K
SW780,Gemcitabine,ERBB,0.1,3.0,0.002681993,2.2279212,19.72095073,1.0,0.0,100.0,-3.95483,Bladder,MSS/MSI-L,Adherent,DNA;RRM1;TYMS;CMPK1,Cell death,Chemo,EGFR;ERBB*,Oncogenic signal,RTK
MDA-MB-453,MTOR_1,ESR1,1.0,1.0,0.226984719,3.6988831,12.53064877,0.291494846,10.0,92.99993593,16.11686,breast,MSS/MSI-L,Adherent,MTOR,Oncogenic signal,AKT/PI3K,ESR1,Oncogenic signal,Hormonal
HCC70,MAP2K_1,ESR1,1.0,1.0,0.219001477,1.3892379,85.90180756,1.0,0.0,100.0,10.45204,breast,MSS/MSI-L,Adherent,MAP2K1;MAP2K2,Oncogenic signal,MAPK,ESR1,Oncogenic signal,Hormonal
MDA-MB-468,BCL2_BCL2L1,AKT_1,1.0,1.0,0.140014419,2.1315801,75.75178866,0.424691054,1.4288226,53.15883107,29.662,breast,MSS/MSI-L,Adherent,BCL2;BCL2L1,Cell death,Apoptosis,AKT*,Oncogenic signal,AKT/PI3K
NCI-H522,PIK3C,IAP,3.0,0.3,3.0,0.330341,3.66287137,0.001267364,0.2134061,2.55057731,23.66549,lung_NSCLC_adenocarcinoma,MSS/MSI-L,Adherent,PIK3C*,Oncogenic signal,AKT/PI3K,NIAP;XIAP;BIRC2;BIRC3,Cell death,Apoptosis
BT-549,PIK3CA_4,AKT,1.0,1.0,1.0,0.5569397,54.70043348,0.235409029,1.1824789,34.65841591,12.83516,breast,MSS/MSI-L,Adherent,PIK3CA,Oncogenic signal,AKT/PI3K,AKT1;AKT2;AKT3,Oncogenic signal,AKT/PI3K
CAL-148,MTOR_1,ATR_4,1.0,1.0,1.0,0.9891145,46.70605562,1.0,10.0,0.20000957,-0.7823307,breast,MSS/MSI-L,Suspension,MTOR,Oncogenic signal,AKT/PI3K,ATR,DNA repair,DNA Damage Response
CAL-120,FGFR,ERBB,3.0,3.0,0.048348316,0.7478525,43.67049422,1.037859905,10.0,85.29963736,86.10804,breast,MSS/MSI-L,Adherent,FGFR1;FGFR2;FGFR3,Oncogenic signal,RTK,EGFR;ERBB*,Oncogenic signal,RTK
NCI-H2228,MTOR_1,ALK_2,3.0,3.0,0.089945009,0.6305347,7.31166016,0.004878268,0.3015148,3.92329466,23.83431,lung_NSCLC_adenocarcinoma,MSS/MSI-L,Adherent,MTOR,Oncogenic signal,AKT/PI3K,ALK,Oncogenic signal,RTK
CAL-148,MTOR_1,ADAM17,1.0,75.0,0.319075786,10.0,74.89970424,1.0,0.0,100.0,2.46715,breast,MSS/MSI-L,Suspension,MTOR,Oncogenic signal,AKT/PI3K,ADAM17,Differentiation,EMT/migration
CAL-148,MAP2K_1,ERBB,1.0,1.0,1.0,0.0,100.0,1.0,0.0,100.0,36.9506,breast,MSS/MSI-L,Suspension,MAP2K1;MAP2K2,Oncogenic signal,MAPK,EGFR;ERBB*,Oncogenic signal,RTK
T-24,ERBB,AKT,3.0,3.0,1.28476503,10.0,84.09670069,1.0,0.0,100.0,-12.38291,Bladder,MSS/MSI-L,Adherent,EGFR;ERBB*,Oncogenic signal,RTK,AKT1;AKT2;AKT3,Oncogenic signal,AKT/PI3K
SW900,Topotecan,PIK3CB,0.1,3.0,0.086415991,0.975795,0.0,3.0,0.5394141,21.16914674,10.43293,lung_NSCLC_squamous_cell_carcinoma,MSS/MSI-L,Adherent,TOP1;TOP1MT;DNA,DNA repair,Chemo,PIK3CB,Oncogenic signal,AKT/PI3K
MFM-223,MTOR_1,FASN,1.0,1.0,0.215662542,2.2712905,29.97912093,0.102619622,10.0,85.99986448,-12.12396,breast,MSS/MSI-L,Adherent,MTOR,Oncogenic signal,AKT/PI3K,FASN,Metabolism,Metabolism
HCC1569,MTOR_1,ESR1_3,1.0,3.0,0.089615838,0.608836,19.84214238,0.0003,0.1,75.61896044,-5.036041,breast,MSI-H,Adherent,MTOR,Oncogenic signal,AKT/PI3K,ESR1,Oncogenic signal,Hormonal
HCC1806,FGFR,AKT,1.0,1.0,1.0,0.0,100.0,0.386971296,10.0,72.49792863,-13.23412,breast,MSS/MSI-L,Adherent,FGFR1;FGFR2;FGFR3,Oncogenic signal,RTK,AKT1;AKT2;AKT3,Oncogenic signal,AKT/PI3K
MDA-MB-157,MAP2K_1,ADAM17,1.0,75.0,0.389676638,0.3937379,27.51152358,75.0,0.1851383,75.60883736,15.84889,breast,MSS/MSI-L,Adherent,MAP2K1;MAP2K2,Oncogenic signal,MAPK,ADAM17,Differentiation,EMT/migration
HCC38,PIM1,MAP2K_1,1.0,1.0,1.0,0.0,100.0,0.146409431,10.0,88.39664465,21.9704,breast,MSS/MSI-L,Adherent,PIM1,Oncogenic signal,STK,MAP2K1;MAP2K2,Oncogenic signal,MAPK
HCC1954,Chloroquine,AKT_1,10.0,3.0,10.0,10.0,71.60005667,1.74914639,0.8050011,0.0,40.21481,breast,MSS/MSI-L,Adherent,Thiamine,other,other,AKT*,Oncogenic signal,AKT/PI3K
SW948,MAP2K_1,IGFR_4,3.0,10.0,0.110081049,1.1820593,12.72572431,0.3333033,0.6294712,0.0,49.82728,large_intestine,MSS/MSI-L,Adherent,MAP2K1;MAP2K2,Oncogenic signal,MAPK,IGF*R,Oncogenic signal,RTK
CAMA-1,SLC16A4,PIK3CB_PIK3CD,1.0,1.0,1.0,0.0,100.0,0.170979245,1.4018573,18.44540285,33.32003,breast,MSS/MSI-L,Adherent,SLC16A3;SLC16A4,Metabolism,Metabolism,PIK3CB;PIK3CD,Oncogenic signal,AKT/PI3K
T-24,PIM1,EG5,3.0,3.0,0.0003,0.1,94.99017019,0.00031734,7.6497857,1.04,-3.109833,Bladder,MSS/MSI-L,Adherent,PIM1,Oncogenic signal,STK,KIF11,Differentiation,EMT/migration
T47D,MTOR_1,MAP2K_1,1.0,3.0,0.096842656,1.0956496,9.40124575,3.0,0.3338109,66.43785045,35.50456,breast,MSS/MSI-L,Adherent,MTOR,Oncogenic signal,AKT/PI3K,MAP2K1;MAP2K2,Oncogenic signal,MAPK
HCC38,PIK3C_2,AKT_1,1.0,1.0,0.836444693,2.5605579,0.0,0.0001,4.1298232,92.04,17.88325,breast,MSS/MSI-L,Adherent,PIK3C*,Oncogenic signal,AKT/PI3K,AKT*,Oncogenic signal,AKT/PI3K
CAMA-1,EGFR,AKT_1,0.1,1.0,0.004364144,0.6837867,88.97397226,0.510581854,1.3041305,0.0,6.702576,breast,MSS/MSI-L,Adherent,EGFR,Oncogenic signal,RTK,AKT*,Oncogenic signal,AKT/PI3K
HCC70,PIP5K1,PIK3C,1.0,1.0,1.0,0.0,100.0,0.739080485,1.1423374,0.0,-19.48857,breast,MSS/MSI-L,Adherent,PIP5K1*,Metabolism,Metabolism,PIK3C*,Oncogenic signal,AKT/PI3K
NCI-H747,Oxaliplatin,BCL2,3.0,3.0,0.297685841,0.5755279,3.17775184,0.957183368,0.9334137,0.0,-15.57034,large_intestine,MSS/MSI-L,Adherent,DNA,DNA repair,Chemo,BCL2,Cell death,Apoptosis
BT-474,FGFR,Chloroquine,1.0,1.0,1.0,0.0,100.0,1.0,0.0,100.0,-27.32585,breast,MSS/MSI-L,Adherent,FGFR1;FGFR2;FGFR3,Oncogenic signal,RTK,Thiamine,other,other
BFTC-905,PIK3C,IAP,3.0,3.0,1.262817916,0.8282589,0.0,0.000603903,0.2867603,0.0,3.215552,Bladder,MSS/MSI-L,Adherent,PIK3C*,Oncogenic signal,AKT/PI3K,NIAP;XIAP;BIRC2;BIRC3,Cell death,Apoptosis
MDA-MB-436,CarboTaxol,ATR_4,0.01,3.0,0.000593756,0.9486563,18.80626041,0.970305467,10.0,61.89951623,18.06379,breast,MSS/MSI-L,Adherent,DNA,DNA repair,Chemo,ATR,DNA repair,DNA Damage Response
NCI-H1975,MAP2K_3,BRAF_M2,0.3,3.0,0.011464172,1.6819294,24.06904179,0.44871388,1.3182832,72.10891423,39.45584,lung_NSCLC_adenocarcinoma,MSS/MSI-L,Adherent,MAP2K*,Oncogenic signal,MAPK,BRAF_V600E,Oncogenic signal,MAPK
NCI-H1793,Topotecan,PIK3CB,0.3,3.0,0.240933575,1.9951379,0.0,2.247206726,0.4936001,38.18124919,36.33373,lung_NSCLC_adenocarcinoma,MSS/MSI-L,Adherent,TOP1;TOP1MT;DNA,DNA repair,Chemo,PIK3CB,Oncogenic signal,AKT/PI3K
HCC1187,BCL2_BCL2L1,ADAM17,1.0,75.0,1.0,0.0,100.0,75.0,10.0,7.40038628,-21.93211,breast,MSS/MSI-L,Suspension,BCL2;BCL2L1,Cell death,Apoptosis,ADAM17,Differentiation,EMT/migration
MFM-223,EGFR,AKT_1,0.1,1.0,0.1,4.2437209,83.00002475,0.340382815,1.0663167,15.95096274,-18.7156,breast,MSS/MSI-L,Adherent,EGFR,Oncogenic signal,RTK,AKT*,Oncogenic signal,AKT/PI3K
HCC1187,PIK3C,MAP2K_1,3.0,3.0,0.31769017,0.9634963,14.14228069,0.233295509,0.641354,59.49196388,27.39164,breast,MSS/MSI-L,Suspension,PIK3C*,Oncogenic signal,AKT/PI3K,MAP2K1;MAP2K2,Oncogenic signal,MAPK
MDA-MB-468,MAP2K_1,ADAM17,1.0,75.0,0.081245641,1.227379,92.48835148,1.0,0.0,100.0,0.9964287,breast,MSS/MSI-L,Adherent,MAP2K1;MAP2K2,Oncogenic signal,MAPK,ADAM17,Differentiation,EMT/migration
NCI-H520,CSNK2A1_2,Carboplatin,0.03,3.0,0.006809897,1.4335477,17.31917043,3.0,1.2585248,17.99470638,-1.091063,lung_NSCLC_squamous_cell_carcinoma,MSS/MSI-L,Adherent,CSNK2A1,Oncogenic signal,STK,DNA,DNA repair,Chemo
NCI-H1299,PIK3C,IAP,3.0,1.0,1.01226708,0.8521966,11.3358722,0.048298771,1.1316059,36.38581436,74.97241,lung_NSCLC_large cell,MSS/MSI-L,Adherent,PIK3C*,Oncogenic signal,AKT/PI3K,NIAP;XIAP;BIRC2;BIRC3,Cell death,Apoptosis
HCC1419,PIK3C,MAP2K_3,3.0,0.3,0.368311772,2.2271627,31.03537365,0.075051024,1.0751586,49.22134107,6.926371,breast,MSS/MSI-L,Adherent,PIK3C*,Oncogenic signal,AKT/PI3K,MAP2K*,Oncogenic signal,MAPK
MDA-MB-231,AKT_1,AKT,1.0,1.0,0.224581174,1.3741712,74.88281992,0.367317777,10.0,81.99919478,-1.243352,breast,MSS/MSI-L,Adherent,AKT*,Oncogenic signal,AKT/PI3K,AKT1;AKT2;AKT3,Oncogenic signal,AKT/PI3K
MDA-MB-468,BCL2_2,AKT_1,3.0,3.0,1.186468578,3.6821177,0.0,1.243089659,1.5524644,49.25255232,5.245708,breast,MSS/MSI-L,Adherent,BCL2,Cell death,Apoptosis,AKT*,Oncogenic signal,AKT/PI3K
CAL-120,PIK3C_2,AKT_1,1.0,1.0,0.297402901,10.0,58.59964496,1.0,0.0,100.0,-0.554756,breast,MSS/MSI-L,Adherent,PIK3C*,Oncogenic signal,AKT/PI3K,AKT*,Oncogenic signal,AKT/PI3K
DU-4475,PIK3C,ADAM17,1.0,75.0,0.220608746,1.1662957,0.0,14.92559164,1.490348,43.11250794,54.88385,breast,MSS/MSI-L,Suspension,PIK3C*,Oncogenic signal,AKT/PI3K,ADAM17,Differentiation,EMT/migration
SW900,MTOR_1,ALK,3.0,3.0,0.617075954,0.6999408,8.72136729,1.174690839,0.8299789,0.0,44.87502,lung_NSCLC_squamous_cell_carcinoma,MSS/MSI-L,Adherent,MTOR,Oncogenic signal,AKT/PI3K,ALK,Oncogenic signal,AKT/PI3K
647-V,FGFR,ERBB,3.0,0.1,1.0,0.0,100.0,0.071646393,1.4175385,72.73507185,13.62757,Bladder,MSS/MSI-L,Adherent,FGFR1;FGFR2;FGFR3,Oncogenic signal,RTK,EGFR;ERBB*,Oncogenic signal,RTK
CAL-120,PIK3CA_4,AKT,1.0,1.0,1.0,10.0,77.40002127,1.0,0.8800457,17.37043545,15.90209,breast,MSS/MSI-L,Adherent,PIK3CA,Oncogenic signal,AKT/PI3K,AKT1;AKT2;AKT3,Oncogenic signal,AKT/PI3K
HCC1428,ESR1,AKT_1,1.0,1.0,0.282854822,10.0,57.69977889,0.098314411,10.0,91.15001071,0.2832427,breast,MSS/MSI-L,Adherent,ESR1,Oncogenic signal,Hormonal,AKT*,Oncogenic signal,AKT/PI3K
RKO,PIK3C,MAP2K_1,10.0,3.0,1.604339049,2.7320283,16.83027203,3.0,1.1328772,8.32399027,83.19242,large_intestine,MSI-H,Adherent,PIK3C*,Oncogenic signal,AKT/PI3K,MAP2K1;MAP2K2,Oncogenic signal,MAPK
HCC1395,FGFR,ADAM17,1.0,75.0,0.013427301,1.5466845,47.80606311,75.0,10.0,94.0002773,3.629126,breast,MSS/MSI-L,Adherent,FGFR1;FGFR2;FGFR3,Oncogenic signal,RTK,ADAM17,Differentiation,EMT/migration
MDA-MB-453,MTOR_1,FASN,1.0,1.0,0.269569712,10.0,13.09913294,0.277951711,10.0,84.89976351,-18.48231,breast,MSS/MSI-L,Adherent,MTOR,Oncogenic signal,AKT/PI3K,FASN,Metabolism,Metabolism
CAMA-1,PIK3C,AKT_1,1.0,1.0,0.360270524,10.0,54.39831936,0.339574434,3.3347802,24.90585581,56.20645,breast,MSS/MSI-L,Adherent,PIK3C*,Oncogenic signal,AKT/PI3K,AKT*,Oncogenic signal,AKT/PI3K
MDA-MB-468,PIK3C,ESR1_1,3.0,3.0,2.66305909,1.1291651,0.0,0.0003,0.1,81.8301511,-22.43497,breast,MSS/MSI-L,Adherent,PIK3C*,Oncogenic signal,AKT/PI3K,ESR1,Oncogenic signal,Hormonal
BT-20,PIK3CB_PIK3CD,ADAM17,1.0,75.0,0.103439711,1.490744,82.06734471,75.0,0.4661187,63.79785274,-1.70699,breast,MSS/MSI-L,Adherent,PIK3CB;PIK3CD,Oncogenic signal,AKT/PI3K,ADAM17,Differentiation,EMT/migration
CAL-120,FGFR,AKT,3.0,3.0,0.036113149,0.6199994,41.31208273,0.770775861,0.8894896,9.87358914,3.156817,breast,MSS/MSI-L,Adherent,FGFR1;FGFR2;FGFR3,Oncogenic signal,RTK,AKT1;AKT2;AKT3,Oncogenic signal,AKT/PI3K
T47D,PIK3C,BCL2L1,3.0,3.0,0.169085723,1.3533922,26.59477128,3.0,0.3871042,93.01271584,-7.324946,breast,MSS/MSI-L,Adherent,PIK3C*,Oncogenic signal,AKT/PI3K,BCL2L1,Cell death,Apoptosis
NCI-H2291,MAP2K_1,BRAF_M,3.0,3.0,0.975373686,0.5014648,0.0,3.0,0.2996951,75.39369442,-30.39527,lung_NSCLC_adenocarcinoma,MSS/MSI-L,Adherent,MAP2K1;MAP2K2,Oncogenic signal,MAPK,BRAF_mut,Oncogenic signal,MAPK
HCC1143,MAP2K_1,BCL2_BCL2L1,1.0,1.0,0.087328185,0.5168042,37.20056932,0.801592038,1.1468019,17.97075734,22.73498,breast,MSS/MSI-L,Adherent,MAP2K1;MAP2K2,Oncogenic signal,MAPK,BCL2;BCL2L1,Cell death,Apoptosis
CAMA-1,PIK3C,BCL2L1,3.0,3.0,1.192237492,10.0,31.29324836,1.0,0.0,100.0,31.33833,breast,MSS/MSI-L,Adherent,PIK3C*,Oncogenic signal,AKT/PI3K,BCL2L1,Cell death,Apoptosis
HCC1395,SLC16A4,MTOR_1,1.0,1.0,0.363126534,10.0,90.69962758,0.25761167,1.028966,29.16001257,0.6573834,breast,MSS/MSI-L,Adherent,SLC16A3;SLC16A4,Metabolism,Metabolism,MTOR,Oncogenic signal,AKT/PI3K
HCC1937,MAP2K_1,ERBB,1.0,1.0,0.48596048,0.6678448,69.09869753,0.010755974,1.6426269,85.27363087,43.78416,breast,MSS/MSI-L,Adherent,MAP2K1;MAP2K2,Oncogenic signal,MAPK,EGFR;ERBB*,Oncogenic signal,RTK
CAMA-1,FGFR,BCL2_BCL2L1_BCL2L2,1.0,1.0,0.081396061,10.0,93.79946342,1.0,0.0,100.0,-17.2007,breast,MSS/MSI-L,Adherent,FGFR1;FGFR2;FGFR3,Oncogenic signal,RTK,BCL2;BCL2L1;BCL2L2,Cell death,Apoptosis
HCC1806,TNKS_PARP6,MTOR_1,1.0,1.0,0.019620564,2.5231918,2.73792437,0.240899266,2.4483119,19.31033079,18.20688,breast,MSS/MSI-L,Adherent,TNKS;PARP6,Oncogenic signal,Cell Cycle,MTOR,Oncogenic signal,AKT/PI3K
MDA-MB-468,SLC16A4,FGFR,1.0,1.0,1.0,0.0,100.0,1.0,0.0,100.0,7.66163,breast,MSS/MSI-L,Adherent,SLC16A3;SLC16A4,Metabolism,Metabolism,FGFR1;FGFR2;FGFR3,Oncogenic signal,RTK
CAL-51,MTOR_1,ATR_4,1.0,1.0,0.269962042,1.9992699,19.84596237,0.26284964,3.4713899,3.06947504,-12.53156,breast,MSS/MSI-L,Adherent,MTOR,Oncogenic signal,AKT/PI3K,ATR,DNA repair,DNA Damage Response
MCF7,PARP1,HDAC_4,1.0,1.0,0.301324056,1.7789393,80.70803124,1.0,1.3935102,15.53841547,3.734453,breast,MSS/MSI-L,Adherent,PARP1,DNA repair,DNA Damage Response,HDAC*,Differentiation,Epigenetic
J82,FGFR,Cisplatin,3.0,3.0,0.110032707,0.6090245,48.99912325,0.409707775,1.2620109,2.24629875,26.2576,Bladder,MSS/MSI-L,Adherent,FGFR1;FGFR2;FGFR3,Oncogenic signal,RTK,DNA,DNA repair,Chemo
Calu-6,TOP2_2,PIM1,3.0,3.0,0.735675189,1.502463,17.49117162,1.0,0.0,100.0,47.29654,lung_NSCLC_adenocarcinoma,MSS/MSI-L,Adherent,TOP2*,DNA repair,Chemo,PIM1,Oncogenic signal,STK
VM-CUB-1,FGFR,Cisplatin,3.0,3.0,1.0,0.0,100.0,1.907945193,2.2350575,0.0,2.019773,Bladder,MSS/MSI-L,Adherent,FGFR1;FGFR2;FGFR3,Oncogenic signal,RTK,DNA,DNA repair,Chemo
SW900,CSNK2A1_2,ALK,0.01,3.0,0.003633001,1.3698433,11.29878632,1.596405604,0.6855835,0.0,15.03092,lung_NSCLC_squamous_cell_carcinoma,MSS/MSI-L,Adherent,CSNK2A1,Oncogenic signal,STK,ALK,Oncogenic signal,AKT/PI3K
MDA-MB-157,MAP2K_1,ATR_4,1.0,1.0,1.0,0.1661697,32.73992265,0.312225916,10.0,30.999391,15.21608,breast,MSS/MSI-L,Adherent,MAP2K1;MAP2K2,Oncogenic signal,MAPK,ATR,DNA repair,DNA Damage Response
MFM-223,ATR_4,AKT,1.0,1.0,0.398411079,10.0,71.09708773,0.152014709,1.3698277,1.616813,-5.980718,breast,MSS/MSI-L,Adherent,ATR,DNA repair,DNA Damage Response,AKT1;AKT2;AKT3,Oncogenic signal,AKT/PI3K
CAMA-1,EGFR_2,AKT_1,1.0,1.0,1.0,0.0,100.0,0.800610685,0.8864847,0.0,-6.894141,breast,MSS/MSI-L,Adherent,EGFR,Oncogenic signal,RTK,AKT*,Oncogenic signal,AKT/PI3K
MDA-MB-468,MAP2K_1,ATR_4,1.0,1.0,0.135679785,1.9465219,87.32183342,0.381515285,10.0,80.69873863,4.146128,breast,MSS/MSI-L,Adherent,MAP2K1;MAP2K2,Oncogenic signal,MAPK,ATR,DNA repair,DNA Damage Response
NCI-H522,IAP,CHEK1,0.3,1.0,0.006774127,0.232902,0.0,0.380638648,10.0,37.39600272,4.772228,lung_NSCLC_adenocarcinoma,MSS/MSI-L,Adherent,NIAP;XIAP;BIRC2;BIRC3,Cell death,Apoptosis,CHEK1,DNA repair,DNA Damage Response
SW620,MAP2K_1,IGFR_4,0.3,3.0,0.3,0.7814178,10.36982552,3.0,0.8737292,38.54606283,56.40071,large_intestine,MSS/MSI-L,Adherent,MAP2K1;MAP2K2,Oncogenic signal,MAPK,IGF*R,Oncogenic signal,RTK
TCCSUP,IAP,ERBB,0.03,3.0,0.000514951,0.2972573,61.17245785,3.0,0.1308894,75.25485677,21.87748,Bladder,MSS/MSI-L,Adherent,NIAP;XIAP;BIRC2;BIRC3,Cell death,Apoptosis,EGFR;ERBB*,Oncogenic signal,RTK
NCI-H1299,TOP2_2,PIM1,3.0,3.0,0.466653249,0.9214718,1.61804789,0.0003,0.1,85.61244034,40.73554,lung_NSCLC_large cell,MSS/MSI-L,Adherent,TOP2*,DNA repair,Chemo,PIM1,Oncogenic signal,STK
MDA-MB-468,MAP2K_3,BRAF_M2,0.3,3.0,0.083444629,0.7207636,0.0,0.569190414,1.4686046,40.62565808,123.8324,breast,MSS/MSI-L,Adherent,MAP2K*,Oncogenic signal,MAPK,BRAF_V600E,Oncogenic signal,MAPK
BT-20,BCL2_BCL2L1,AKT_1,1.0,1.0,1.0,0.567993,57.76712259,0.058064369,0.9830279,66.59710113,17.04246,breast,MSS/MSI-L,Adherent,BCL2;BCL2L1,Cell death,Apoptosis,AKT*,Oncogenic signal,AKT/PI3K
MDA-MB-157,MTOR_1,MAP2K_1,1.0,3.0,0.204038829,0.5130114,0.0,3.0,0.243342,33.92799872,42.19433,breast,MSS/MSI-L,Adherent,MTOR,Oncogenic signal,AKT/PI3K,MAP2K1;MAP2K2,Oncogenic signal,MAPK
BT-20,TNKS_PARP6,MTOR_1,1.0,1.0,0.044792531,2.1839563,1.26972833,0.631466168,1.3816009,0.0,-0.6367973,breast,MSS/MSI-L,Adherent,TNKS;PARP6,Oncogenic signal,Cell Cycle,MTOR,Oncogenic signal,AKT/PI3K
NCI-H2170,CSNK2A1_2,BCL2,0.03,3.0,0.007272919,2.0062382,8.74546095,0.567661533,2.0551324,11.22311139,28.75533,lung_NSCLC_squamous_cell_carcinoma,MSS/MSI-L,Adherent,CSNK2A1,Oncogenic signal,STK,BCL2,Cell death,Apoptosis
HCC1187,FGFR,AKT,1.0,1.0,1.0,10.0,90.80011592,0.277754335,4.8935828,58.02071334,10.52669,breast,MSS/MSI-L,Suspension,FGFR1;FGFR2;FGFR3,Oncogenic signal,RTK,AKT1;AKT2;AKT3,Oncogenic signal,AKT/PI3K
J82,PIK3C,IAP,3.0,3.0,1.167672215,0.9020971,13.92632682,0.001556208,0.4130288,24.26549041,31.15116,Bladder,MSS/MSI-L,Adherent,PIK3C*,Oncogenic signal,AKT/PI3K,NIAP;XIAP;BIRC2;BIRC3,Cell death,Apoptosis
NCI-H2085,CSNK2A1_2,AKT,0.03,3.0,0.015271873,1.0418354,3.10995756,3.0,0.6219385,13.14693631,27.41059,lung_NSCLC_adenocarcinoma,MSS/MSI-L,Adherent,CSNK2A1,Oncogenic signal,STK,AKT1;AKT2;AKT3,Oncogenic signal,AKT/PI3K
NCI-H1437,SYK,CSNK2A1_2,3.0,0.1,3.0,1.1824027,11.90711006,0.010467706,4.2926142,13.66908372,24.36229,lung_NSCLC_adenocarcinoma,MSS/MSI-L,Adherent,SYK,Oncogenic signal,Cell Cycle,CSNK2A1,Oncogenic signal,STK
T-24,PIM1,BCL2_BCL2L1,3.0,0.3,1.152569112,10.0,88.69920649,0.3,0.7658107,74.25058473,7.972241,Bladder,MSS/MSI-L,Adherent,PIM1,Oncogenic signal,STK,BCL2;BCL2L1,Cell death,Apoptosis
HCC1395,ESR1_1,AKT_1,3.0,3.0,3.0,0.2174519,14.48923838,0.976591124,0.3939835,0.0,-58.40025,breast,MSS/MSI-L,Adherent,ESR1,Oncogenic signal,Hormonal,AKT*,Oncogenic signal,AKT/PI3K
KATOIII,PIK3C_MTOR,FGFR,1.0,0.01,1.0,0.0,100.0,0.004503108,3.2782813,12.75453673,20.0893,stomach,MSS/MSI-L,Semi-Adherent,PIK3C*;MTOR,Oncogenic signal,AKT/PI3K,FGFR1;FGFR2;FGFR3,Oncogenic signal,RTK
HCC1395,BCL2_BCL2L1,ADAM17,1.0,75.0,1.0,0.1410164,86.38158091,75.0,10.0,94.60023707,-1.784113,breast,MSS/MSI-L,Adherent,BCL2;BCL2L1,Cell death,Apoptosis,ADAM17,Differentiation,EMT/migration
HCC1937,FASN,BCL2_BCL2L1,1.0,1.0,1.0,0.0,100.0,0.241393187,1.4494081,66.95111519,13.64902,breast,MSS/MSI-L,Adherent,FASN,Metabolism,Metabolism,BCL2;BCL2L1,Cell death,Apoptosis
HCC1187,FGFR,ESR1,1.0,1.0,1.0,10.0,91.80002355,1.0,0.0,100.0,2.281585,breast,MSS/MSI-L,Suspension,FGFR1;FGFR2;FGFR3,Oncogenic signal,RTK,ESR1,Oncogenic signal,Hormonal
TCCSUP,Gemcitabine,BCL2_BCL2L1,0.1,3.0,0.002567268,3.6819074,8.35443737,1.113541251,10.0,88.59942985,30.28608,Bladder,MSS/MSI-L,Adherent,DNA;RRM1;TYMS;CMPK1,Cell death,Chemo,BCL2;BCL2L1,Cell death,Apoptosis
NCI-H358,IAP,CHEK1,3.0,1.0,0.0003,0.1,82.81619263,0.428672535,10.0,30.6854789,34.8975,lung_NSCLC_adenocarcinoma,MSS/MSI-L,Adherent,NIAP;XIAP;BIRC2;BIRC3,Cell death,Apoptosis,CHEK1,DNA repair,DNA Damage Response
MDA-MB-468,FGFR,EGFR,1.0,0.1,1.0,10.0,93.00009918,0.011913937,10.0,85.79932849,16.82625,breast,MSS/MSI-L,Adherent,FGFR1;FGFR2;FGFR3,Oncogenic signal,RTK,EGFR,Oncogenic signal,RTK
CAMA-1,PIK3CA_4,BCL2_BCL2L1,1.0,1.0,1.0,0.0,100.0,0.311717485,10.0,88.89984564,-18.13011,breast,MSS/MSI-L,Adherent,PIK3CA,Oncogenic signal,AKT/PI3K,BCL2;BCL2L1,Cell death,Apoptosis
Hs-578-T,MAP2K_1,AKT_SGK,1.0,1.0,1.0,0.4481577,59.6844079,0.159045251,1.7270378,37.17211685,11.04785,breast,MSS/MSI-L,Adherent,MAP2K1;MAP2K2,Oncogenic signal,MAPK,AKT*;SGK*,Oncogenic signal,AKT/PI3K
MDA-MB-361,MTOR_1,ESR1_1,1.0,1.0,0.223150656,1.102866,30.38352901,0.009725661,2.6793172,76.19451997,36.65196,breast,MSS/MSI-L,Adherent,MTOR,Oncogenic signal,AKT/PI3K,ESR1,Oncogenic signal,Hormonal
NCI-H520,PIK3C,ADAM17,1.0,10.0,0.308370462,1.5327566,22.9387506,0.001,0.1,91.95698696,0.007386935,lung_NSCLC_squamous_cell_carcinoma,MSS/MSI-L,Adherent,PIK3C*,Oncogenic signal,AKT/PI3K,ADAM17,Differentiation,EMT/migration
MDA-MB-468,MAP2K_1,BCL2_BCL2L1,1.0,1.0,1.0,0.5543353,68.77446861,0.321539536,0.81742,53.45253132,35.7649,breast,MSS/MSI-L,Adherent,MAP2K1;MAP2K2,Oncogenic signal,MAPK,BCL2;BCL2L1,Cell death,Apoptosis
NCI-H2291,MTOR_1,ALK,3.0,3.0,0.389632242,0.5381202,21.53613929,1.334387966,0.6939742,0.0,43.04191,lung_NSCLC_adenocarcinoma,MSS/MSI-L,Adherent,MTOR,Oncogenic signal,AKT/PI3K,ALK,Oncogenic signal,AKT/PI3K
DU-4475,AKT_1,AKT,1.0,1.0,0.204921115,0.841267,0.0,1.0,0.4354937,0.0,32.89603,breast,MSS/MSI-L,Suspension,AKT*,Oncogenic signal,AKT/PI3K,AKT1;AKT2;AKT3,Oncogenic signal,AKT/PI3K
MDA-MB-453,PIK3C_2,AKT,1.0,1.0,0.397268771,2.1189118,0.0,0.208529199,1.459807,19.04960187,7.232721,breast,MSS/MSI-L,Adherent,PIK3C*,Oncogenic signal,AKT/PI3K,AKT1;AKT2;AKT3,Oncogenic signal,AKT/PI3K
HCC1428,FGFR,AKT,1.0,1.0,1.0,0.0,100.0,0.056046019,10.0,93.80451759,-6.306803,breast,MSS/MSI-L,Adherent,FGFR1;FGFR2;FGFR3,Oncogenic signal,RTK,AKT1;AKT2;AKT3,Oncogenic signal,AKT/PI3K
UM-UC-3,BCL2_BCL2L1,ATR_4,3.0,3.0,3.0,0.6417365,8.89682002,0.915421913,2.4349532,45.0174881,40.95128,Bladder,MSS/MSI-L,Adherent,BCL2;BCL2L1,Cell death,Apoptosis,ATR,DNA repair,DNA Damage Response
BT-20,FGFR,AKT,1.0,1.0,1.0,0.4668495,61.53093623,1.0,0.4287568,45.88606427,-0.467887,breast,MSS/MSI-L,Adherent,FGFR1;FGFR2;FGFR3,Oncogenic signal,RTK,AKT1;AKT2;AKT3,Oncogenic signal,AKT/PI3K
HCC1937,MTOR_1,ALK_IGFR,1.0,1.0,0.312760653,2.7152463,77.27601438,1.0,1.036852,80.15894958,21.54878,breast,MSS/MSI-L,Adherent,MTOR,Oncogenic signal,AKT/PI3K,ALK;IGF*R,Oncogenic signal,AKT/PI3K
CAL-120,SLC16A4,MTOR_1,1.0,1.0,1.0,0.0,100.0,0.194840694,2.1720176,38.49195338,-8.942542,breast,MSS/MSI-L,Adherent,SLC16A3;SLC16A4,Metabolism,Metabolism,MTOR,Oncogenic signal,AKT/PI3K
HCC1395,ESR1,AKT_1,1.0,1.0,1.0,0.0,100.0,0.347457927,1.4551575,44.03163477,2.006646,breast,MSS/MSI-L,Adherent,ESR1,Oncogenic signal,Hormonal,AKT*,Oncogenic signal,AKT/PI3K
SW780,IAP,BCL2_BCL2L1,0.03,0.3,0.005467255,1.3553328,77.00415227,0.016176724,1.0728676,21.71148378,34.44409,Bladder,MSS/MSI-L,Adherent,NIAP;XIAP;BIRC2;BIRC3,Cell death,Apoptosis,BCL2;BCL2L1,Cell death,Apoptosis
HT-1197,PIK3C,HSP90,3.0,3.0,3.0,0.5943189,4.39125907,0.092117,2.4812943,24.88076184,-15.82362,Bladder,MSS/MSI-L,Adherent,PIK3C*,Oncogenic signal,AKT/PI3K,HSP90AA1,Cell death,Apoptosis
HT-1376,FGFR,AKT,3.0,3.0,3.0,1.6907322,48.01735939,0.098751561,0.8716415,29.50148044,-5.026553,Bladder,MSS/MSI-L,Adherent,FGFR1;FGFR2;FGFR3,Oncogenic signal,RTK,AKT1;AKT2;AKT3,Oncogenic signal,AKT/PI3K
DU-4475,PIK3CB_PIK3CD,PARP1,1.0,3.0,0.320706946,10.0,65.19956411,1.413509181,0.5655799,0.0,22.62157,breast,MSS/MSI-L,Suspension,PIK3CB;PIK3CD,Oncogenic signal,AKT/PI3K,PARP1,DNA repair,DNA Damage Response
J82,HDAC_4,Cisplatin,3.0,3.0,1.316501546,1.5015177,0.0,0.526368645,1.4228568,1.78842922,22.90047,Bladder,MSS/MSI-L,Adherent,HDAC*,Differentiation,Epigenetic,DNA,DNA repair,Chemo
HCC1806,PIK3C,PARP1,1.0,3.0,0.3040641,10.0,19.59938959,1.712747296,1.3420241,0.0,25.59382,breast,MSS/MSI-L,Adherent,PIK3C*,Oncogenic signal,AKT/PI3K,PARP1,DNA repair,DNA Damage Response
HCC70,MAP2K_1,AKT_SGK,1.0,1.0,1.0,0.7843244,35.03358251,0.445496634,1.0240169,0.0,34.50574,breast,MSS/MSI-L,Adherent,MAP2K1;MAP2K2,Oncogenic signal,MAPK,AKT*;SGK*,Oncogenic signal,AKT/PI3K
CAMA-1,PIK3C,PARP1,1.0,3.0,0.487736995,3.8244416,54.02688159,3.0,0.5394622,28.96811904,4.757508,breast,MSS/MSI-L,Adherent,PIK3C*,Oncogenic signal,AKT/PI3K,PARP1,DNA repair,DNA Damage Response
SW620,JAK,IAP,1.0,1.0,0.017664688,10.0,92.25252608,1.0,0.0,100.0,-4.53358,large_intestine,MSS/MSI-L,Adherent,JAK1;JAK2,Oncogenic signal,Cell Cycle,NIAP;XIAP;BIRC2;BIRC3,Cell death,Apoptosis
HCC1954,IAP,BCL2L1,3.0,3.0,0.006466673,0.2449218,0.0,3.0,0.1039964,0.76486191,56.36548,breast,MSS/MSI-L,Adherent,NIAP;XIAP;BIRC2;BIRC3,Cell death,Apoptosis,BCL2L1,Cell death,Apoptosis
MDA-MB-453,AKT,ADAM17,1.0,75.0,0.282663543,2.2634551,34.21972294,1.0,0.0,100.0,16.0498,breast,MSS/MSI-L,Adherent,AKT1;AKT2;AKT3,Oncogenic signal,AKT/PI3K,ADAM17,Differentiation,EMT/migration
SW900,SYK,CSNK2A1_2,3.0,0.01,2.290071398,1.1174283,67.63992051,0.003260927,2.3923903,24.98609677,8.287549,lung_NSCLC_squamous_cell_carcinoma,MSS/MSI-L,Adherent,SYK,Oncogenic signal,Cell Cycle,CSNK2A1,Oncogenic signal,STK
HCC70,MTOR_1,ATR_4,1.0,1.0,0.290337661,10.0,35.29936295,1.0,0.4854648,24.28976218,-33.24525,breast,MSS/MSI-L,Adherent,MTOR,Oncogenic signal,AKT/PI3K,ATR,DNA repair,DNA Damage Response
J82,MTOR_1,ATR_4,3.0,3.0,0.917809028,0.8501681,1.70530019,1.001165695,10.0,48.29908436,-20.56418,Bladder,MSS/MSI-L,Adherent,MTOR,Oncogenic signal,AKT/PI3K,ATR,DNA repair,DNA Damage Response
BT-20,BCL2L1,AKT_1,3.0,3.0,0.007812111,0.6804907,65.45445023,3.0,0.6502108,0.0,28.39611,breast,MSS/MSI-L,Adherent,BCL2L1,Cell death,Apoptosis,AKT*,Oncogenic signal,AKT/PI3K
UM-UC-3,MTOR_1,MAP2K_1,1.0,3.0,1.0,1.9453414,39.2645476,0.241887345,3.8307602,54.2649069,0.2453211,Bladder,MSS/MSI-L,Adherent,MTOR,Oncogenic signal,AKT/PI3K,MAP2K1;MAP2K2,Oncogenic signal,MAPK
TCCSUP,FGFR,AKT,3.0,3.0,0.031755742,1.6048452,57.970278,0.215065357,1.2950605,64.58618258,74.1667,Bladder,MSS/MSI-L,Adherent,FGFR1;FGFR2;FGFR3,Oncogenic signal,RTK,AKT1;AKT2;AKT3,Oncogenic signal,AKT/PI3K
HCC1143,ATR_4,AKT,1.0,1.0,0.358669899,10.0,37.99781031,0.275064106,1.1591545,69.5275241,-35.35206,breast,MSS/MSI-L,Adherent,ATR,DNA repair,DNA Damage Response,AKT1;AKT2;AKT3,Oncogenic signal,AKT/PI3K
BT-20,AKT_1,AKT,1.0,1.0,0.258829507,2.6522928,63.9329888,0.457555312,1.9626393,80.81186035,20.26494,breast,MSS/MSI-L,Adherent,AKT*,Oncogenic signal,AKT/PI3K,AKT1;AKT2;AKT3,Oncogenic signal,AKT/PI3K
MDA-MB-157,PIK3CA_4,AKT,1.0,1.0,1.0,0.3865394,52.74351148,0.203047686,3.2977051,52.68427356,-5.720383,breast,MSS/MSI-L,Adherent,PIK3CA,Oncogenic signal,AKT/PI3K,AKT1;AKT2;AKT3,Oncogenic signal,AKT/PI3K
BT-549,TNKS_PARP6,MTOR_1,1.0,1.0,0.197786698,6.2547543,14.19776301,0.247632277,2.2022896,27.29195273,-13.99905,breast,MSS/MSI-L,Adherent,TNKS;PARP6,Oncogenic signal,Cell Cycle,MTOR,Oncogenic signal,AKT/PI3K
SW780,PIK3CB_PIK3CD,EG5,3.0,0.003,1.0,0.0,100.0,1.0,0.0,100.0,-28.27055,Bladder,MSS/MSI-L,Adherent,PIK3CB;PIK3CD,Oncogenic signal,AKT/PI3K,KIF11,Differentiation,EMT/migration
NCI-H3122,Topotecan,IAP,0.1,0.3,0.018324932,1.4286694,0.0,0.003105054,2.236988,75.9149276,17.00553,lung_NSCLC_adenocarcinoma,MSS/MSI-L,Adherent,TOP1;TOP1MT;DNA,DNA repair,Chemo,NIAP;XIAP;BIRC2;BIRC3,Cell death,Apoptosis
NCI-H358,PIK3CB,ALK_2,3.0,3.0,3.0,0.4790995,64.76792312,0.169846293,10.0,92.0958911,-12.38532,lung_NSCLC_adenocarcinoma,MSS/MSI-L,Adherent,PIK3CB,Oncogenic signal,AKT/PI3K,ALK,Oncogenic signal,RTK
MDA-MB-157,IAP,BCL2L1,3.0,3.0,0.00252097,0.5732947,35.55175623,3.0,0.1645754,66.10243853,49.376,breast,MSS/MSI-L,Adherent,NIAP;XIAP;BIRC2;BIRC3,Cell death,Apoptosis,BCL2L1,Cell death,Apoptosis
NCI-H747,PTK2,MAP2K_1,3.0,3.0,0.751575157,0.6621676,0.52809634,0.615331031,0.4067751,0.0,-4.870179,large_intestine,MSS/MSI-L,Adherent,PTK2*,Differentiation,EMT/migration,MAP2K1;MAP2K2,Oncogenic signal,MAPK
HCC1806,SLC16A4,PIK3CB_PIK3CD,1.0,1.0,1.0,0.0,100.0,1.0,10.0,89.80008269,-0.3957757,breast,MSS/MSI-L,Adherent,SLC16A3;SLC16A4,Metabolism,Metabolism,PIK3CB;PIK3CD,Oncogenic signal,AKT/PI3K
BT-20,PIK3CA_4,AKT,1.0,1.0,0.208946057,1.2631686,58.79597362,0.190101078,3.2412186,78.74518968,12.91164,breast,MSS/MSI-L,Adherent,PIK3CA,Oncogenic signal,AKT/PI3K,AKT1;AKT2;AKT3,Oncogenic signal,AKT/PI3K
NCI-H1563,Topotecan,BCL2,0.1,3.0,0.030228999,3.6999753,14.59175565,2.954661814,10.0,0.0,22.12613,lung_NSCLC_adenocarcinoma,MSS/MSI-L,Adherent,TOP1;TOP1MT;DNA,DNA repair,Chemo,BCL2,Cell death,Apoptosis
MDA-MB-231,TNKS_PARP6,FGFR,1.0,1.0,0.047101286,1.4084689,19.4763143,0.397650118,1.5322391,90.59708338,2.327113,breast,MSS/MSI-L,Adherent,TNKS;PARP6,Oncogenic signal,Cell Cycle,FGFR1;FGFR2;FGFR3,Oncogenic signal,RTK
CAMA-1,PIK3C_2,AKT_1,1.0,1.0,1.0,1.6328835,7.82017981,0.354650054,2.3936167,27.50193203,24.74949,breast,MSS/MSI-L,Adherent,PIK3C*,Oncogenic signal,AKT/PI3K,AKT*,Oncogenic signal,AKT/PI3K
NCI-H226,PIK3C,ADAM17,3.0,10.0,1.846684746,0.9288144,0.0,10.0,0.2264503,82.32505816,36.01768,lung_NSCLC_squamous_cell_carcinoma,MSS/MSI-L,Adherent,PIK3C*,Oncogenic signal,AKT/PI3K,ADAM17,Differentiation,EMT/migration
HT-29,TKI,IGFR_3,3.0,10.0,3.0,0.8373213,36.24608274,0.461309533,0.4324893,0.0,34.97437,large_intestine,MSS/MSI-L,Adherent,KDR;EGFR;RET,Oncogenic signal,RTK,IGF*R,Oncogenic signal,RTK
MDA-MB-468,SLC16A4,PIK3CB_PIK3CD,1.0,1.0,1.0,0.2704615,85.98570285,0.0001,0.1,92.86009121,11.25299,breast,MSS/MSI-L,Adherent,SLC16A3;SLC16A4,Metabolism,Metabolism,PIK3CB;PIK3CD,Oncogenic signal,AKT/PI3K
BT-549,BCL2_BCL2L1,ATR_4,1.0,1.0,0.248214228,1.2264214,70.59449923,1.0,10.0,31.00015334,-28.35914,breast,MSS/MSI-L,Adherent,BCL2;BCL2L1,Cell death,Apoptosis,ATR,DNA repair,DNA Damage Response
BT-549,FGFR,EGFR,1.0,0.1,0.153596127,2.7090823,62.85427763,0.007433144,10.0,93.59576001,-3.295388,breast,MSS/MSI-L,Adherent,FGFR1;FGFR2;FGFR3,Oncogenic signal,RTK,EGFR,Oncogenic signal,RTK
NCI-H1703,Vinorelbine,BCL2_2,0.03,3.0,0.011412262,10.0,21.19499917,1.015538702,10.0,79.19958424,-14.04193,lung_NSCLC_adenocarcinoma,MSS/MSI-L,Adherent,microtubule;TUBB,DNA repair,Chemo,BCL2,Cell death,Apoptosis
HCC70,MAP2K_1,BRAF_M2,3.0,3.0,1.134123801,3.9014194,22.29178342,0.0003,0.1,69.74902181,33.95715,breast,MSS/MSI-L,Adherent,MAP2K1;MAP2K2,Oncogenic signal,MAPK,BRAF_V600E,Oncogenic signal,MAPK
SW48,PARP1,IAP,10.0,1.0,6.993027404,1.3017379,0.0,0.00160259,0.4337952,88.26793153,-15.49609,large_intestine,MSI-H,Adherent,PARP1,DNA repair,DNA Damage Response,NIAP;XIAP;BIRC2;BIRC3,Cell death,Apoptosis
NCI-H3122,CSNK2A1_2,AKT,0.1,3.0,0.006059048,3.1423641,1.04602483,1.153818335,0.9289295,0.0,-4.731641,lung_NSCLC_adenocarcinoma,MSS/MSI-L,Adherent,CSNK2A1,Oncogenic signal,STK,AKT1;AKT2;AKT3,Oncogenic signal,AKT/PI3K
NCI-H522,CSNK2A1_2,BCL2,0.03,3.0,0.004143754,2.4238399,3.51472102,3.0,0.4447717,21.68400438,31.0355,lung_NSCLC_adenocarcinoma,MSS/MSI-L,Adherent,CSNK2A1,Oncogenic signal,STK,BCL2,Cell death,Apoptosis
HCC1395,PIK3C_2,AKT,1.0,1.0,1.0,2.0611933,6.44311915,0.351554407,1.4558558,40.40348346,8.892265,breast,MSS/MSI-L,Adherent,PIK3C*,Oncogenic signal,AKT/PI3K,AKT1;AKT2;AKT3,Oncogenic signal,AKT/PI3K
HCC70,PIK3C,PARP1,1.0,3.0,0.445475435,2.0046056,29.79747754,0.311360926,10.0,90.19993121,12.11449,breast,MSS/MSI-L,Adherent,PIK3C*,Oncogenic signal,AKT/PI3K,PARP1,DNA repair,DNA Damage Response
SW48,IGFR_4,BCL2,10.0,3.0,0.089491157,0.5734836,0.0,0.140911593,1.4023402,20.39916289,38.4631,large_intestine,MSI-H,Adherent,IGF*R,Oncogenic signal,RTK,BCL2,Cell death,Apoptosis
MDA-MB-436,MAP2K_1,FASN,1.0,1.0,1.0,0.3688115,20.91049262,1.0,0.0,100.0,-3.088848,breast,MSS/MSI-L,Adherent,MAP2K1;MAP2K2,Oncogenic signal,MAPK,FASN,Metabolism,Metabolism
MDA-MB-175-VII,MAP2K_1,HSP90,1.0,1.0,0.300602814,10.0,79.99981272,0.050640047,1.8997348,5.01944632,41.2269,breast,MSS/MSI-L,Adherent,MAP2K1;MAP2K2,Oncogenic signal,MAPK,HSP90AA1,Cell death,Apoptosis
MDA-MB-453,MAP2K_1,AKT_SGK,1.0,1.0,1.0,0.0,100.0,0.186525801,1.7097218,12.37724752,-12.72298,breast,MSS/MSI-L,Adherent,MAP2K1;MAP2K2,Oncogenic signal,MAPK,AKT*;SGK*,Oncogenic signal,AKT/PI3K
HCC70,PIM1,MAP2K_1,1.0,1.0,1.0,0.0,100.0,1.0,0.5076132,43.08467899,12.69365,breast,MSS/MSI-L,Adherent,PIM1,Oncogenic signal,STK,MAP2K1;MAP2K2,Oncogenic signal,MAPK
NCI-H2291,PIK3C,ALK,3.0,3.0,0.628111312,1.2045041,40.48882714,1.445532235,0.6896811,0.0,30.77809,lung_NSCLC_adenocarcinoma,MSS/MSI-L,Adherent,PIK3C*,Oncogenic signal,AKT/PI3K,ALK,Oncogenic signal,AKT/PI3K
HCC38,TNKS_PARP6,AKT,1.0,1.0,0.033506796,1.8276969,11.32155865,1.0,10.0,72.4001297,26.93747,breast,MSS/MSI-L,Adherent,TNKS;PARP6,Oncogenic signal,Cell Cycle,AKT1;AKT2;AKT3,Oncogenic signal,AKT/PI3K
BT-20,MAP2K_1,AKT_SGK,1.0,1.0,0.095093735,0.708687,49.51957963,0.616554569,0.8561764,36.60315649,20.09961,breast,MSS/MSI-L,Adherent,MAP2K1;MAP2K2,Oncogenic signal,MAPK,AKT*;SGK*,Oncogenic signal,AKT/PI3K
MDA-MB-231,MTOR_1,ERBB,1.0,1.0,0.323572741,0.9174724,24.76690413,1.0,0.0,100.0,-2.906901,breast,MSS/MSI-L,Adherent,MTOR,Oncogenic signal,AKT/PI3K,EGFR;ERBB*,Oncogenic signal,RTK
M14,PIP5K1,AKT,1.0,1.0,0.0001,0.1,86.51523635,0.262526506,2.7360029,39.14540929,-1.760517,melanoma,MSS/MSI-L,Adherent,PIP5K1*,Metabolism,Metabolism,AKT1;AKT2;AKT3,Oncogenic signal,AKT/PI3K
CAL-120,PIK3C,MAP2K_1,1.0,1.0,0.34475734,10.0,70.39929213,0.40666117,2.2771552,82.30437628,17.25819,breast,MSS/MSI-L,Adherent,PIK3C*,Oncogenic signal,AKT/PI3K,MAP2K1;MAP2K2,Oncogenic signal,MAPK
NCI-H2085,IAP,Doxorubicin,3.0,0.3,0.484774562,0.2282585,0.0,0.027462422,2.0729148,28.00102002,25.40615,lung_NSCLC_adenocarcinoma,MSS/MSI-L,Adherent,NIAP;XIAP;BIRC2;BIRC3,Cell death,Apoptosis,TOP*;DNMT1,DNA repair,Chemo
Hs-578-T,ESR1,AKT_1,1.0,1.0,1.0,10.0,88.80007087,1.0,0.5646611,0.45209167,-6.839067,breast,MSS/MSI-L,Adherent,ESR1,Oncogenic signal,Hormonal,AKT*,Oncogenic signal,AKT/PI3K
NCI-H23,IAP,ATR_4,1.0,3.0,0.000737582,0.2225716,33.69432966,0.76846558,2.51122,18.28060624,16.19612,lung_NSCLC_adenocarcinoma,MSS/MSI-L,Adherent,NIAP;XIAP;BIRC2;BIRC3,Cell death,Apoptosis,ATR,DNA repair,DNA Damage Response
HCC1569,Chloroquine,AKT,10.0,3.0,10.0,0.7600534,45.44729823,0.935576624,0.5382314,0.0,-1.601038,breast,MSI-H,Adherent,Thiamine,other,other,AKT1;AKT2;AKT3,Oncogenic signal,AKT/PI3K
CAL-51,BCL2_BCL2L1,AKT_SGK,1.0,1.0,0.02855276,10.0,93.39994457,0.225709904,1.1059938,18.66157999,18.7621,breast,MSS/MSI-L,Adherent,BCL2;BCL2L1,Cell death,Apoptosis,AKT*;SGK*,Oncogenic signal,AKT/PI3K
UM-UC-3,PIM1,BCL2_BCL2L1,3.0,3.0,1.0,0.0,100.0,0.575215059,0.6950514,28.74865914,39.24142,Bladder,MSS/MSI-L,Adherent,PIM1,Oncogenic signal,STK,BCL2;BCL2L1,Cell death,Apoptosis
T47D,MTOR_1,ESR1_3,1.0,3.0,0.042097166,1.035398,20.00152773,0.163654986,0.4261588,39.01057988,4.161831,breast,MSS/MSI-L,Adherent,MTOR,Oncogenic signal,AKT/PI3K,ESR1,Oncogenic signal,Hormonal
RT4,TNF,IAP,0.1,3.0,0.006778883,2.0520494,9.65144806,0.54836725,0.3488314,69.05973535,193.8462,Bladder,MSS/MSI-L,Adherent,TNFA,Cell death,Apoptosis,NIAP;XIAP;BIRC2;BIRC3,Cell death,Apoptosis
Hs-578-T,PIK3CA_4,PIK3C_2,1.0,1.0,0.338221547,10.0,82.2996401,0.7205964,0.9028787,0.0,3.139188,breast,MSS/MSI-L,Adherent,PIK3CA,Oncogenic signal,AKT/PI3K,PIK3C*,Oncogenic signal,AKT/PI3K
HCC70,ESR1_1,AKT_1,3.0,3.0,3.0,0.6687548,12.10744555,0.324778662,0.6096475,8.78707724,47.84539,breast,MSS/MSI-L,Adherent,ESR1,Oncogenic signal,Hormonal,AKT*,Oncogenic signal,AKT/PI3K
COLO-205,MAP2K_1,IGFR_3,1.0,10.0,0.045489071,0.7669747,0.0,0.421885665,1.2324432,27.41661419,71.5167,large_intestine,MSS/MSI-L,Suspension,MAP2K1;MAP2K2,Oncogenic signal,MAPK,IGF*R,Oncogenic signal,RTK
MDA-MB-361,MTOR_1,ESR1_3,1.0,1.0,0.211512717,1.2295439,34.06363443,0.050281191,1.2178038,62.81047268,39.45437,breast,MSS/MSI-L,Adherent,MTOR,Oncogenic signal,AKT/PI3K,ESR1,Oncogenic signal,Hormonal
HCC38,PIK3CB_PIK3CD,ALK_IGFR,1.0,1.0,0.350740372,10.0,72.29920981,0.999995942,9.9999996,37.40128181,14.24153,breast,MSS/MSI-L,Adherent,PIK3CB;PIK3CD,Oncogenic signal,AKT/PI3K,ALK;IGF*R,Oncogenic signal,AKT/PI3K
MFM-223,PIK3CB_PIK3CD,ADAM17,1.0,75.0,1.0,0.3926152,45.66550563,0.765201846,10.0,91.99998861,-15.22839,breast,MSS/MSI-L,Adherent,PIK3CB;PIK3CD,Oncogenic signal,AKT/PI3K,ADAM17,Differentiation,EMT/migration
HCC1395,ERBB,AKT,1.0,1.0,1.0,0.0,100.0,0.338840391,1.3264009,46.88858622,23.01357,breast,MSS/MSI-L,Adherent,EGFR;ERBB*,Oncogenic signal,RTK,AKT1;AKT2;AKT3,Oncogenic signal,AKT/PI3K
Hs-578-T,TNKS_PARP6,MTOR_1,1.0,1.0,0.023504379,1.6560947,13.67171083,0.096110207,2.2739184,31.82185101,3.433078,breast,MSS/MSI-L,Adherent,TNKS;PARP6,Oncogenic signal,Cell Cycle,MTOR,Oncogenic signal,AKT/PI3K
SW837,IGFR_3,IAP,10.0,1.0,4.635536298,0.5929405,57.52413476,0.061321616,1.3932695,83.74329739,16.60508,large_intestine,MSS/MSI-L,Adherent,IGF*R,Oncogenic signal,RTK,NIAP;XIAP;BIRC2;BIRC3,Cell death,Apoptosis
MDA-MB-468,FGFR,BCL2_BCL2L1,1.0,1.0,1.0,0.0,100.0,0.495946381,2.1740696,65.67246133,28.8835,breast,MSS/MSI-L,Adherent,FGFR1;FGFR2;FGFR3,Oncogenic signal,RTK,BCL2;BCL2L1,Cell death,Apoptosis
NCI-H1437,CSNK2A1_2,BCL2,0.1,3.0,0.010198758,2.182701,11.4827926,3.0,0.7544479,48.1559293,69.18126,lung_NSCLC_adenocarcinoma,MSS/MSI-L,Adherent,CSNK2A1,Oncogenic signal,STK,BCL2,Cell death,Apoptosis
HCC1806,PIP5K1,MAP2K_1,1.0,1.0,1.0,0.0,100.0,0.307030373,1.0628797,21.46129862,7.344976,breast,MSS/MSI-L,Adherent,PIP5K1*,Metabolism,Metabolism,MAP2K1;MAP2K2,Oncogenic signal,MAPK
647-V,ATR_4,AKT,3.0,3.0,1.346929801,10.0,64.88831728,0.670939287,1.7780861,6.44858628,8.459137,Bladder,MSS/MSI-L,Adherent,ATR,DNA repair,DNA Damage Response,AKT1;AKT2;AKT3,Oncogenic signal,AKT/PI3K
MDA-MB-231,SLC16A4,MTOR_1,1.0,1.0,0.207078065,1.8156487,44.47194176,0.453911807,0.9116846,10.89132679,1.994979,breast,MSS/MSI-L,Adherent,SLC16A3;SLC16A4,Metabolism,Metabolism,MTOR,Oncogenic signal,AKT/PI3K
NCI-H358,CarboTaxol,BCL2L1,0.01,3.0,0.001716258,1.5707317,18.00186493,0.0003,0.1,91.87490139,48.02275,lung_NSCLC_adenocarcinoma,MSS/MSI-L,Adherent,DNA,DNA repair,Chemo,BCL2L1,Cell death,Apoptosis
A549,TNFSF10,CSNK2A1_2,0.03,0.1,0.03,10.0,90.60003384,0.016749424,4.7519271,7.87378373,3.733341,lung_NSCLC_adenocarcinoma,MSS/MSI-L,Adherent,TNFSF10,Cell death,Apoptosis,CSNK2A1,Oncogenic signal,STK
NCI-H2228,CarboTaxol,BCL2,0.003,3.0,0.001225238,0.7118166,0.0,1.737931238,0.5274628,0.0,18.90362,lung_NSCLC_adenocarcinoma,MSS/MSI-L,Adherent,DNA,DNA repair,Chemo,BCL2,Cell death,Apoptosis
MFM-223,TNKS_PARP6,PIK3CB_PIK3CD,1.0,1.0,0.006811723,0.6626571,14.95776099,1.0,0.1362297,7.64829781,-44.25331,breast,MSS/MSI-L,Adherent,TNKS;PARP6,Oncogenic signal,Cell Cycle,PIK3CB;PIK3CD,Oncogenic signal,AKT/PI3K
MDA-MB-415,PIK3C,MAP2K_3,3.0,0.3,2.432981837,1.2876606,0.0,0.121910596,0.658821,14.50395453,4.430721,breast,MSS/MSI-L,Adherent,PIK3C*,Oncogenic signal,AKT/PI3K,MAP2K*,Oncogenic signal,MAPK
HCC70,PIK3CA_4,PIK3C_2,1.0,1.0,1.0,0.0,100.0,1.0,0.0,100.0,-30.86577,breast,MSS/MSI-L,Adherent,PIK3CA,Oncogenic signal,AKT/PI3K,PIK3C*,Oncogenic signal,AKT/PI3K
NCI-H23,CSNK2A1_2,CarboTaxol,0.1,0.01,0.007414113,1.6659403,12.42717892,0.001584963,3.3418519,11.99897864,-6.516483,lung_NSCLC_adenocarcinoma,MSS/MSI-L,Adherent,CSNK2A1,Oncogenic signal,STK,DNA,DNA repair,Chemo
SW837,MAP2K_1,IGFR_4,3.0,10.0,0.225989513,0.5966184,42.27113702,0.996176169,0.5951728,0.0,26.3871,large_intestine,MSS/MSI-L,Adherent,MAP2K1;MAP2K2,Oncogenic signal,MAPK,IGF*R,Oncogenic signal,RTK
SW900,PIK3CB,IAP,3.0,3.0,3.0,0.9627544,24.6331787,0.936752412,0.1887278,0.0,-2.865059,lung_NSCLC_squamous_cell_carcinoma,MSS/MSI-L,Adherent,PIK3CB,Oncogenic signal,AKT/PI3K,NIAP;XIAP;BIRC2;BIRC3,Cell death,Apoptosis
MDA-MB-468,FGFR,ERBB,1.0,1.0,1.0,10.0,76.80008746,0.181898679,10.0,93.48511728,13.00714,breast,MSS/MSI-L,Adherent,FGFR1;FGFR2;FGFR3,Oncogenic signal,RTK,EGFR;ERBB*,Oncogenic signal,RTK
HCC1143,FGFR,AKT_SGK,1.0,1.0,1.0,0.0,100.0,1.0,1.7942129,47.16707998,-38.33838,breast,MSS/MSI-L,Adherent,FGFR1;FGFR2;FGFR3,Oncogenic signal,RTK,AKT*;SGK*,Oncogenic signal,AKT/PI3K
BT-549,FGFR,ERBB,1.0,1.0,1.0,0.4781451,13.37940789,0.115481209,10.0,86.94969851,9.494321,breast,MSS/MSI-L,Adherent,FGFR1;FGFR2;FGFR3,Oncogenic signal,RTK,EGFR;ERBB*,Oncogenic signal,RTK
NCI-H2085,TOP2_2,IAP,3.0,3.0,1.146190105,0.7098795,0.0,0.873266175,0.278107,0.0,23.87985,lung_NSCLC_adenocarcinoma,MSS/MSI-L,Adherent,TOP2*,DNA repair,Chemo,NIAP;XIAP;BIRC2;BIRC3,Cell death,Apoptosis
EVSA-T,Chloroquine,AKT_1,10.0,3.0,1.0,0.0,100.0,0.596487491,1.199443,0.0,-5.370052,breast,MSS/MSI-L,Adherent,Thiamine,other,other,AKT*,Oncogenic signal,AKT/PI3K
DU-4475,TNKS_PARP6,FGFR,1.0,1.0,0.01260151,2.1193876,1.39254503,0.112054423,2.7763227,83.2392966,7.925461,breast,MSS/MSI-L,Suspension,TNKS;PARP6,Oncogenic signal,Cell Cycle,FGFR1;FGFR2;FGFR3,Oncogenic signal,RTK
HCC1937,ALK_IGFR,AKT_1,1.0,1.0,0.28383344,2.2743659,90.47576954,1.0,0.4865957,43.35055455,-4.55423,breast,MSS/MSI-L,Adherent,ALK;IGF*R,Oncogenic signal,AKT/PI3K,AKT*,Oncogenic signal,AKT/PI3K
MDA-MB-157,MTOR_1,FASN,1.0,1.0,0.225480361,1.8433527,51.97496767,0.17790232,10.0,93.4233304,-0.2131888,breast,MSS/MSI-L,Adherent,MTOR,Oncogenic signal,AKT/PI3K,FASN,Metabolism,Metabolism
647-V,BCL2_BCL2L1,ATR_4,3.0,3.0,1.758557277,0.8117828,37.69021163,3.0,10.0,60.80000682,6.567665,Bladder,MSS/MSI-L,Adherent,BCL2;BCL2L1,Cell death,Apoptosis,ATR,DNA repair,DNA Damage Response
HCC38,PIM1,BCL2_BCL2L1,1.0,1.0,1.0,0.0,100.0,0.199226861,2.5648416,8.53839023,64.09607,breast,MSS/MSI-L,Adherent,PIM1,Oncogenic signal,STK,BCL2;BCL2L1,Cell death,Apoptosis
NCI-H1299,Vinorelbine,IAP,0.3,1.0,0.049063508,1.9844675,22.55955643,0.062093963,1.1332532,34.35333056,34.9204,lung_NSCLC_large cell,MSS/MSI-L,Adherent,microtubule;TUBB,DNA repair,Chemo,NIAP;XIAP;BIRC2;BIRC3,Cell death,Apoptosis
NCI-H358,Vinorelbine,IAP,0.03,3.0,0.03,1.1213119,0.9065576,0.0003,0.1,74.70828653,53.60596,lung_NSCLC_adenocarcinoma,MSS/MSI-L,Adherent,microtubule;TUBB,DNA repair,Chemo,NIAP;XIAP;BIRC2;BIRC3,Cell death,Apoptosis
NCI-H1793,IAP,CHEK1,3.0,1.0,1.624157009,0.9994085,46.02822789,0.229907905,4.3030481,8.24114315,51.64542,lung_NSCLC_adenocarcinoma,MSS/MSI-L,Adherent,NIAP;XIAP;BIRC2;BIRC3,Cell death,Apoptosis,CHEK1,DNA repair,DNA Damage Response
HCC1428,FGFR,BCL2_BCL2L1,1.0,1.0,1.0,0.0,100.0,0.122336756,0.8280712,0.0,-46.11111,breast,MSS/MSI-L,Adherent,FGFR1;FGFR2;FGFR3,Oncogenic signal,RTK,BCL2;BCL2L1,Cell death,Apoptosis
MDA-MB-157,BCL2_BCL2L1,AKT_SGK,1.0,1.0,0.249972003,2.9780443,93.80832502,1.0,10.0,90.60004258,20.24033,breast,MSS/MSI-L,Adherent,BCL2;BCL2L1,Cell death,Apoptosis,AKT*;SGK*,Oncogenic signal,AKT/PI3K
M14,SLC16A4,MAP2K_1,1.0,1.0,0.055806696,10.0,93.16875239,0.14631053,1.2688282,18.30071733,8.363565,melanoma,MSS/MSI-L,Adherent,SLC16A3;SLC16A4,Metabolism,Metabolism,MAP2K1;MAP2K2,Oncogenic signal,MAPK
BT-549,TNKS_PARP6,AKT,1.0,1.0,0.194757679,5.4285475,11.78717489,0.141588535,1.4901122,54.05678063,-1.423423,breast,MSS/MSI-L,Adherent,TNKS;PARP6,Oncogenic signal,Cell Cycle,AKT1;AKT2;AKT3,Oncogenic signal,AKT/PI3K
NCI-H1299,IAP,BCL2L1,1.0,3.0,0.071951401,1.1644778,34.93677967,1.0,0.0,100.0,43.44764,lung_NSCLC_large cell,MSS/MSI-L,Adherent,NIAP;XIAP;BIRC2;BIRC3,Cell death,Apoptosis,BCL2L1,Cell death,Apoptosis
NCI-H520,CSNK2A1_2,BCL2,0.03,3.0,0.007215258,1.6013078,15.40383688,1.0,0.0,100.0,5.213011,lung_NSCLC_squamous_cell_carcinoma,MSS/MSI-L,Adherent,CSNK2A1,Oncogenic signal,STK,BCL2,Cell death,Apoptosis
CAMA-1,Chloroquine,AKT,10.0,3.0,1.0,0.0,100.0,0.034136801,0.4196339,0.0,-1.063422,breast,MSS/MSI-L,Adherent,Thiamine,other,other,AKT1;AKT2;AKT3,Oncogenic signal,AKT/PI3K
LS-513,IAP,CHEK1,1.0,0.3,0.401865136,10.0,90.1989235,0.155283351,10.0,58.74312345,17.05486,large_intestine,MSS/MSI-L,Adherent,NIAP;XIAP;BIRC2;BIRC3,Cell death,Apoptosis,CHEK1,DNA repair,DNA Damage Response
M14,PIP5K1,PIK3C,1.0,1.0,0.462065512,10.0,92.39662837,0.5303978,1.7896487,27.82644727,5.194212,melanoma,MSS/MSI-L,Adherent,PIP5K1*,Metabolism,Metabolism,PIK3C*,Oncogenic signal,AKT/PI3K
SW780,FGFR,BCL2_BCL2L1,3.0,3.0,0.600914439,0.4539231,0.0,0.105351647,0.7388066,43.01434954,46.80484,Bladder,MSS/MSI-L,Adherent,FGFR1;FGFR2;FGFR3,Oncogenic signal,RTK,BCL2;BCL2L1,Cell death,Apoptosis
M14,TNKS_PARP6,PIK3CB_PIK3CD,1.0,1.0,0.00812138,1.7263481,18.79569514,0.323277101,10.0,38.39917698,40.185,melanoma,MSS/MSI-L,Adherent,TNKS;PARP6,Oncogenic signal,Cell Cycle,PIK3CB;PIK3CD,Oncogenic signal,AKT/PI3K
EVSA-T,BCL2L1,AKT_1,3.0,3.0,1.0,0.0,100.0,0.457121517,2.1069083,11.83544214,-6.225716,breast,MSS/MSI-L,Adherent,BCL2L1,Cell death,Apoptosis,AKT*,Oncogenic signal,AKT/PI3K
C32,IGFR_3,IAP,10.0,1.0,10.0,1.8133225,28.52260219,0.000689373,1.2984082,8.09378469,-7.399541,melanoma,MSS/MSI-L,Adherent,IGF*R,Oncogenic signal,RTK,NIAP;XIAP;BIRC2;BIRC3,Cell death,Apoptosis
HCC1937,MTOR_1,ERBB,1.0,1.0,1.0,0.641336,52.52692906,0.009695573,0.471611,75.25696822,23.61464,breast,MSS/MSI-L,Adherent,MTOR,Oncogenic signal,AKT/PI3K,EGFR;ERBB*,Oncogenic signal,RTK
NCI-H520,PIK3CB,IAP,3.0,3.0,1.799729459,0.5737836,5.27590307,1.0,0.0,100.0,-15.84866,lung_NSCLC_squamous_cell_carcinoma,MSS/MSI-L,Adherent,PIK3CB,Oncogenic signal,AKT/PI3K,NIAP;XIAP;BIRC2;BIRC3,Cell death,Apoptosis
HCC1395,FGFR,AKT_SGK,1.0,1.0,0.012940157,1.890418,50.38673312,0.261484023,0.7872796,20.31487395,63.79015,breast,MSS/MSI-L,Adherent,FGFR1;FGFR2;FGFR3,Oncogenic signal,RTK,AKT*;SGK*,Oncogenic signal,AKT/PI3K
NCI-H520,CarboTaxol,ATR_4,0.01,3.0,0.002626515,2.0648452,30.02519196,1.052415481,10.0,74.39927017,-22.20968,lung_NSCLC_squamous_cell_carcinoma,MSS/MSI-L,Adherent,DNA,DNA repair,Chemo,ATR,DNA repair,DNA Damage Response
MDA-MB-157,ESR1,AKT_1,1.0,1.0,0.186127539,10.0,85.56445309,1.0,0.4812878,39.83896365,4.528651,breast,MSS/MSI-L,Adherent,ESR1,Oncogenic signal,Hormonal,AKT*,Oncogenic signal,AKT/PI3K
HCC38,FGFR,ERBB,1.0,1.0,0.009016494,1.897804,74.28632144,0.0001,0.1,79.88362416,57.08667,breast,MSS/MSI-L,Adherent,FGFR1;FGFR2;FGFR3,Oncogenic signal,RTK,EGFR;ERBB*,Oncogenic signal,RTK
CAL-51,PIP5K1,PIK3CB_PIK3CD,1.0,1.0,1.0,0.4124504,84.84888186,0.058309961,2.5546154,89.47758346,5.27933,breast,MSS/MSI-L,Adherent,PIP5K1*,Metabolism,Metabolism,PIK3CB;PIK3CD,Oncogenic signal,AKT/PI3K
MFM-223,PIK3CA_4,ERBB,1.0,1.0,0.705352561,0.6496082,0.0,1.0,1.0277638,76.24620892,-28.81766,breast,MSS/MSI-L,Adherent,PIK3CA,Oncogenic signal,AKT/PI3K,EGFR;ERBB*,Oncogenic signal,RTK
M14,MTOR_1,ESR1,1.0,1.0,0.320179847,9.999995,68.19963999,1.0,0.0,100.0,0.3529098,melanoma,MSS/MSI-L,Adherent,MTOR,Oncogenic signal,AKT/PI3K,ESR1,Oncogenic signal,Hormonal
NCI-H2170,Topotecan,IAP,0.1,3.0,0.054422428,0.8844487,0.0,0.049052912,0.1,63.81510044,16.02889,lung_NSCLC_squamous_cell_carcinoma,MSS/MSI-L,Adherent,TOP1;TOP1MT;DNA,DNA repair,Chemo,NIAP;XIAP;BIRC2;BIRC3,Cell death,Apoptosis
NCI-H1793,Topotecan,IAP,0.3,3.0,0.2012019,2.0985256,0.0,3.0,0.4225033,35.53288298,43.74522,lung_NSCLC_adenocarcinoma,MSS/MSI-L,Adherent,TOP1;TOP1MT;DNA,DNA repair,Chemo,NIAP;XIAP;BIRC2;BIRC3,Cell death,Apoptosis
HT-1376,PIK3CB_PIK3CD,PARP1,3.0,3.0,0.239067291,0.7353289,37.61471928,0.570196947,10.0,94.24561116,12.15362,Bladder,MSS/MSI-L,Adherent,PIK3CB;PIK3CD,Oncogenic signal,AKT/PI3K,PARP1,DNA repair,DNA Damage Response
TCCSUP,MTOR_1,FGFR,1.0,3.0,0.836224028,0.8032035,0.0,0.024568205,1.2824962,54.46238371,30.94798,Bladder,MSS/MSI-L,Adherent,MTOR,Oncogenic signal,AKT/PI3K,FGFR1;FGFR2;FGFR3,Oncogenic signal,RTK
HCC1187,PIK3C_2,AKT,1.0,1.0,0.388384768,1.5733564,15.05106052,0.237529674,2.0079884,57.01041679,7.401312,breast,MSS/MSI-L,Suspension,PIK3C*,Oncogenic signal,AKT/PI3K,AKT1;AKT2;AKT3,Oncogenic signal,AKT/PI3K
HT-29,MAP2K_1,BCL2,3.0,3.0,0.100015504,0.8415591,23.11887957,1.0,0.0,100.0,-39.61061,large_intestine,MSS/MSI-L,Adherent,MAP2K1;MAP2K2,Oncogenic signal,MAPK,BCL2,Cell death,Apoptosis
NCI-H520,PIK3CB,ALK_2,3.0,3.0,1.275419488,0.4717351,0.0,3.0,3.2359927,42.41212377,27.13055,lung_NSCLC_squamous_cell_carcinoma,MSS/MSI-L,Adherent,PIK3CB,Oncogenic signal,AKT/PI3K,ALK,Oncogenic signal,RTK
NCI-H2085,PIK3C,ADAM17,3.0,10.0,0.391458742,0.8741077,5.85805867,10.0,0.2981032,34.46089836,36.53175,lung_NSCLC_adenocarcinoma,MSS/MSI-L,Adherent,PIK3C*,Oncogenic signal,AKT/PI3K,ADAM17,Differentiation,EMT/migration
HT-1197,PIK3C,PARP1,3.0,3.0,3.0,0.7212474,1.01721984,0.350507653,0.5944332,52.65293523,7.750952,Bladder,MSS/MSI-L,Adherent,PIK3C*,Oncogenic signal,AKT/PI3K,PARP1,DNA repair,DNA Damage Response
VM-CUB-1,PIM1,EG5,3.0,0.003,1.0,0.0,100.0,1.0,0.0,100.0,-22.0624,Bladder,MSS/MSI-L,Adherent,PIM1,Oncogenic signal,STK,KIF11,Differentiation,EMT/migration
LS-513,SN38,IAP,0.03,1.0,0.001618525,1.6514064,2.55805126,0.328564246,2.7352418,94.35736253,12.81091,large_intestine,MSS/MSI-L,Adherent,TOP1;TOP2*,DNA repair,Chemo,NIAP;XIAP;BIRC2;BIRC3,Cell death,Apoptosis
NCI-H1437,CSNK2A1_2,AKT,0.1,3.0,0.009332192,2.9569306,13.12352278,1.950900898,2.33301,0.0,84.61169,lung_NSCLC_adenocarcinoma,MSS/MSI-L,Adherent,CSNK2A1,Oncogenic signal,STK,AKT1;AKT2;AKT3,Oncogenic signal,AKT/PI3K
BT-474,MTOR_3,FGFR,1.0,1.0,0.0001,0.1,6.11151053,1.0,0.0,100.0,0.8801305,breast,MSS/MSI-L,Adherent,MTOR,Oncogenic signal,AKT/PI3K,FGFR1;FGFR2;FGFR3,Oncogenic signal,RTK
NCI-H358,CarboTaxol,BCL2,0.01,3.0,0.001669332,1.8178892,29.75178344,0.701281115,0.9357735,80.24289171,26.98479,lung_NSCLC_adenocarcinoma,MSS/MSI-L,Adherent,DNA,DNA repair,Chemo,BCL2,Cell death,Apoptosis
MFM-223,BCL2_BCL2L1,ADAM17,1.0,75.0,0.351511036,10.0,61.79889402,1.0,0.0,100.0,-11.2459,breast,MSS/MSI-L,Adherent,BCL2;BCL2L1,Cell death,Apoptosis,ADAM17,Differentiation,EMT/migration
MDA-MB-468,PIP5K1,MAP2K_1,1.0,1.0,1.0,0.0,100.0,0.311797114,10.0,91.59991919,-12.37771,breast,MSS/MSI-L,Adherent,PIP5K1*,Metabolism,Metabolism,MAP2K1;MAP2K2,Oncogenic signal,MAPK
MDA-MB-468,PIP5K1,PIK3C,1.0,1.0,1.0,0.0,100.0,1.0,10.0,65.80006866,-24.26203,breast,MSS/MSI-L,Adherent,PIP5K1*,Metabolism,Metabolism,PIK3C*,Oncogenic signal,AKT/PI3K
BT-20,MTOR_1,ALK_IGFR,1.0,1.0,0.646232625,1.3025513,0.0,0.368927839,1.8551306,48.24516248,34.61933,breast,MSS/MSI-L,Adherent,MTOR,Oncogenic signal,AKT/PI3K,ALK;IGF*R,Oncogenic signal,AKT/PI3K
HCC1419,MTOR_1,ESR1_3,1.0,3.0,0.172272971,2.7039309,25.58131442,0.588195508,0.56538,52.31852569,13.10612,breast,MSS/MSI-L,Adherent,MTOR,Oncogenic signal,AKT/PI3K,ESR1,Oncogenic signal,Hormonal
Calu-3,PIK3C,ADAM17,3.0,10.0,3.0,10.0,18.40037269,1.0,0.0,100.0,3.305902,lung_NSCLC_adenocarcinoma,MSS/MSI-L,Adherent,PIK3C*,Oncogenic signal,AKT/PI3K,ADAM17,Differentiation,EMT/migration
HCC38,PIM1,PIK3C,1.0,1.0,1.0,0.2080744,81.73085574,0.286042563,10.0,79.89985597,-19.02656,breast,MSS/MSI-L,Adherent,PIM1,Oncogenic signal,STK,PIK3C*,Oncogenic signal,AKT/PI3K
MDA-MB-453,TNKS_PARP6,FGFR,1.0,1.0,0.010985927,1.8761718,13.12152333,0.169411689,4.5345508,25.13255628,1.779814,breast,MSS/MSI-L,Adherent,TNKS;PARP6,Oncogenic signal,Cell Cycle,FGFR1;FGFR2;FGFR3,Oncogenic signal,RTK
MDA-MB-231,PIM1,BCL2_BCL2L1,1.0,1.0,0.267756667,10.0,92.99997021,0.422353446,1.9480998,55.64692307,59.91482,breast,MSS/MSI-L,Adherent,PIM1,Oncogenic signal,STK,BCL2;BCL2L1,Cell death,Apoptosis
DMS-114,Vinorelbine,BCL2L1,0.1,3.0,0.037589858,1.4069198,0.0,0.0003,0.1,88.26289336,20.77253,lung_small_cell_carcinoma,MSS/MSI-L,Adherent,microtubule;TUBB,DNA repair,Chemo,BCL2L1,Cell death,Apoptosis
NCI-H1299,MAP2K_1,BRAF_M,3.0,3.0,0.074039787,0.6648224,25.52467428,1.324946311,10.0,89.39700723,-64.39584,lung_NSCLC_large cell,MSS/MSI-L,Adherent,MAP2K1;MAP2K2,Oncogenic signal,MAPK,BRAF_mut,Oncogenic signal,MAPK
HCC1395,PIM1,PIK3C,1.0,1.0,0.02025947,0.6607624,83.62640675,0.91397299,0.9039545,0.0,15.46244,breast,MSS/MSI-L,Adherent,PIM1,Oncogenic signal,STK,PIK3C*,Oncogenic signal,AKT/PI3K
RT4,PIK3C_MTOR,FGFR,1.0,3.0,1.0,0.0,100.0,0.426747272,0.9887709,32.43041382,37.25778,Bladder,MSS/MSI-L,Adherent,PIK3C*;MTOR,Oncogenic signal,AKT/PI3K,FGFR1;FGFR2;FGFR3,Oncogenic signal,RTK
CAL-148,TNKS_PARP6,AKT,1.0,1.0,0.036617037,1.7544082,3.49563932,0.164191751,1.3378802,0.0,11.96001,breast,MSS/MSI-L,Suspension,TNKS;PARP6,Oncogenic signal,Cell Cycle,AKT1;AKT2;AKT3,Oncogenic signal,AKT/PI3K
MDA-MB-231,PIK3CB_PIK3CD,PARP1,1.0,3.0,0.189728297,0.5629739,74.29579743,3.0,0.7484184,54.87209513,12.76469,breast,MSS/MSI-L,Adherent,PIK3CB;PIK3CD,Oncogenic signal,AKT/PI3K,PARP1,DNA repair,DNA Damage Response
HCC1937,MAP2K_1,FASN,1.0,1.0,1.0,0.3017898,75.49217404,1.0,0.0,100.0,5.805401,breast,MSS/MSI-L,Adherent,MAP2K1;MAP2K2,Oncogenic signal,MAPK,FASN,Metabolism,Metabolism
COLO-205,Oxaliplatin,IAP,10.0,1.0,0.284066653,1.0523683,0.0,0.028987121,0.9522062,76.00650624,28.54097,large_intestine,MSS/MSI-L,Suspension,DNA,DNA repair,Chemo,NIAP;XIAP;BIRC2;BIRC3,Cell death,Apoptosis
BT-549,PIK3C,AKT_1,1.0,1.0,0.29092323,1.5991604,23.47058745,0.852347706,0.6854461,0.0,22.94989,breast,MSS/MSI-L,Adherent,PIK3C*,Oncogenic signal,AKT/PI3K,AKT*,Oncogenic signal,AKT/PI3K
BT-20,MTOR_1,BCL2L1,1.0,3.0,0.095580754,1.478484,36.10912465,0.033444586,10.0,88.49998032,65.46064,breast,MSS/MSI-L,Adherent,MTOR,Oncogenic signal,AKT/PI3K,BCL2L1,Cell death,Apoptosis
MDA-MB-157,MAP2K_1,FASN,1.0,1.0,0.037497539,0.5245921,58.09746449,1.0,0.3779841,78.41273924,7.279093,breast,MSS/MSI-L,Adherent,MAP2K1;MAP2K2,Oncogenic signal,MAPK,FASN,Metabolism,Metabolism
NCI-H2085,Vinorelbine,BCL2_2,3.0,3.0,0.003088181,0.2412041,28.47027911,1.0,0.0,100.0,-8.649973,lung_NSCLC_adenocarcinoma,MSS/MSI-L,Adherent,microtubule;TUBB,DNA repair,Chemo,BCL2,Cell death,Apoptosis
CAMA-1,MAP2K_1,ESR1,1.0,1.0,1.0,0.0,100.0,0.049179293,1.0139228,50.87084702,27.68873,breast,MSS/MSI-L,Adherent,MAP2K1;MAP2K2,Oncogenic signal,MAPK,ESR1,Oncogenic signal,Hormonal
BT-20,PIK3CA_4,PIK3C_2,1.0,1.0,1.0,0.5128767,16.07525215,0.577693918,1.1924389,0.0,-10.77771,breast,MSS/MSI-L,Adherent,PIK3CA,Oncogenic signal,AKT/PI3K,PIK3C*,Oncogenic signal,AKT/PI3K
MDA-MB-231,FGFR,ESR1,1.0,1.0,1.0,10.0,84.00004718,1.0,0.0,100.0,-1.08766,breast,MSS/MSI-L,Adherent,FGFR1;FGFR2;FGFR3,Oncogenic signal,RTK,ESR1,Oncogenic signal,Hormonal
NCI-H358,MAP2K_1,BRAF_M2,3.0,3.0,1.53115213,1.3063271,45.07597537,0.0003,0.1,84.20248094,125.5359,lung_NSCLC_adenocarcinoma,MSS/MSI-L,Adherent,MAP2K1;MAP2K2,Oncogenic signal,MAPK,BRAF_V600E,Oncogenic signal,MAPK
MCF7,FGFR,BCL2_BCL2L1,3.0,3.0,2.527523849,0.7788233,0.0,0.042913776,2.9034541,76.2105408,-0.4202642,breast,MSS/MSI-L,Adherent,FGFR1;FGFR2;FGFR3,Oncogenic signal,RTK,BCL2;BCL2L1,Cell death,Apoptosis
HCC1187,SLC16A4,MTOR_1,1.0,1.0,1.0,0.0,100.0,0.261765194,10.0,13.09937563,-9.020615,breast,MSS/MSI-L,Suspension,SLC16A3;SLC16A4,Metabolism,Metabolism,MTOR,Oncogenic signal,AKT/PI3K
BT-20,TNKS_PARP6,AKT,1.0,1.0,0.038898677,2.1046042,1.28445445,1.0,0.8817495,58.24252022,5.638287,breast,MSS/MSI-L,Adherent,TNKS;PARP6,Oncogenic signal,Cell Cycle,AKT1;AKT2;AKT3,Oncogenic signal,AKT/PI3K
HCC38,PIK3C,MAP2K_1,1.0,1.0,0.311845501,2.1113751,64.41483918,1.0,0.3528228,79.46047027,0.3925452,breast,MSS/MSI-L,Adherent,PIK3C*,Oncogenic signal,AKT/PI3K,MAP2K1;MAP2K2,Oncogenic signal,MAPK
HCC1143,PIK3CA_4,MTOR_1,1.0,1.0,1.0,1.3354858,47.7753554,0.322885663,0.9669236,25.24834852,15.59288,breast,MSS/MSI-L,Adherent,PIK3CA,Oncogenic signal,AKT/PI3K,MTOR,Oncogenic signal,AKT/PI3K
VM-CUB-1,FGFR,BCL2_BCL2L1,3.0,3.0,1.0,0.0,100.0,0.315485908,10.0,63.90009295,-18.48635,Bladder,MSS/MSI-L,Adherent,FGFR1;FGFR2;FGFR3,Oncogenic signal,RTK,BCL2;BCL2L1,Cell death,Apoptosis
MDA-MB-453,SLC16A4,MAP2K_1,1.0,1.0,0.0001,0.1,82.51714886,0.0001,0.1,94.42299684,-45.71029,breast,MSS/MSI-L,Adherent,SLC16A3;SLC16A4,Metabolism,Metabolism,MAP2K1;MAP2K2,Oncogenic signal,MAPK
MDA-MB-453,MAP2K_1,BRAF_M2,3.0,3.0,1.003520915,10.0,88.59978677,3.0,0.9619627,67.31247174,82.21023,breast,MSS/MSI-L,Adherent,MAP2K1;MAP2K2,Oncogenic signal,MAPK,BRAF_V600E,Oncogenic signal,MAPK
HCC1395,PIK3CA_4,PIK3C_2,1.0,1.0,0.999132963,10.0,75.30714596,0.938976201,1.5753861,0.0,-0.5240151,breast,MSS/MSI-L,Adherent,PIK3CA,Oncogenic signal,AKT/PI3K,PIK3C*,Oncogenic signal,AKT/PI3K
SW780,ATR_4,AKT,3.0,3.0,3.0,0.8249136,78.10303711,0.292447559,1.4247541,19.475666,-10.00055,Bladder,MSS/MSI-L,Adherent,ATR,DNA repair,DNA Damage Response,AKT1;AKT2;AKT3,Oncogenic signal,AKT/PI3K
HCC1395,PIP5K1,PIK3CB_PIK3CD,1.0,1.0,1.0,0.0,100.0,0.150603052,0.3989214,48.06851817,5.632176,breast,MSS/MSI-L,Adherent,PIP5K1*,Metabolism,Metabolism,PIK3CB;PIK3CD,Oncogenic signal,AKT/PI3K
CAL-51,PIK3C,ADAM17,1.0,75.0,0.466844187,1.4498369,43.15227541,75.0,10.0,87.80001356,2.089552,breast,MSS/MSI-L,Adherent,PIK3C*,Oncogenic signal,AKT/PI3K,ADAM17,Differentiation,EMT/migration
NCI-H2085,IAP,BCL2L1,3.0,3.0,0.895484294,0.3101454,0.0,0.180154953,1.5943138,75.21052194,31.90363,lung_NSCLC_adenocarcinoma,MSS/MSI-L,Adherent,NIAP;XIAP;BIRC2;BIRC3,Cell death,Apoptosis,BCL2L1,Cell death,Apoptosis
CAMA-1,FGFR,AKT,1.0,1.0,1.0,0.0,100.0,0.135636983,1.287325,8.76523699,-0.4255949,breast,MSS/MSI-L,Adherent,FGFR1;FGFR2;FGFR3,Oncogenic signal,RTK,AKT1;AKT2;AKT3,Oncogenic signal,AKT/PI3K
BT-20,MAP2K_1,FASN,1.0,1.0,0.071948398,1.0582311,54.5009931,0.196457344,0.995318,55.84193717,29.03847,breast,MSS/MSI-L,Adherent,MAP2K1;MAP2K2,Oncogenic signal,MAPK,FASN,Metabolism,Metabolism
MDA-MB-231,MAP2K_1,ATR_4,1.0,1.0,0.877522823,0.8229676,0.0,1.0,10.0,38.00009442,-21.43351,breast,MSS/MSI-L,Adherent,MAP2K1;MAP2K2,Oncogenic signal,MAPK,ATR,DNA repair,DNA Damage Response
NCI-H2085,MAP2K_1,BRAF_M,3.0,3.0,0.110855209,0.5355406,22.75996369,0.0003,0.1,84.39929744,-5.134061,lung_NSCLC_adenocarcinoma,MSS/MSI-L,Adherent,MAP2K1;MAP2K2,Oncogenic signal,MAPK,BRAF_mut,Oncogenic signal,MAPK
J82,BCL2_BCL2L1,ATR_4,3.0,3.0,3.0,0.2341913,43.98645633,2.118242875,0.9737353,0.0,-47.5512,Bladder,MSS/MSI-L,Adherent,BCL2;BCL2L1,Cell death,Apoptosis,ATR,DNA repair,DNA Damage Response
HCC1143,MTOR_1,FGFR,1.0,1.0,0.413837669,1.3312338,22.38945042,1.0,0.0,100.0,3.578846,breast,MSS/MSI-L,Adherent,MTOR,Oncogenic signal,AKT/PI3K,FGFR1;FGFR2;FGFR3,Oncogenic signal,RTK
BFTC-905,TNF,IAP,0.1,3.0,0.001720785,0.9096527,49.75412054,0.0003,0.2884262,0.0,28.91351,Bladder,MSS/MSI-L,Adherent,TNFA,Cell death,Apoptosis,NIAP;XIAP;BIRC2;BIRC3,Cell death,Apoptosis
CAL-120,SLC16A4,BCL2_BCL2L1,1.0,1.0,1.0,0.0,100.0,0.156254895,1.9334866,42.41106032,24.89924,breast,MSS/MSI-L,Adherent,SLC16A3;SLC16A4,Metabolism,Metabolism,BCL2;BCL2L1,Cell death,Apoptosis
CAMA-1,EGFR,AKT,0.1,1.0,0.1,1.307519,69.8148468,0.119761424,1.0789548,5.75301601,-1.456711,breast,MSS/MSI-L,Adherent,EGFR,Oncogenic signal,RTK,AKT1;AKT2;AKT3,Oncogenic signal,AKT/PI3K
CAL-120,ERBB,AKT,1.0,1.0,1.0,10.0,93.20010886,0.10268144,1.2696766,57.50403171,0.1959933,breast,MSS/MSI-L,Adherent,EGFR;ERBB*,Oncogenic signal,RTK,AKT1;AKT2;AKT3,Oncogenic signal,AKT/PI3K
BT-20,MTOR_1,ESR1,1.0,1.0,0.52531213,1.0948947,2.16404988,1.0,0.7461676,68.4187341,9.157825,breast,MSS/MSI-L,Adherent,MTOR,Oncogenic signal,AKT/PI3K,ESR1,Oncogenic signal,Hormonal
CAMA-1,MAP2K_1,EGFR,1.0,0.1,1.0,0.0,100.0,1.0,0.0,100.0,17.71496,breast,MSS/MSI-L,Adherent,MAP2K1;MAP2K2,Oncogenic signal,MAPK,EGFR,Oncogenic signal,RTK
T47D,PIK3C_MTOR,FGFR,1.0,1.0,0.030828427,10.0,54.19992088,1.0,10.0,86.60013704,-5.217095,breast,MSS/MSI-L,Adherent,PIK3C*;MTOR,Oncogenic signal,AKT/PI3K,FGFR1;FGFR2;FGFR3,Oncogenic signal,RTK
SW620,PTK2,MAP2K_1,1.0,0.3,0.687201313,2.3783419,0.0,0.282951952,0.855391,10.13490766,5.172644,large_intestine,MSS/MSI-L,Adherent,PTK2*,Differentiation,EMT/migration,MAP2K1;MAP2K2,Oncogenic signal,MAPK
HCC38,MAP2K_1,ATR_4,1.0,1.0,0.0001,0.1,92.99665044,0.318302211,10.0,35.69926462,70.78618,breast,MSS/MSI-L,Adherent,MAP2K1;MAP2K2,Oncogenic signal,MAPK,ATR,DNA repair,DNA Damage Response
HCC1806,FGFR,AKT_SGK,1.0,1.0,1.0,0.0,100.0,0.353839239,10.0,49.69845089,12.89611,breast,MSS/MSI-L,Adherent,FGFR1;FGFR2;FGFR3,Oncogenic signal,RTK,AKT*;SGK*,Oncogenic signal,AKT/PI3K
M14,EGFR,AKT_1,0.1,1.0,0.030131975,10.0,54.39967831,0.384641138,10.0,85.6989845,28.0483,melanoma,MSS/MSI-L,Adherent,EGFR,Oncogenic signal,RTK,AKT*,Oncogenic signal,AKT/PI3K
NCI-H3122,PIK3CB,IAP,3.0,0.3,3.0,10.0,90.60055578,0.008477065,1.4312998,80.02765222,-55.11789,lung_NSCLC_adenocarcinoma,MSS/MSI-L,Adherent,PIK3CB,Oncogenic signal,AKT/PI3K,NIAP;XIAP;BIRC2;BIRC3,Cell death,Apoptosis
NCI-H838,TOP2,Doxorubicin,3.0,0.1,2.310297572,1.6938541,0.0,0.030161197,5.2368563,9.53035265,49.20751,lung_NSCLC_adenocarcinoma,MSS/MSI-L,Adherent,TOP2*;PRKDC,DNA repair,DNA Damage Response,TOP*;DNMT1,DNA repair,Chemo
HCC1143,MAP2K_1,ESR1,1.0,1.0,0.045678887,0.5617985,42.03154383,1.0,0.0,100.0,-12.28567,breast,MSS/MSI-L,Adherent,MAP2K1;MAP2K2,Oncogenic signal,MAPK,ESR1,Oncogenic signal,Hormonal
Hs-578-T,MAP2K_1,FASN,1.0,1.0,1.0,0.611711,40.21750816,0.078265865,10.0,89.14651157,15.77519,breast,MSS/MSI-L,Adherent,MAP2K1;MAP2K2,Oncogenic signal,MAPK,FASN,Metabolism,Metabolism
KU-19-19,HDAC_4,ATR_4,3.0,3.0,0.998240139,10.0,9.39842698,1.30925985,10.0,22.58060061,-29.57516,Bladder,MSS/MSI-L,Adherent,HDAC*,Differentiation,Epigenetic,ATR,DNA repair,DNA Damage Response
DMS-114,FGFR,BCL2_BCL2L1,3.0,3.0,0.200634629,2.9518646,17.75352384,3.0,10.0,88.60056234,-12.82158,lung_small_cell_carcinoma,MSS/MSI-L,Adherent,FGFR1;FGFR2;FGFR3,Oncogenic signal,RTK,BCL2;BCL2L1,Cell death,Apoptosis
MDA-MB-157,BCL2_BCL2L1,AKT_1,1.0,1.0,0.099278644,10.0,91.7000146,0.11764306,10.0,81.14943075,17.16189,breast,MSS/MSI-L,Adherent,BCL2;BCL2L1,Cell death,Apoptosis,AKT*,Oncogenic signal,AKT/PI3K
T-24,Cisplatin,AKT,3.0,3.0,2.717351302,10.0,0.0,1.0,0.0,100.0,9.123141,Bladder,MSS/MSI-L,Adherent,DNA,DNA repair,Chemo,AKT1;AKT2;AKT3,Oncogenic signal,AKT/PI3K
BT-549,BCL2_BCL2L1,AKT_SGK,1.0,1.0,1.0,0.4330137,64.40921662,0.193947804,0.8167434,46.88819162,28.28627,breast,MSS/MSI-L,Adherent,BCL2;BCL2L1,Cell death,Apoptosis,AKT*;SGK*,Oncogenic signal,AKT/PI3K
NCI-H1299,MAP2K_1,BRAF_M2,3.0,3.0,0.089377257,0.890998,22.39677892,1.503496148,1.0081371,25.50574039,64.31644,lung_NSCLC_large cell,MSS/MSI-L,Adherent,MAP2K1;MAP2K2,Oncogenic signal,MAPK,BRAF_V600E,Oncogenic signal,MAPK
SW837,Oxaliplatin,IAP,10.0,1.0,0.404359162,1.4558413,11.60533272,0.085314977,10.0,87.5990373,50.23114,large_intestine,MSS/MSI-L,Adherent,DNA,DNA repair,Chemo,NIAP;XIAP;BIRC2;BIRC3,Cell death,Apoptosis
HCC70,MTOR_1,MAP2K_1,1.0,3.0,0.0001,0.1,2.29909707,0.045718971,1.3892468,0.0,-6.630298,breast,MSS/MSI-L,Adherent,MTOR,Oncogenic signal,AKT/PI3K,MAP2K1;MAP2K2,Oncogenic signal,MAPK
MDA-MB-361,CarboTaxol,ATR_4,0.01,3.0,0.002229661,1.5179851,26.70624974,3.0,1.2621284,7.98743513,0.1283973,breast,MSS/MSI-L,Adherent,DNA,DNA repair,Chemo,ATR,DNA repair,DNA Damage Response
SW780,FGFR,AKT,3.0,3.0,0.701471253,0.4788587,0.0,0.99816916,0.8977296,0.0,-27.33424,Bladder,MSS/MSI-L,Adherent,FGFR1;FGFR2;FGFR3,Oncogenic signal,RTK,AKT1;AKT2;AKT3,Oncogenic signal,AKT/PI3K
MCF7,IAP,BCL2L1,3.0,3.0,1.222853975,10.0,64.39549149,3.0,10.0,52.80031825,0.9345007,breast,MSS/MSI-L,Adherent,NIAP;XIAP;BIRC2;BIRC3,Cell death,Apoptosis,BCL2L1,Cell death,Apoptosis
MDA-MB-436,PIK3CB_PIK3CD,ALK_IGFR,1.0,1.0,0.81906005,0.7524792,44.37427901,0.307132923,10.0,58.09968177,30.64062,breast,MSS/MSI-L,Adherent,PIK3CB;PIK3CD,Oncogenic signal,AKT/PI3K,ALK;IGF*R,Oncogenic signal,AKT/PI3K
J82,Gemcitabine,ATM,0.1,3.0,0.005163152,3.6668181,5.57462582,0.715522859,5.4020895,74.39068121,-0.04571745,Bladder,MSS/MSI-L,Adherent,DNA;RRM1;TYMS;CMPK1,Cell death,Chemo,ATM,DNA repair,DNA Damage Response
HCC1428,ATR_4,AKT,1.0,1.0,1.0,0.5902537,26.08272483,1.0,0.0,100.0,-9.783662,breast,MSS/MSI-L,Adherent,ATR,DNA repair,DNA Damage Response,AKT1;AKT2;AKT3,Oncogenic signal,AKT/PI3K
HCC1500,MAP2K_1,HSP90,1.0,1.0,1.0,0.6037618,44.73230302,0.075740191,1.9758545,0.0,24.67497,breast,MSS/MSI-L,Adherent,MAP2K1;MAP2K2,Oncogenic signal,MAPK,HSP90AA1,Cell death,Apoptosis
HCC1395,MTOR_1,BCL2L1,1.0,3.0,0.282004835,10.0,48.29974797,0.0003,0.1,70.87304045,-68.96652,breast,MSS/MSI-L,Adherent,MTOR,Oncogenic signal,AKT/PI3K,BCL2L1,Cell death,Apoptosis
MDA-MB-361,CSNK2A1_2,AKT,0.1,3.0,1.0,0.0,100.0,0.305855011,0.7596565,0.0,8.781843,breast,MSS/MSI-L,Adherent,CSNK2A1,Oncogenic signal,STK,AKT1;AKT2;AKT3,Oncogenic signal,AKT/PI3K
SW900,PIK3C,ALK,3.0,3.0,0.718268066,0.7975849,17.75256089,1.589144236,0.8130275,0.0,37.18965,lung_NSCLC_squamous_cell_carcinoma,MSS/MSI-L,Adherent,PIK3C*,Oncogenic signal,AKT/PI3K,ALK,Oncogenic signal,AKT/PI3K
SW948,TKI,IGFR_3,3.0,10.0,3.0,10.0,55.60062976,0.898184563,10.0,75.84979431,25.13316,large_intestine,MSS/MSI-L,Adherent,KDR;EGFR;RET,Oncogenic signal,RTK,IGF*R,Oncogenic signal,RTK
VM-CUB-1,Gemcitabine,ATM,0.1,3.0,0.005847137,3.3997629,8.54778458,1.0,0.0,100.0,15.26292,Bladder,MSS/MSI-L,Adherent,DNA;RRM1;TYMS;CMPK1,Cell death,Chemo,ATM,DNA repair,DNA Damage Response
SW48,MAP2K_1,BCL2,3.0,3.0,0.076418668,1.297105,25.34431909,0.162129313,1.162214,18.14375467,29.97984,large_intestine,MSI-H,Adherent,MAP2K1;MAP2K2,Oncogenic signal,MAPK,BCL2,Cell death,Apoptosis
NCI-H522,CarboTaxol,BCL2,0.01,3.0,0.001647166,1.2249118,0.0,3.0,0.3232418,17.68158872,16.98015,lung_NSCLC_adenocarcinoma,MSS/MSI-L,Adherent,DNA,DNA repair,Chemo,BCL2,Cell death,Apoptosis
NCI-H1703,CSNK2A1_2,BCL2,0.1,3.0,0.010928598,3.1118029,10.9683685,3.0,1.3911133,62.6102485,6.982051,lung_NSCLC_adenocarcinoma,MSS/MSI-L,Adherent,CSNK2A1,Oncogenic signal,STK,BCL2,Cell death,Apoptosis
Hs-578-T,SLC16A4,MTOR_1,1.0,1.0,1.0,0.0,100.0,0.428372246,0.7886517,0.0,-28.21741,breast,MSS/MSI-L,Adherent,SLC16A3;SLC16A4,Metabolism,Metabolism,MTOR,Oncogenic signal,AKT/PI3K
HCC1806,PIK3CA_4,BCL2_BCL2L1,1.0,1.0,0.332839725,10.0,67.09943035,1.0,0.0,100.0,-9.873476,breast,MSS/MSI-L,Adherent,PIK3CA,Oncogenic signal,AKT/PI3K,BCL2;BCL2L1,Cell death,Apoptosis
NCI-H2085,Vinorelbine,BCL2L1,3.0,3.0,0.0003,0.1,21.41950051,0.030122533,2.9931448,67.42107783,75.47598,lung_NSCLC_adenocarcinoma,MSS/MSI-L,Adherent,microtubule;TUBB,DNA repair,Chemo,BCL2L1,Cell death,Apoptosis
BT-20,MTOR_1,MAP2K_1,1.0,1.0,0.31386017,1.0376436,7.63520648,0.150828121,0.4397626,25.76247793,28.08716,breast,MSS/MSI-L,Adherent,MTOR,Oncogenic signal,AKT/PI3K,MAP2K1;MAP2K2,Oncogenic signal,MAPK
HT-1197,PARP1,Gemcitabine,3.0,0.1,3.0,0.6143589,36.70097184,0.008388433,2.4732306,24.13018969,4.000516,Bladder,MSS/MSI-L,Adherent,PARP1,DNA repair,DNA Damage Response,DNA;RRM1;TYMS;CMPK1,Cell death,Chemo
CAMA-1,FGFR,EGFR,1.0,0.1,1.0,10.0,75.40015843,0.000781695,1.9081689,91.8214462,-17.92891,breast,MSS/MSI-L,Adherent,FGFR1;FGFR2;FGFR3,Oncogenic signal,RTK,EGFR,Oncogenic signal,RTK
NCI-H1563,PIK3CA_3,IAP,3.0,0.01,3.0,0.7853314,36.41701667,7.76e-05,1.5607188,2.31354894,0.4365192,lung_NSCLC_adenocarcinoma,MSS/MSI-L,Adherent,PIK3CA,Oncogenic signal,AKT/PI3K,NIAP;XIAP;BIRC2;BIRC3,Cell death,Apoptosis
HCC1569,PIK3C,ESR1_1,3.0,3.0,0.820422153,0.4137465,0.0,3.0,0.1972719,38.77918142,1.11613,breast,MSI-H,Adherent,PIK3C*,Oncogenic signal,AKT/PI3K,ESR1,Oncogenic signal,Hormonal
HCC1569,PIK3C,BCL2L1,3.0,3.0,0.963147867,0.502882,0.0,0.072234694,0.7944569,33.53351635,34.69914,breast,MSI-H,Adherent,PIK3C*,Oncogenic signal,AKT/PI3K,BCL2L1,Cell death,Apoptosis
BT-549,ALK_IGFR,AKT,1.0,1.0,0.369624428,10.0,70.0985765,0.19773463,1.6076869,46.52036113,8.271546,breast,MSS/MSI-L,Adherent,ALK;IGF*R,Oncogenic signal,AKT/PI3K,AKT1;AKT2;AKT3,Oncogenic signal,AKT/PI3K
HCC1395,MTOR_1,ESR1_3,1.0,3.0,1.0,0.1217216,5.48876555,0.0003,0.1,68.54902463,-48.17627,breast,MSS/MSI-L,Adherent,MTOR,Oncogenic signal,AKT/PI3K,ESR1,Oncogenic signal,Hormonal
MDA-MB-468,MAP2K_1,AKT_SGK,1.0,1.0,0.018738304,2.3527942,89.80289181,0.327649838,2.0822146,55.77300437,25.52261,breast,MSS/MSI-L,Adherent,MAP2K1;MAP2K2,Oncogenic signal,MAPK,AKT*;SGK*,Oncogenic signal,AKT/PI3K
MDA-MB-436,MAP2K_1,BCL2_BCL2L1,1.0,1.0,0.035775802,0.9231117,62.18500645,0.111258283,10.0,91.40014097,16.288,breast,MSS/MSI-L,Adherent,MAP2K1;MAP2K2,Oncogenic signal,MAPK,BCL2;BCL2L1,Cell death,Apoptosis
NCI-H2085,Topotecan,IAP,1.0,3.0,0.081164746,1.0228991,29.83075378,0.424846722,0.2342527,0.0,44.62968,lung_NSCLC_adenocarcinoma,MSS/MSI-L,Adherent,TOP1;TOP1MT;DNA,DNA repair,Chemo,NIAP;XIAP;BIRC2;BIRC3,Cell death,Apoptosis
VM-CUB-1,PARP1,EG5,3.0,0.003,0.398444771,10.0,73.80131613,1.0,0.0,100.0,-38.75583,Bladder,MSS/MSI-L,Adherent,PARP1,DNA repair,DNA Damage Response,KIF11,Differentiation,EMT/migration
CAL-120,FGFR,BCL2_BCL2L1_BCL2L2,3.0,3.0,0.08050442,0.4345932,29.45440493,0.457114767,1.582873,0.0,4.815933,breast,MSS/MSI-L,Adherent,FGFR1;FGFR2;FGFR3,Oncogenic signal,RTK,BCL2;BCL2L1;BCL2L2,Cell death,Apoptosis
MDA-MB-231,SLC16A4,PIK3CB_PIK3CD,1.0,1.0,0.211684988,1.867315,40.53618462,1.0,0.2342047,75.13175397,11.0213,breast,MSS/MSI-L,Adherent,SLC16A3;SLC16A4,Metabolism,Metabolism,PIK3CB;PIK3CD,Oncogenic signal,AKT/PI3K
A549,Topotecan,IAP,0.3,3.0,0.113590549,10.0,12.59470508,0.675676989,0.323036,79.04719059,52.88982,lung_NSCLC_adenocarcinoma,MSS/MSI-L,Adherent,TOP1;TOP1MT;DNA,DNA repair,Chemo,NIAP;XIAP;BIRC2;BIRC3,Cell death,Apoptosis
Hs-578-T,TNKS_PARP6,AKT,1.0,1.0,0.021427684,1.6965988,12.81309467,0.476466142,0.862345,22.23769159,-7.210048,breast,MSS/MSI-L,Adherent,TNKS;PARP6,Oncogenic signal,Cell Cycle,AKT1;AKT2;AKT3,Oncogenic signal,AKT/PI3K
MCF7,MAP2K_1,HSP90,1.0,1.0,1.0,0.7210737,54.5061659,0.038514465,2.9548932,8.51991608,15.11293,breast,MSS/MSI-L,Adherent,MAP2K1;MAP2K2,Oncogenic signal,MAPK,HSP90AA1,Cell death,Apoptosis
HCC70,BCL2_BCL2L1,ATR_4,1.0,1.0,1.0,0.0,100.0,0.999895724,9.9999978,12.24575507,1.888488,breast,MSS/MSI-L,Adherent,BCL2;BCL2L1,Cell death,Apoptosis,ATR,DNA repair,DNA Damage Response
UM-UC-3,PIK3CB_PIK3CD,EG5,3.0,0.003,1.069586815,10.0,78.09927027,0.001308341,10.0,79.59492271,-13.20491,Bladder,MSS/MSI-L,Adherent,PIK3CB;PIK3CD,Oncogenic signal,AKT/PI3K,KIF11,Differentiation,EMT/migration
NCI-H2291,CSNK2A1_2,BCL2,0.01,3.0,0.002133398,2.2044826,28.43944625,0.948044353,10.0,24.79914481,15.50704,lung_NSCLC_adenocarcinoma,MSS/MSI-L,Adherent,CSNK2A1,Oncogenic signal,STK,BCL2,Cell death,Apoptosis
MDA-MB-436,TNKS_PARP6,MTOR_1,1.0,1.0,0.002336041,0.893433,12.27764861,0.13495726,1.2151687,23.21392573,1.723741,breast,MSS/MSI-L,Adherent,TNKS;PARP6,Oncogenic signal,Cell Cycle,MTOR,Oncogenic signal,AKT/PI3K
SW48,PIK3C,MAP2K_1,10.0,3.0,0.149523495,1.1931825,12.91145948,0.105832324,1.5069984,28.11127786,46.57632,large_intestine,MSI-H,Adherent,PIK3C*,Oncogenic signal,AKT/PI3K,MAP2K1;MAP2K2,Oncogenic signal,MAPK
HCC1419,BCL2L1,AKT,3.0,3.0,3.0,0.1851817,48.12553227,0.897577705,0.6513128,0.0,80.14851,breast,MSS/MSI-L,Adherent,BCL2L1,Cell death,Apoptosis,AKT1;AKT2;AKT3,Oncogenic signal,AKT/PI3K
MDA-MB-157,PIK3C,MTOR_1,3.0,1.0,3.0,0.589812,22.5844764,0.29854038,0.8080923,7.82114419,52.14253,breast,MSS/MSI-L,Adherent,PIK3C*,Oncogenic signal,AKT/PI3K,MTOR,Oncogenic signal,AKT/PI3K
NCI-H23,CarboTaxol,BCL2L1,0.01,3.0,0.002058281,3.8125932,15.52583969,1.0,0.0,100.0,38.05031,lung_NSCLC_adenocarcinoma,MSS/MSI-L,Adherent,DNA,DNA repair,Chemo,BCL2L1,Cell death,Apoptosis
TCCSUP,PARP1,HSP90,3.0,0.3,1.513041967,1.8244751,61.76642967,0.160630233,1.7140687,0.0,47.26884,Bladder,MSS/MSI-L,Adherent,PARP1,DNA repair,DNA Damage Response,HSP90AA1,Cell death,Apoptosis
Calu-6,PIK3CB,ALK_2,3.0,3.0,3.0,10.0,88.80009478,3.0,2.2090264,20.94826222,6.849242,lung_NSCLC_adenocarcinoma,MSS/MSI-L,Adherent,PIK3CB,Oncogenic signal,AKT/PI3K,ALK,Oncogenic signal,RTK
MDA-MB-453,BCL2L1,AKT_1,3.0,3.0,0.377723717,0.6799642,76.36882217,0.340069075,1.0617077,30.89462935,-26.1504,breast,MSS/MSI-L,Adherent,BCL2L1,Cell death,Apoptosis,AKT*,Oncogenic signal,AKT/PI3K
CAL-148,MAP2K_1,BCL2_BCL2L1,1.0,1.0,0.018341178,1.293816,87.88799591,0.287815919,2.5868165,41.16815717,27.42698,breast,MSS/MSI-L,Suspension,MAP2K1;MAP2K2,Oncogenic signal,MAPK,BCL2;BCL2L1,Cell death,Apoptosis
CAMA-1,PIK3C,AKT_1,3.0,3.0,1.485513998,1.4583905,0.0,0.39602018,1.157067,9.49859896,53.88914,breast,MSS/MSI-L,Adherent,PIK3C*,Oncogenic signal,AKT/PI3K,AKT*,Oncogenic signal,AKT/PI3K
MDA-MB-436,BCL2L1,AKT,3.0,3.0,0.027464066,10.0,92.64999564,1.76847899,0.3790732,4.10218032,-9.101048,breast,MSS/MSI-L,Adherent,BCL2L1,Cell death,Apoptosis,AKT1;AKT2;AKT3,Oncogenic signal,AKT/PI3K
CAMA-1,PIK3C,Chloroquine,3.0,10.0,1.119592195,10.0,34.89658746,1.0,0.0,100.0,23.1871,breast,MSS/MSI-L,Adherent,PIK3C*,Oncogenic signal,AKT/PI3K,Thiamine,other,other
NCI-H1793,IAP,BCL2L1,3.0,3.0,3.0,0.4361631,48.54890891,3.0,0.4084174,9.02484449,52.07144,lung_NSCLC_adenocarcinoma,MSS/MSI-L,Adherent,NIAP;XIAP;BIRC2;BIRC3,Cell death,Apoptosis,BCL2L1,Cell death,Apoptosis
MDA-MB-157,PIK3CA_4,BCL2_BCL2L1,1.0,1.0,0.242613489,10.0,84.89360147,0.096669465,1.7756778,84.97705373,3.768054,breast,MSS/MSI-L,Adherent,PIK3CA,Oncogenic signal,AKT/PI3K,BCL2;BCL2L1,Cell death,Apoptosis
MDA-MB-436,PIK3C,ESR1_1,3.0,3.0,1.021527375,1.7148595,56.11210399,0.0003,0.1,89.86736382,9.306111,breast,MSS/MSI-L,Adherent,PIK3C*,Oncogenic signal,AKT/PI3K,ESR1,Oncogenic signal,Hormonal
MDA-MB-436,BCL2L1,AKT_1,3.0,3.0,0.028774443,2.3027795,91.80398089,3.0,0.2948265,55.55269468,12.80879,breast,MSS/MSI-L,Adherent,BCL2L1,Cell death,Apoptosis,AKT*,Oncogenic signal,AKT/PI3K
NCI-H1703,TOP2,Doxorubicin,3.0,0.1,3.0,0.6635457,27.35687341,0.024360297,2.5324348,15.59524588,26.5745,lung_NSCLC_adenocarcinoma,MSS/MSI-L,Adherent,TOP2*;PRKDC,DNA repair,DNA Damage Response,TOP*;DNMT1,DNA repair,Chemo
HCC1806,PIK3C_2,AKT,1.0,1.0,0.348873035,10.0,16.5977691,0.322092665,10.0,48.09936281,-15.70878,breast,MSS/MSI-L,Adherent,PIK3C*,Oncogenic signal,AKT/PI3K,AKT1;AKT2;AKT3,Oncogenic signal,AKT/PI3K
MDA-MB-231,AKT,ADAM17,1.0,75.0,1.0,10.0,67.00001656,1.0,0.0,100.0,13.21102,breast,MSS/MSI-L,Adherent,AKT1;AKT2;AKT3,Oncogenic signal,AKT/PI3K,ADAM17,Differentiation,EMT/migration
NCI-H1703,TNF,IAP,0.1,3.0,0.001021345,1.6777587,8.28924571,0.00037037,0.6194478,10.10702032,27.29638,lung_NSCLC_adenocarcinoma,MSS/MSI-L,Adherent,TNFA,Cell death,Apoptosis,NIAP;XIAP;BIRC2;BIRC3,Cell death,Apoptosis
HCC1187,BCL2L1,AKT,3.0,3.0,3.0,0.232685,5.16660405,0.380705269,2.5314974,11.49714194,28.93864,breast,MSS/MSI-L,Suspension,BCL2L1,Cell death,Apoptosis,AKT1;AKT2;AKT3,Oncogenic signal,AKT/PI3K
HCC1937,SLC16A4,PIK3CB_PIK3CD,1.0,1.0,1.0,0.0,100.0,1.0,0.5552962,46.60943984,15.20795,breast,MSS/MSI-L,Adherent,SLC16A3;SLC16A4,Metabolism,Metabolism,PIK3CB;PIK3CD,Oncogenic signal,AKT/PI3K
SW620,SN38,IAP,0.03,1.0,0.002152668,3.4486986,1.65045827,1.0,0.0,100.0,5.414662,large_intestine,MSS/MSI-L,Adherent,TOP1;TOP2*,DNA repair,Chemo,NIAP;XIAP;BIRC2;BIRC3,Cell death,Apoptosis
MDA-MB-453,TNKS_PARP6,MTOR_1,1.0,1.0,0.014408564,1.6350533,12.60914973,0.22083281,4.6827145,11.22367278,-6.941396,breast,MSS/MSI-L,Adherent,TNKS;PARP6,Oncogenic signal,Cell Cycle,MTOR,Oncogenic signal,AKT/PI3K
NCI-H838,Topotecan,IAP,0.3,1.0,0.082986917,1.7788788,0.0,0.004223756,0.4994568,16.34933182,36.29228,lung_NSCLC_adenocarcinoma,MSS/MSI-L,Adherent,TOP1;TOP1MT;DNA,DNA repair,Chemo,NIAP;XIAP;BIRC2;BIRC3,Cell death,Apoptosis
MDA-MB-453,TNKS_PARP6,AKT,1.0,1.0,0.015741334,1.8634225,13.86362946,0.233137952,1.521159,25.72236692,28.43237,breast,MSS/MSI-L,Adherent,TNKS;PARP6,Oncogenic signal,Cell Cycle,AKT1;AKT2;AKT3,Oncogenic signal,AKT/PI3K
HCC1419,PIK3C,MTOR_1,3.0,1.0,0.537507458,0.8865306,8.28366558,0.156289823,2.8718395,25.68890448,10.28707,breast,MSS/MSI-L,Adherent,PIK3C*,Oncogenic signal,AKT/PI3K,MTOR,Oncogenic signal,AKT/PI3K
J82,PARP1,Cisplatin,3.0,3.0,0.219953369,1.8270294,84.24013087,0.5202958,1.1595941,0.0,13.76886,Bladder,MSS/MSI-L,Adherent,PARP1,DNA repair,DNA Damage Response,DNA,DNA repair,Chemo
NCI-H522,TOP2,ALK_2,3.0,3.0,2.044991736,1.0731583,24.38190785,2.426437178,3.0102628,0.0,20.47359,lung_NSCLC_adenocarcinoma,MSS/MSI-L,Adherent,TOP2*;PRKDC,DNA repair,DNA Damage Response,ALK,Oncogenic signal,RTK
BT-20,MAP2K_1,BRAF_M2,3.0,3.0,0.431124322,0.469998,57.36543513,0.845698302,2.3367231,73.70011626,30.60984,breast,MSS/MSI-L,Adherent,MAP2K1;MAP2K2,Oncogenic signal,MAPK,BRAF_V600E,Oncogenic signal,MAPK
HT-1197,MAP2K_1,HSP90,1.0,3.0,0.060758264,10.0,90.11625627,0.127792047,2.1577331,23.53306532,20.83592,Bladder,MSS/MSI-L,Adherent,MAP2K1;MAP2K2,Oncogenic signal,MAPK,HSP90AA1,Cell death,Apoptosis
DMS-114,Vinorelbine,IAP,0.1,3.0,0.038083269,1.8349518,0.16386213,3.0,0.5773593,48.04781624,44.04169,lung_small_cell_carcinoma,MSS/MSI-L,Adherent,microtubule;TUBB,DNA repair,Chemo,NIAP;XIAP;BIRC2;BIRC3,Cell death,Apoptosis
HCC1143,PIK3CB_PIK3CD,PARP1,1.0,3.0,0.438741561,0.6119014,34.50968226,3.0,0.4863784,32.3315416,12.08273,breast,MSS/MSI-L,Adherent,PIK3CB;PIK3CD,Oncogenic signal,AKT/PI3K,PARP1,DNA repair,DNA Damage Response
MCF7,CSNK2A1_2,AKT,0.1,3.0,0.010092765,1.48297,9.62327807,1.080292608,0.7539209,0.0,35.20325,breast,MSS/MSI-L,Adherent,CSNK2A1,Oncogenic signal,STK,AKT1;AKT2;AKT3,Oncogenic signal,AKT/PI3K
NCI-H2291,Topotecan,BCL2,0.3,3.0,0.245842637,0.5738417,0.0,0.700884548,3.000828,20.9988837,-5.343665,lung_NSCLC_adenocarcinoma,MSS/MSI-L,Adherent,TOP1;TOP1MT;DNA,DNA repair,Chemo,BCL2,Cell death,Apoptosis
CAMA-1,Chloroquine,AKT,1.0,1.0,1.0,0.0,100.0,0.154730759,3.4646384,42.06744168,13.53424,breast,MSS/MSI-L,Adherent,Thiamine,other,other,AKT1;AKT2;AKT3,Oncogenic signal,AKT/PI3K
TCCSUP,TNF,AKT,0.03,3.0,0.000240716,9.2434711,90.05001747,0.289807097,1.1409921,66.70163425,74.76664,Bladder,MSS/MSI-L,Adherent,TNFA,Cell death,Apoptosis,AKT1;AKT2;AKT3,Oncogenic signal,AKT/PI3K
NCI-SNU-16,FGFR,AKT,0.01,3.0,0.00527697,3.9446063,31.61466819,1.132389324,10.0,86.59920979,0.1457531,stomach,MSS/MSI-L,Suspension,FGFR1;FGFR2;FGFR3,Oncogenic signal,RTK,AKT1;AKT2;AKT3,Oncogenic signal,AKT/PI3K
T-24,TNF,IAP,0.03,1.0,0.010346875,10.0,92.29980852,0.61696833,0.7477258,66.82899393,116.4672,Bladder,MSS/MSI-L,Adherent,TNFA,Cell death,Apoptosis,NIAP;XIAP;BIRC2;BIRC3,Cell death,Apoptosis
HCC70,FGFR,AKT_SGK,1.0,1.0,1.0,0.0,100.0,0.264975614,1.2031577,32.01979372,-1.839323,breast,MSS/MSI-L,Adherent,FGFR1;FGFR2;FGFR3,Oncogenic signal,RTK,AKT*;SGK*,Oncogenic signal,AKT/PI3K
647-V,PIM1,MAP2K_1,3.0,1.0,1.0,0.0,100.0,0.203779403,1.3895374,77.48001727,24.60826,Bladder,MSS/MSI-L,Adherent,PIM1,Oncogenic signal,STK,MAP2K1;MAP2K2,Oncogenic signal,MAPK
NCI-H838,PIK3CB,IAP,3.0,1.0,3.0,0.4262445,37.34401097,0.006411171,0.3436238,0.62479262,22.38181,lung_NSCLC_adenocarcinoma,MSS/MSI-L,Adherent,PIK3CB,Oncogenic signal,AKT/PI3K,NIAP;XIAP;BIRC2;BIRC3,Cell death,Apoptosis
Calu-3,TOP2_2,PIM1,0.1,3.0,0.1,1.0216933,11.91813613,2.999999949,0.1215838,86.57401084,29.9138,lung_NSCLC_adenocarcinoma,MSS/MSI-L,Adherent,TOP2*,DNA repair,Chemo,PIM1,Oncogenic signal,STK
HCC1395,PIK3CB_PIK3CD,ALK_IGFR,1.0,1.0,0.701618165,0.4740328,24.20922691,0.656757624,1.5914149,11.74081812,66.37348,breast,MSS/MSI-L,Adherent,PIK3CB;PIK3CD,Oncogenic signal,AKT/PI3K,ALK;IGF*R,Oncogenic signal,AKT/PI3K
NCI-H1437,CSNK2A1_2,CarboTaxol,0.1,0.003,0.009258685,1.8364352,8.7509488,0.001002224,1.2075296,0.0,-14.43279,lung_NSCLC_adenocarcinoma,MSS/MSI-L,Adherent,CSNK2A1,Oncogenic signal,STK,DNA,DNA repair,Chemo
MDA-MB-436,ATR_4,AKT,1.0,1.0,1.0,1.2525266,23.79615714,1.0,0.8544595,41.00106739,-9.165176,breast,MSS/MSI-L,Adherent,ATR,DNA repair,DNA Damage Response,AKT1;AKT2;AKT3,Oncogenic signal,AKT/PI3K
CAL-120,BCL2_BCL2L1,AKT_1,1.0,1.0,0.317658147,0.328293,0.0,0.0001,0.1,67.91577703,19.30702,breast,MSS/MSI-L,Adherent,BCL2;BCL2L1,Cell death,Apoptosis,AKT*,Oncogenic signal,AKT/PI3K
NCI-H1793,TOP2_2,PIM1,3.0,3.0,0.726660098,1.5421663,0.0,3.0,10.0,92.20006777,46.48285,lung_NSCLC_adenocarcinoma,MSS/MSI-L,Adherent,TOP2*,DNA repair,Chemo,PIM1,Oncogenic signal,STK
HT-1376,PARP1,EG5,3.0,0.1,0.311349038,1.4654379,79.97316639,0.001416261,3.5182636,28.66965575,-1.325124,Bladder,MSS/MSI-L,Adherent,PARP1,DNA repair,DNA Damage Response,KIF11,Differentiation,EMT/migration
HCC1500,EGFR_2,AKT_1,1.0,1.0,1.0,0.0,100.0,0.502520112,1.2925281,0.0,9.670229,breast,MSS/MSI-L,Adherent,EGFR,Oncogenic signal,RTK,AKT*,Oncogenic signal,AKT/PI3K
MDA-MB-157,MTOR_1,ESR1_3,1.0,3.0,0.155983647,0.4441043,0.0,0.0003,0.1143723,62.27016759,-13.34285,breast,MSS/MSI-L,Adherent,MTOR,Oncogenic signal,AKT/PI3K,ESR1,Oncogenic signal,Hormonal
NCI-H1437,Topotecan,BCL2,0.1,3.0,0.056231494,0.7160507,0.0,0.134233405,1.1875538,46.71625869,-13.91897,lung_NSCLC_adenocarcinoma,MSS/MSI-L,Adherent,TOP1;TOP1MT;DNA,DNA repair,Chemo,BCL2,Cell death,Apoptosis
MDA-MB-453,PIM1,PIK3C,1.0,1.0,0.222001776,0.7179262,76.83577246,0.199958559,1.2518473,0.0,10.81962,breast,MSS/MSI-L,Adherent,PIM1,Oncogenic signal,STK,PIK3C*,Oncogenic signal,AKT/PI3K
BFTC-905,PIK3C,Cisplatin,3.0,3.0,1.143977556,0.7008276,0.0,0.496954451,1.5147385,0.0,6.516105,Bladder,MSS/MSI-L,Adherent,PIK3C*,Oncogenic signal,AKT/PI3K,DNA,DNA repair,Chemo
CAL-148,ERBB,AKT,1.0,1.0,1.0,0.0,100.0,0.16730425,1.5061553,0.0,6.874991,breast,MSS/MSI-L,Suspension,EGFR;ERBB*,Oncogenic signal,RTK,AKT1;AKT2;AKT3,Oncogenic signal,AKT/PI3K
HCC1143,PIK3C,AKT_SGK,1.0,1.0,0.293320635,0.3816878,0.0,1.0,0.1682142,2.04376674,-90.16739,breast,MSS/MSI-L,Adherent,PIK3C*,Oncogenic signal,AKT/PI3K,AKT*;SGK*,Oncogenic signal,AKT/PI3K
NCI-H520,PIK3CA_3,IAP,3.0,3.0,0.952379265,10.0,83.69978359,1.0,0.0,100.0,12.91735,lung_NSCLC_squamous_cell_carcinoma,MSS/MSI-L,Adherent,PIK3CA,Oncogenic signal,AKT/PI3K,NIAP;XIAP;BIRC2;BIRC3,Cell death,Apoptosis
Calu-3,MTOR_1,ALK,3.0,3.0,0.739677668,1.4865113,31.17109744,2.703499493,10.0,0.0,31.73031,lung_NSCLC_adenocarcinoma,MSS/MSI-L,Adherent,MTOR,Oncogenic signal,AKT/PI3K,ALK,Oncogenic signal,AKT/PI3K
MDA-MB-157,PIK3C,Chloroquine,3.0,10.0,3.0,0.2443426,7.16511144,0.029233326,1.2303234,68.87533493,-24.85075,breast,MSS/MSI-L,Adherent,PIK3C*,Oncogenic signal,AKT/PI3K,Thiamine,other,other
NCI-H1299,PIK3CA_3,CSNK2A1_2,3.0,0.1,3.0,2.32041,21.05342292,0.027618902,2.0360121,5.83390084,19.67308,lung_NSCLC_large cell,MSS/MSI-L,Adherent,PIK3CA,Oncogenic signal,AKT/PI3K,CSNK2A1,Oncogenic signal,STK
CAL-120,PIK3C,MTOR_1,1.0,1.0,1.0,1.8656094,28.65201134,0.22218297,2.6426599,36.41133441,28.72433,breast,MSS/MSI-L,Adherent,PIK3C*,Oncogenic signal,AKT/PI3K,MTOR,Oncogenic signal,AKT/PI3K
CAMA-1,TNKS_PARP6,AKT,1.0,1.0,0.023920747,1.6210188,23.08349452,0.145753987,1.4005783,11.94863604,32.40212,breast,MSS/MSI-L,Adherent,TNKS;PARP6,Oncogenic signal,Cell Cycle,AKT1;AKT2;AKT3,Oncogenic signal,AKT/PI3K
BT-474,MTOR_1,ESR1_3,1.0,1.0,0.287813674,2.6387096,39.1080764,0.009386614,10.0,44.42487965,17.28562,breast,MSS/MSI-L,Adherent,MTOR,Oncogenic signal,AKT/PI3K,ESR1,Oncogenic signal,Hormonal
HCC1428,MTOR_1,ESR1,1.0,1.0,0.649054126,1.5191649,24.45466124,0.282805656,10.0,62.69972352,10.09984,breast,MSS/MSI-L,Adherent,MTOR,Oncogenic signal,AKT/PI3K,ESR1,Oncogenic signal,Hormonal
EVSA-T,MAP2K_1,BRAF_M2,3.0,0.1,3.0,0.1193941,73.90826896,0.1,0.3177125,73.9792447,2.739398,breast,MSS/MSI-L,Adherent,MAP2K1;MAP2K2,Oncogenic signal,MAPK,BRAF_V600E,Oncogenic signal,MAPK
MDA-MB-453,FGFR,AKT,1.0,1.0,0.150653737,5.7580902,28.33235086,0.250688448,1.6062007,21.9578475,5.40904,breast,MSS/MSI-L,Adherent,FGFR1;FGFR2;FGFR3,Oncogenic signal,RTK,AKT1;AKT2;AKT3,Oncogenic signal,AKT/PI3K
HCC1187,SLC16A4,MAP2K_1,1.0,1.0,1.0,0.0,100.0,0.144550662,3.7274875,49.16375343,18.44811,breast,MSS/MSI-L,Suspension,SLC16A3;SLC16A4,Metabolism,Metabolism,MAP2K1;MAP2K2,Oncogenic signal,MAPK
NCI-H226,Vinorelbine,IAP,0.03,3.0,0.008956872,1.4711595,6.48863916,0.0003,0.1,0.37151604,35.226,lung_NSCLC_squamous_cell_carcinoma,MSS/MSI-L,Adherent,microtubule;TUBB,DNA repair,Chemo,NIAP;XIAP;BIRC2;BIRC3,Cell death,Apoptosis
HCC1187,FGFR,BCL2_BCL2L1,1.0,1.0,1.0,0.0,100.0,1.0,0.0,100.0,-23.24321,breast,MSS/MSI-L,Suspension,FGFR1;FGFR2;FGFR3,Oncogenic signal,RTK,BCL2;BCL2L1,Cell death,Apoptosis
HCC1187,PIK3C,MAP2K_1,3.0,3.0,3.0,10.0,84.60134828,1.0,0.0,100.0,-23.66909,breast,MSS/MSI-L,Suspension,PIK3C*,Oncogenic signal,AKT/PI3K,MAP2K1;MAP2K2,Oncogenic signal,MAPK
TCCSUP,PIK3C,HSP90,1.0,0.3,0.297333663,3.5316582,55.49527021,0.114326743,4.7072534,16.82264688,-3.471697,Bladder,MSS/MSI-L,Adherent,PIK3C*,Oncogenic signal,AKT/PI3K,HSP90AA1,Cell death,Apoptosis
HCC1395,MAP2K_1,ADAM17,1.0,75.0,0.076732378,0.7601594,76.19423244,75.0,0.4515384,86.36457426,5.722309,breast,MSS/MSI-L,Adherent,MAP2K1;MAP2K2,Oncogenic signal,MAPK,ADAM17,Differentiation,EMT/migration
NCI-SNU-16,PIK3C_MTOR,FGFR,1.0,0.01,0.39154537,10.0,80.19831988,0.007774545,2.6889967,0.0,17.64808,stomach,MSS/MSI-L,Suspension,PIK3C*;MTOR,Oncogenic signal,AKT/PI3K,FGFR1;FGFR2;FGFR3,Oncogenic signal,RTK
MDA-MB-436,PIK3C,MTOR_1,3.0,1.0,3.0,0.5925242,0.0,0.070270511,0.9940529,40.34837796,22.09405,breast,MSS/MSI-L,Adherent,PIK3C*,Oncogenic signal,AKT/PI3K,MTOR,Oncogenic signal,AKT/PI3K
KATOIII,WNT,FGFR,3.0,0.01,0.298753851,1.2886504,8.14690748,0.003780634,10.0,18.59512959,3.94674,stomach,MSS/MSI-L,Semi-Adherent,WNT*;TNKS,Differentiation,EMT/migration,FGFR1;FGFR2;FGFR3,Oncogenic signal,RTK
SW780,MAP2K_1,HSP90,3.0,0.3,1.122685639,10.0,60.69787557,0.3,10.0,9.60019002,26.17331,Bladder,MSS/MSI-L,Adherent,MAP2K1;MAP2K2,Oncogenic signal,MAPK,HSP90AA1,Cell death,Apoptosis
MDA-MB-436,SLC16A4,BCL2_BCL2L1,1.0,1.0,1.0,0.0,100.0,0.32652941,10.0,85.99979217,9.491573,breast,MSS/MSI-L,Adherent,SLC16A3;SLC16A4,Metabolism,Metabolism,BCL2;BCL2L1,Cell death,Apoptosis
HCC1187,PIK3C,AKT_1,3.0,3.0,0.424019996,1.2775362,26.56708345,0.07953008,1.3629464,37.81771527,33.17804,breast,MSS/MSI-L,Suspension,PIK3C*,Oncogenic signal,AKT/PI3K,AKT*,Oncogenic signal,AKT/PI3K
T47D,PIK3C,MAP2K_1,3.0,3.0,0.166242939,0.9784538,11.28639176,0.014739713,0.9254242,72.04852624,28.28921,breast,MSS/MSI-L,Adherent,PIK3C*,Oncogenic signal,AKT/PI3K,MAP2K1;MAP2K2,Oncogenic signal,MAPK
HCC70,PIM1,BCL2_BCL2L1,1.0,1.0,0.0001,0.1,83.12485452,1.0,10.0,92.60017004,-43.07365,breast,MSS/MSI-L,Adherent,PIM1,Oncogenic signal,STK,BCL2;BCL2L1,Cell death,Apoptosis
HCC38,MAP2K_1,ADAM17,1.0,75.0,1.0,0.0,100.0,1.0,0.0,100.0,5.742608,breast,MSS/MSI-L,Adherent,MAP2K1;MAP2K2,Oncogenic signal,MAPK,ADAM17,Differentiation,EMT/migration
J82,TNFSF10,PIK3C,0.03,3.0,0.03,0.432091,81.66075368,1.166366189,0.6218088,0.0,-2.773666,Bladder,MSS/MSI-L,Adherent,TNFSF10,Cell death,Apoptosis,PIK3C*,Oncogenic signal,AKT/PI3K
LS-513,TKI,MAP2K_1,3.0,0.3,0.85424913,3.383438,74.24889425,0.108327337,1.6443103,22.28952819,75.74455,large_intestine,MSS/MSI-L,Adherent,KDR;EGFR;RET,Oncogenic signal,RTK,MAP2K1;MAP2K2,Oncogenic signal,MAPK
CAMA-1,PIK3CB_PIK3CD,AKT_1,1.0,1.0,0.155274174,0.9811292,12.42665233,0.531904722,1.3312912,0.0,79.41426,breast,MSS/MSI-L,Adherent,PIK3CB;PIK3CD,Oncogenic signal,AKT/PI3K,AKT*,Oncogenic signal,AKT/PI3K
HCC70,MTOR_1,MAP2K_1,1.0,1.0,0.31365714,10.0,66.19958348,1.0,1.2413505,70.9340425,22.43619,breast,MSS/MSI-L,Adherent,MTOR,Oncogenic signal,AKT/PI3K,MAP2K1;MAP2K2,Oncogenic signal,MAPK
HCC1428,FGFR,ERBB,1.0,1.0,1.0,0.0,100.0,1.0,0.0,100.0,10.78371,breast,MSS/MSI-L,Adherent,FGFR1;FGFR2;FGFR3,Oncogenic signal,RTK,EGFR;ERBB*,Oncogenic signal,RTK
HCC1419,MTOR_1,ESR1_1,1.0,3.0,0.13897006,2.8938539,27.92175386,3.0,0.4048805,41.50936664,-4.299855,breast,MSS/MSI-L,Adherent,MTOR,Oncogenic signal,AKT/PI3K,ESR1,Oncogenic signal,Hormonal
RKO,MAP2K_1,BRAF_M,3.0,3.0,1.246570407,10.0,82.89737524,3.0,10.0,85.00099571,1.504551,large_intestine,MSI-H,Adherent,MAP2K1;MAP2K2,Oncogenic signal,MAPK,BRAF_mut,Oncogenic signal,MAPK
MDA-MB-436,SLC16A4,MAP2K_1,1.0,1.0,1.0,0.0,100.0,0.217170243,0.4308887,38.9783945,8.836613,breast,MSS/MSI-L,Adherent,SLC16A3;SLC16A4,Metabolism,Metabolism,MAP2K1;MAP2K2,Oncogenic signal,MAPK
MFM-223,PIM1,BCL2_BCL2L1,1.0,1.0,0.0001,0.1,49.44109024,0.0001,0.1,63.18199125,-78.25283,breast,MSS/MSI-L,Adherent,PIM1,Oncogenic signal,STK,BCL2;BCL2L1,Cell death,Apoptosis
HCC70,BCL2_2,AKT_1,3.0,3.0,1.0,0.0,100.0,0.0003,0.1,89.63786631,-4.785236,breast,MSS/MSI-L,Adherent,BCL2,Cell death,Apoptosis,AKT*,Oncogenic signal,AKT/PI3K
HT-1376,PIM1,EG5,3.0,0.1,0.030926325,10.0,80.4499699,0.001690882,4.053345,32.17615849,3.801649,Bladder,MSS/MSI-L,Adherent,PIM1,Oncogenic signal,STK,KIF11,Differentiation,EMT/migration
NCI-H1793,PIK3CB,IAP,3.0,3.0,3.0,0.3878289,37.56359577,3.0,1.0704411,28.41738821,7.860889,lung_NSCLC_adenocarcinoma,MSS/MSI-L,Adherent,PIK3CB,Oncogenic signal,AKT/PI3K,NIAP;XIAP;BIRC2;BIRC3,Cell death,Apoptosis
HCC1937,PIK3C,AKT_1,1.0,1.0,0.482255639,1.0000679,51.40037279,0.271855192,1.0280927,68.18940583,29.06949,breast,MSS/MSI-L,Adherent,PIK3C*,Oncogenic signal,AKT/PI3K,AKT*,Oncogenic signal,AKT/PI3K
CAMA-1,SLC16A4,BCL2_BCL2L1,1.0,1.0,1.0,10.0,86.40004017,1.0,4.1789086,71.00109827,11.93112,breast,MSS/MSI-L,Adherent,SLC16A3;SLC16A4,Metabolism,Metabolism,BCL2;BCL2L1,Cell death,Apoptosis
COLO-205,PTK2,MAP2K_1,3.0,1.0,0.650528338,1.5496655,0.0,0.049317076,1.0309862,3.73444698,13.48129,large_intestine,MSS/MSI-L,Suspension,PTK2*,Differentiation,EMT/migration,MAP2K1;MAP2K2,Oncogenic signal,MAPK
HT-1197,FGFR,Cisplatin,3.0,3.0,3.0,0.2487653,27.73453757,0.382856772,0.3626157,0.0,-10.85404,Bladder,MSS/MSI-L,Adherent,FGFR1;FGFR2;FGFR3,Oncogenic signal,RTK,DNA,DNA repair,Chemo
BT-549,PIK3C,PARP1,1.0,3.0,0.607940084,0.8215333,0.0,3.0,0.5220587,29.05105837,20.02537,breast,MSS/MSI-L,Adherent,PIK3C*,Oncogenic signal,AKT/PI3K,PARP1,DNA repair,DNA Damage Response
HCC1187,PIK3CA_4,BCL2_BCL2L1,1.0,1.0,0.205045254,1.6502614,55.98192814,1.0,0.0,100.0,11.34446,breast,MSS/MSI-L,Suspension,PIK3CA,Oncogenic signal,AKT/PI3K,BCL2;BCL2L1,Cell death,Apoptosis
NCI-H1793,CSNK2A1_2,ALK,0.1,3.0,0.010202214,1.74774,7.28928245,1.519967915,1.4862446,0.0,64.74079,lung_NSCLC_adenocarcinoma,MSS/MSI-L,Adherent,CSNK2A1,Oncogenic signal,STK,ALK,Oncogenic signal,AKT/PI3K
SW900,CarboTaxol,BCL2,0.01,3.0,0.002845074,2.0434021,11.89081986,0.687075398,0.4001142,10.27271191,45.02714,lung_NSCLC_squamous_cell_carcinoma,MSS/MSI-L,Adherent,DNA,DNA repair,Chemo,BCL2,Cell death,Apoptosis
TCCSUP,IAP,ATR_4,0.03,3.0,0.000288249,0.5492587,68.53877242,0.83632105,2.2925507,18.38265089,32.46173,Bladder,MSS/MSI-L,Adherent,NIAP;XIAP;BIRC2;BIRC3,Cell death,Apoptosis,ATR,DNA repair,DNA Damage Response
CAL-51,MTOR_1,FASN,1.0,1.0,0.315653071,1.3702596,15.39533351,1.0,0.0,100.0,12.98182,breast,MSS/MSI-L,Adherent,MTOR,Oncogenic signal,AKT/PI3K,FASN,Metabolism,Metabolism
NCI-H1299,PIK3CB,IAP,3.0,1.0,1.081035273,1.6201776,77.50007341,0.063852628,1.1648789,32.07884183,37.87168,lung_NSCLC_large cell,MSS/MSI-L,Adherent,PIK3CB,Oncogenic signal,AKT/PI3K,NIAP;XIAP;BIRC2;BIRC3,Cell death,Apoptosis
MDA-MB-415,MTOR_1,ERBB,1.0,3.0,0.066685649,1.6138069,22.58096012,1.0,0.0,100.0,12.17432,breast,MSS/MSI-L,Adherent,MTOR,Oncogenic signal,AKT/PI3K,EGFR;ERBB*,Oncogenic signal,RTK
MDA-MB-415,MTOR_1,MAP2K_1,1.0,3.0,0.053271889,1.2532755,18.68953135,0.319939962,1.2041932,69.36424678,1.453541,breast,MSS/MSI-L,Adherent,MTOR,Oncogenic signal,AKT/PI3K,MAP2K1;MAP2K2,Oncogenic signal,MAPK
DU-4475,PIK3C,AKT_1,1.0,1.0,0.198447311,3.7222611,1.40404335,0.237021879,2.0701331,2.88015987,27.79395,breast,MSS/MSI-L,Suspension,PIK3C*,Oncogenic signal,AKT/PI3K,AKT*,Oncogenic signal,AKT/PI3K
HCC1187,AKT,ADAM17,1.0,75.0,0.410029094,1.4969009,51.9212647,1.0,0.0,100.0,-0.801993,breast,MSS/MSI-L,Suspension,AKT1;AKT2;AKT3,Oncogenic signal,AKT/PI3K,ADAM17,Differentiation,EMT/migration
BFTC-905,IAP,BCL2_BCL2L1,3.0,3.0,0.0003,0.2736087,0.0,0.911424148,0.6483392,53.90823509,0.1546429,Bladder,MSS/MSI-L,Adherent,NIAP;XIAP;BIRC2;BIRC3,Cell death,Apoptosis,BCL2;BCL2L1,Cell death,Apoptosis
MDA-MB-157,Chloroquine,AKT,10.0,3.0,1.0,0.0,100.0,0.271872968,0.1628438,0.0,6.166873,breast,MSS/MSI-L,Adherent,Thiamine,other,other,AKT1;AKT2;AKT3,Oncogenic signal,AKT/PI3K
CAL-148,PIK3CB_PIK3CD,ADAM17,1.0,75.0,0.331855714,2.698131,17.086469,1.0,0.0,100.0,-22.06479,breast,MSS/MSI-L,Suspension,PIK3CB;PIK3CD,Oncogenic signal,AKT/PI3K,ADAM17,Differentiation,EMT/migration
MDA-MB-415,MTOR_1,ESR1_1,1.0,3.0,0.058323638,1.1224283,16.79369956,3.0,0.1507423,48.43973087,14.36195,breast,MSS/MSI-L,Adherent,MTOR,Oncogenic signal,AKT/PI3K,ESR1,Oncogenic signal,Hormonal
BT-20,MTOR_1,FGFR,1.0,1.0,0.491638788,1.30012,3.00993179,1.0,1.1400331,85.42017293,6.247619,breast,MSS/MSI-L,Adherent,MTOR,Oncogenic signal,AKT/PI3K,FGFR1;FGFR2;FGFR3,Oncogenic signal,RTK
NCI-H226,TOP2_2,PIM1,1.0,3.0,0.140099272,1.4437767,8.33812563,3.0,0.4535076,56.9595518,75.10541,lung_NSCLC_squamous_cell_carcinoma,MSS/MSI-L,Adherent,TOP2*,DNA repair,Chemo,PIM1,Oncogenic signal,STK
BT-549,PIK3CA_4,PIK3C_2,1.0,1.0,1.0,0.5281692,56.11762335,0.631948449,1.1649711,0.0,3.404341,breast,MSS/MSI-L,Adherent,PIK3CA,Oncogenic signal,AKT/PI3K,PIK3C*,Oncogenic signal,AKT/PI3K
NCI-H2228,TOP2,ALK_2,3.0,3.0,0.0003,0.1841597,0.0,0.017185191,0.2524727,0.0,8.544756,lung_NSCLC_adenocarcinoma,MSS/MSI-L,Adherent,TOP2*;PRKDC,DNA repair,DNA Damage Response,ALK,Oncogenic signal,RTK
NCI-H358,TOP2_2,PIM1,1.0,3.0,0.19792847,1.5891919,31.91137528,3.0,0.8737336,69.45600199,32.70716,lung_NSCLC_adenocarcinoma,MSS/MSI-L,Adherent,TOP2*,DNA repair,Chemo,PIM1,Oncogenic signal,STK
NCI-H1437,Vinorelbine,BCL2L1,0.3,3.0,0.031273478,1.8666338,0.0,0.149515447,0.7718601,77.5807281,38.93013,lung_NSCLC_adenocarcinoma,MSS/MSI-L,Adherent,microtubule;TUBB,DNA repair,Chemo,BCL2L1,Cell death,Apoptosis
NCI-H1703,Topotecan,BCL2,0.1,3.0,0.068851011,2.4439814,0.0,3.0,0.8537754,70.6904885,-5.256979,lung_NSCLC_adenocarcinoma,MSS/MSI-L,Adherent,TOP1;TOP1MT;DNA,DNA repair,Chemo,BCL2,Cell death,Apoptosis
UM-UC-3,IAP,ATR_4,0.03,3.0,0.00189671,1.6461259,71.34861892,1.019270289,10.0,56.89911658,30.93239,Bladder,MSS/MSI-L,Adherent,NIAP;XIAP;BIRC2;BIRC3,Cell death,Apoptosis,ATR,DNA repair,DNA Damage Response
MDA-MB-157,ESR1_1,AKT_1,3.0,3.0,3.0,0.8674472,72.03590543,3.0,0.1084143,49.02707571,9.354758,breast,MSS/MSI-L,Adherent,ESR1,Oncogenic signal,Hormonal,AKT*,Oncogenic signal,AKT/PI3K
647-V,PIK3CB_PIK3CD,EG5,3.0,0.003,0.505483386,1.5927601,7.04658677,0.001949597,5.2568872,0.0,-15.75108,Bladder,MSS/MSI-L,Adherent,PIK3CB;PIK3CD,Oncogenic signal,AKT/PI3K,KIF11,Differentiation,EMT/migration
HT-1197,ERBB,AKT,3.0,1.0,1.0,0.0,100.0,0.323561764,0.7823419,38.21452747,-17.83006,Bladder,MSS/MSI-L,Adherent,EGFR;ERBB*,Oncogenic signal,RTK,AKT1;AKT2;AKT3,Oncogenic signal,AKT/PI3K
647-V,Gemcitabine,ATM,0.1,3.0,0.005075814,3.2545559,0.0,0.226768089,0.5797274,93.80555298,7.063501,Bladder,MSS/MSI-L,Adherent,DNA;RRM1;TYMS;CMPK1,Cell death,Chemo,ATM,DNA repair,DNA Damage Response
COLO-205,IAP,CHEK1,1.0,1.0,1.0,0.2059264,41.52649208,0.308373373,1.3129921,0.0,-27.59417,large_intestine,MSS/MSI-L,Suspension,NIAP;XIAP;BIRC2;BIRC3,Cell death,Apoptosis,CHEK1,DNA repair,DNA Damage Response
HCC1806,PIK3C,ADAM17,1.0,75.0,0.327702197,10.0,26.49892877,1.0,0.0,100.0,80.9991,breast,MSS/MSI-L,Adherent,PIK3C*,Oncogenic signal,AKT/PI3K,ADAM17,Differentiation,EMT/migration
NCI-H1437,TOP2_2,PIM1,3.0,3.0,0.552035555,2.8000438,20.417457,0.350809361,10.0,81.49984234,54.11437,lung_NSCLC_adenocarcinoma,MSS/MSI-L,Adherent,TOP2*,DNA repair,Chemo,PIM1,Oncogenic signal,STK
HCC1806,FGFR,ERBB,1.0,1.0,1.0,0.0,100.0,1.0,0.0,100.0,1.912347,breast,MSS/MSI-L,Adherent,FGFR1;FGFR2;FGFR3,Oncogenic signal,RTK,EGFR;ERBB*,Oncogenic signal,RTK
HCC38,AKT,ADAM17,1.0,75.0,1.0,10.0,64.40008038,1.0,0.0,100.0,-4.35159,breast,MSS/MSI-L,Adherent,AKT1;AKT2;AKT3,Oncogenic signal,AKT/PI3K,ADAM17,Differentiation,EMT/migration
HT-29,Oxaliplatin,BCL2,3.0,3.0,1.0,0.0,100.0,0.0003,0.1,91.37726156,-54.38078,large_intestine,MSS/MSI-L,Adherent,DNA,DNA repair,Chemo,BCL2,Cell death,Apoptosis
MDA-MB-468,ALK_IGFR,AKT_1,1.0,1.0,0.233556283,1.2908606,77.6401747,0.49986709,1.2455214,34.35676492,28.48793,breast,MSS/MSI-L,Adherent,ALK;IGF*R,Oncogenic signal,AKT/PI3K,AKT*,Oncogenic signal,AKT/PI3K
HT-1376,IAP,CHEK1,3.0,1.0,0.035783737,0.2013065,0.0,0.303562925,2.6386386,24.98638565,27.68068,Bladder,MSS/MSI-L,Adherent,NIAP;XIAP;BIRC2;BIRC3,Cell death,Apoptosis,CHEK1,DNA repair,DNA Damage Response
CAMA-1,MAP2K_1,ERBB,1.0,1.0,1.0,10.0,92.00001425,1.0,0.0,100.0,11.67747,breast,MSS/MSI-L,Adherent,MAP2K1;MAP2K2,Oncogenic signal,MAPK,EGFR;ERBB*,Oncogenic signal,RTK
MDA-MB-157,PIK3C_2,AKT,1.0,1.0,0.228962238,10.0,58.39316718,1.0,0.4464848,58.41863217,-7.588793,breast,MSS/MSI-L,Adherent,PIK3C*,Oncogenic signal,AKT/PI3K,AKT1;AKT2;AKT3,Oncogenic signal,AKT/PI3K
CAMA-1,MAP2K_1,AKT_SGK,1.0,1.0,1.0,10.0,91.60005661,0.117581271,1.6151246,9.98920463,28.05505,breast,MSS/MSI-L,Adherent,MAP2K1;MAP2K2,Oncogenic signal,MAPK,AKT*;SGK*,Oncogenic signal,AKT/PI3K
MDA-MB-453,MAP2K_1,ESR1,1.0,1.0,0.587015342,1.3012013,45.97811225,0.275304353,10.0,87.8999035,3.625408,breast,MSS/MSI-L,Adherent,MAP2K1;MAP2K2,Oncogenic signal,MAPK,ESR1,Oncogenic signal,Hormonal
NCI-H747,MTOR,JAK,0.3,3.0,0.064353046,1.3491986,40.40371006,0.953052239,10.0,46.5990916,-82.5627,large_intestine,MSS/MSI-L,Adherent,MTOR,Oncogenic signal,AKT/PI3K,JAK1;JAK2,Oncogenic signal,Cell Cycle
MFM-223,PIK3C,PARP1,1.0,3.0,1.0,0.3988898,1.18078757,3.0,0.1840159,33.20204725,16.6942,breast,MSS/MSI-L,Adherent,PIK3C*,Oncogenic signal,AKT/PI3K,PARP1,DNA repair,DNA Damage Response
NCI-H1703,TOP2,ALK_2,3.0,3.0,3.0,0.6992377,25.62228942,1.500040878,1.8252091,0.0,16.0813,lung_NSCLC_adenocarcinoma,MSS/MSI-L,Adherent,TOP2*;PRKDC,DNA repair,DNA Damage Response,ALK,Oncogenic signal,RTK
647-V,TNF,IAP,0.1,0.003,1.0,0.0,100.0,0.000707586,1.3404276,0.0,-1.557282,Bladder,MSS/MSI-L,Adherent,TNFA,Cell death,Apoptosis,NIAP;XIAP;BIRC2;BIRC3,Cell death,Apoptosis
MDA-MB-468,PIP5K1,AKT,1.0,1.0,1.0,0.0,100.0,0.346965087,10.0,62.49904408,3.989298,breast,MSS/MSI-L,Adherent,PIP5K1*,Metabolism,Metabolism,AKT1;AKT2;AKT3,Oncogenic signal,AKT/PI3K
NCI-H2228,TOP2_2,PIM1,3.0,3.0,0.302171384,0.830244,12.29506382,0.341114449,2.7022708,71.3906755,66.89596,lung_NSCLC_adenocarcinoma,MSS/MSI-L,Adherent,TOP2*,DNA repair,Chemo,PIM1,Oncogenic signal,STK
CAMA-1,MTOR_1,ERBB,1.0,1.0,0.357952196,1.8045804,18.58941267,0.425612085,10.0,93.19867357,-3.448257,breast,MSS/MSI-L,Adherent,MTOR,Oncogenic signal,AKT/PI3K,EGFR;ERBB*,Oncogenic signal,RTK
BT-549,PIK3C,AKT_SGK,1.0,1.0,0.289087178,10.0,47.59962298,0.207471568,1.0767016,46.4514854,9.223287,breast,MSS/MSI-L,Adherent,PIK3C*,Oncogenic signal,AKT/PI3K,AKT*;SGK*,Oncogenic signal,AKT/PI3K
SW48,IGFR_3,IAP,10.0,1.0,0.319963859,1.410558,33.83814692,0.0001,0.1,92.80586892,-38.6174,large_intestine,MSI-H,Adherent,IGF*R,Oncogenic signal,RTK,NIAP;XIAP;BIRC2;BIRC3,Cell death,Apoptosis
NCI-H1437,Vinorelbine,BCL2_2,0.3,3.0,0.027975128,2.2332966,1.87275552,0.673266249,0.5332582,82.16269914,11.2268,lung_NSCLC_adenocarcinoma,MSS/MSI-L,Adherent,microtubule;TUBB,DNA repair,Chemo,BCL2,Cell death,Apoptosis
NCI-H520,MTOR_1,ALK_2,3.0,3.0,0.135455112,1.2412184,17.38050997,1.193448597,10.0,75.29754704,14.85942,lung_NSCLC_squamous_cell_carcinoma,MSS/MSI-L,Adherent,MTOR,Oncogenic signal,AKT/PI3K,ALK,Oncogenic signal,RTK
BT-549,PIK3C,MTOR_1,1.0,1.0,0.244981897,1.5083002,26.82197899,0.249840063,1.5631885,16.87375411,0.9634879,breast,MSS/MSI-L,Adherent,PIK3C*,Oncogenic signal,AKT/PI3K,MTOR,Oncogenic signal,AKT/PI3K
CAL-51,FGFR,ESR1,1.0,1.0,1.0,10.0,90.40005905,1.0,0.0,100.0,4.746579,breast,MSS/MSI-L,Adherent,FGFR1;FGFR2;FGFR3,Oncogenic signal,RTK,ESR1,Oncogenic signal,Hormonal
HCC70,PIK3CA_4,BCL2_BCL2L1,1.0,1.0,0.0001,0.1,88.37407468,1.0,0.0,100.0,-37.18545,breast,MSS/MSI-L,Adherent,PIK3CA,Oncogenic signal,AKT/PI3K,BCL2;BCL2L1,Cell death,Apoptosis
J82,PARP1,IAP,3.0,3.0,3.0,0.6023169,63.27132409,0.0003,0.1426104,0.0,9.118329,Bladder,MSS/MSI-L,Adherent,PARP1,DNA repair,DNA Damage Response,NIAP;XIAP;BIRC2;BIRC3,Cell death,Apoptosis
J82,MAP2K_1,ATR_4,3.0,3.0,3.0,0.1685732,40.96137876,3.0,1.0804173,6.93558565,17.37878,Bladder,MSS/MSI-L,Adherent,MAP2K1;MAP2K2,Oncogenic signal,MAPK,ATR,DNA repair,DNA Damage Response
COLO-205,TKI,IGFR_3,3.0,10.0,1.040443503,10.0,72.39929185,0.544157749,1.3013,25.91879268,-1.094072,large_intestine,MSS/MSI-L,Suspension,KDR;EGFR;RET,Oncogenic signal,RTK,IGF*R,Oncogenic signal,RTK
RT4,MTOR_3,FGFR,3.0,3.0,3.0,0.3495734,6.18780364,1.229347134,0.592396,0.0,72.74892,Bladder,MSS/MSI-L,Adherent,MTOR,Oncogenic signal,AKT/PI3K,FGFR1;FGFR2;FGFR3,Oncogenic signal,RTK
CAMA-1,MAP2K_1,BCL2_BCL2L1,1.0,1.0,1.0,1.7409803,83.40287163,1.0,0.6424804,81.22544558,12.95588,breast,MSS/MSI-L,Adherent,MAP2K1;MAP2K2,Oncogenic signal,MAPK,BCL2;BCL2L1,Cell death,Apoptosis
SW780,PIK3C,IAP,3.0,0.03,3.0,10.0,85.00084717,0.001761291,1.2626767,58.10138781,-78.67962,Bladder,MSS/MSI-L,Adherent,PIK3C*,Oncogenic signal,AKT/PI3K,NIAP;XIAP;BIRC2;BIRC3,Cell death,Apoptosis
Calu-6,EGFR_2,ALK,1.0,3.0,1.0,0.0,100.0,1.519638777,10.0,33.32592617,0.6648298,lung_NSCLC_adenocarcinoma,MSS/MSI-L,Adherent,EGFR,Oncogenic signal,RTK,ALK,Oncogenic signal,AKT/PI3K
HCC1954,BCL2L1,AKT_1,3.0,3.0,0.13800224,0.2968474,43.9310556,1.910247891,0.8508443,0.0,54.85981,breast,MSS/MSI-L,Adherent,BCL2L1,Cell death,Apoptosis,AKT*,Oncogenic signal,AKT/PI3K
HCC1187,BCL2_BCL2L1,ATR_4,1.0,1.0,1.0,0.0,100.0,0.364651771,10.0,58.99829164,-1.637312,breast,MSS/MSI-L,Suspension,BCL2;BCL2L1,Cell death,Apoptosis,ATR,DNA repair,DNA Damage Response
BFTC-905,TNFSF10,PIK3C,0.03,3.0,0.010263408,10.0,70.59935106,1.651260325,0.7728845,0.0,24.76088,Bladder,MSS/MSI-L,Adherent,TNFSF10,Cell death,Apoptosis,PIK3C*,Oncogenic signal,AKT/PI3K
HCC1187,AKT_1,AKT,1.0,1.0,0.097380527,0.9275172,43.21471695,0.748323325,0.921178,14.76174484,10.36244,breast,MSS/MSI-L,Suspension,AKT*,Oncogenic signal,AKT/PI3K,AKT1;AKT2;AKT3,Oncogenic signal,AKT/PI3K
NCI-H3122,EGFR_2,ALK,1.0,3.0,0.0001,0.1,88.8826782,0.040189034,3.2547823,0.0,22.76955,lung_NSCLC_adenocarcinoma,MSS/MSI-L,Adherent,EGFR,Oncogenic signal,RTK,ALK,Oncogenic signal,AKT/PI3K
C32,PIK3C,IAP,10.0,1.0,2.169716583,1.2707243,4.88828423,0.000150677,0.6379194,5.59037677,4.259788,melanoma,MSS/MSI-L,Adherent,PIK3C*,Oncogenic signal,AKT/PI3K,NIAP;XIAP;BIRC2;BIRC3,Cell death,Apoptosis
HT-1376,TNF,IAP,0.1,3.0,0.001752433,0.1,37.75427112,0.00267813,0.1915879,0.0,4.550227,Bladder,MSS/MSI-L,Adherent,TNFA,Cell death,Apoptosis,NIAP;XIAP;BIRC2;BIRC3,Cell death,Apoptosis
MDA-MB-436,MAP2K_1,ERBB,1.0,1.0,0.135917665,0.7861311,61.929832,1.0,10.0,89.60004964,24.92586,breast,MSS/MSI-L,Adherent,MAP2K1;MAP2K2,Oncogenic signal,MAPK,EGFR;ERBB*,Oncogenic signal,RTK
HCC1569,CarboTaxol,ATR_4,0.01,3.0,0.01,0.21376,21.76575409,3.0,0.3457475,7.60229325,11.03912,breast,MSI-H,Adherent,DNA,DNA repair,Chemo,ATR,DNA repair,DNA Damage Response
COLO-205,Oxaliplatin,BCL2,10.0,3.0,0.37656894,1.2289137,0.0,0.291321875,2.091344,2.95162152,-4.177698,large_intestine,MSS/MSI-L,Suspension,DNA,DNA repair,Chemo,BCL2,Cell death,Apoptosis
NCI-H1703,FGFR,Chloroquine,3.0,3.0,1.963903426,1.4700424,0.0,1.060548173,10.0,15.9973802,-13.81034,lung_NSCLC_adenocarcinoma,MSS/MSI-L,Adherent,FGFR1;FGFR2;FGFR3,Oncogenic signal,RTK,Thiamine,other,other
HCC38,MTOR_1,ALK_IGFR,1.0,1.0,0.354855288,2.3649594,64.81282718,1.0,0.9429632,45.34424253,30.53991,breast,MSS/MSI-L,Adherent,MTOR,Oncogenic signal,AKT/PI3K,ALK;IGF*R,Oncogenic signal,AKT/PI3K
HT-1197,PARP1,Cisplatin,3.0,3.0,0.745098673,1.7927337,61.06223608,0.405020419,2.7379723,43.38245412,9.688637,Bladder,MSS/MSI-L,Adherent,PARP1,DNA repair,DNA Damage Response,DNA,DNA repair,Chemo
NCI-H226,TOP2,Doxorubicin,3.0,0.03,3.0,1.2181448,0.32999186,0.008364852,1.2440558,0.0,25.39046,lung_NSCLC_squamous_cell_carcinoma,MSS/MSI-L,Adherent,TOP2*;PRKDC,DNA repair,DNA Damage Response,TOP*;DNMT1,DNA repair,Chemo
CAL-51,PIK3CB_PIK3CD,ALK_IGFR,1.0,1.0,0.017369433,1.4439022,87.85463564,1.0,1.0159478,56.38492852,9.015093,breast,MSS/MSI-L,Adherent,PIK3CB;PIK3CD,Oncogenic signal,AKT/PI3K,ALK;IGF*R,Oncogenic signal,AKT/PI3K
HCC1419,EGFR_2,AKT_1,3.0,3.0,0.52847393,1.5248397,36.90457236,0.132235477,1.0148686,32.72511597,32.55876,breast,MSS/MSI-L,Adherent,EGFR,Oncogenic signal,RTK,AKT*,Oncogenic signal,AKT/PI3K
M14,TNKS_PARP6,MTOR_1,1.0,1.0,0.00466557,1.1404522,16.66296234,1.0,0.8375691,22.41421242,10.64825,melanoma,MSS/MSI-L,Adherent,TNKS;PARP6,Oncogenic signal,Cell Cycle,MTOR,Oncogenic signal,AKT/PI3K
MDA-MB-231,ALK_IGFR,AKT,1.0,1.0,1.0,10.0,88.000052,1.0,10.0,79.60011829,10.79615,breast,MSS/MSI-L,Adherent,ALK;IGF*R,Oncogenic signal,AKT/PI3K,AKT1;AKT2;AKT3,Oncogenic signal,AKT/PI3K
CAL-51,PIK3C,MAP2K_1,1.0,1.0,0.727994255,0.8596801,0.0,1.0,0.514608,72.17229814,3.595994,breast,MSS/MSI-L,Adherent,PIK3C*,Oncogenic signal,AKT/PI3K,MAP2K1;MAP2K2,Oncogenic signal,MAPK
NCI-H520,MAP2K_3,BRAF_M2,0.3,3.0,0.073056106,3.2201224,82.00749108,1.0,0.0,100.0,104.7569,lung_NSCLC_squamous_cell_carcinoma,MSS/MSI-L,Adherent,MAP2K*,Oncogenic signal,MAPK,BRAF_V600E,Oncogenic signal,MAPK
NCI-H2085,EGFR_2,ALK,1.0,3.0,0.10644861,0.7679748,53.32844048,0.993165393,1.3435483,0.0,27.82958,lung_NSCLC_adenocarcinoma,MSS/MSI-L,Adherent,EGFR,Oncogenic signal,RTK,ALK,Oncogenic signal,AKT/PI3K
HCC1806,MTOR_1,FGFR,1.0,1.0,0.238277968,2.0989103,13.83179252,1.0,0.0,100.0,17.79513,breast,MSS/MSI-L,Adherent,MTOR,Oncogenic signal,AKT/PI3K,FGFR1;FGFR2;FGFR3,Oncogenic signal,RTK
NCI-H1437,MTOR_1,ALK,3.0,3.0,0.267883778,0.9341663,2.58958311,0.629796019,1.0812882,0.0,32.38921,lung_NSCLC_adenocarcinoma,MSS/MSI-L,Adherent,MTOR,Oncogenic signal,AKT/PI3K,ALK,Oncogenic signal,AKT/PI3K
MDA-MB-157,FGFR,ESR1,1.0,1.0,0.028120129,1.2404934,33.26129402,1.0,0.0,100.0,1.102474,breast,MSS/MSI-L,Adherent,FGFR1;FGFR2;FGFR3,Oncogenic signal,RTK,ESR1,Oncogenic signal,Hormonal
NCI-H3122,Topotecan,BCL2,0.1,3.0,0.030102936,2.5604501,2.68553324,0.278723858,10.0,78.99933576,8.200452,lung_NSCLC_adenocarcinoma,MSS/MSI-L,Adherent,TOP1;TOP1MT;DNA,DNA repair,Chemo,BCL2,Cell death,Apoptosis
NCI-H1437,Topotecan,PIK3CB,0.1,3.0,0.010424614,10.0,59.99964807,3.0,0.3252236,46.3086922,-0.8879135,lung_NSCLC_adenocarcinoma,MSS/MSI-L,Adherent,TOP1;TOP1MT;DNA,DNA repair,Chemo,PIK3CB,Oncogenic signal,AKT/PI3K
NCI-H1975,TNFSF10,CSNK2A1_2,0.03,0.03,0.002860382,10.0,36.29969256,0.022521636,2.625828,0.0,-4.659912,lung_NSCLC_adenocarcinoma,MSS/MSI-L,Adherent,TNFSF10,Cell death,Apoptosis,CSNK2A1,Oncogenic signal,STK
HCC70,FGFR,ADAM17,1.0,75.0,1.0,0.0,100.0,1.0,0.0,100.0,-14.909,breast,MSS/MSI-L,Adherent,FGFR1;FGFR2;FGFR3,Oncogenic signal,RTK,ADAM17,Differentiation,EMT/migration
NCI-H1563,Topotecan,IAP,0.1,1.0,0.079910248,1.1437729,0.0,0.009004066,1.3328242,19.49754964,10.63782,lung_NSCLC_adenocarcinoma,MSS/MSI-L,Adherent,TOP1;TOP1MT;DNA,DNA repair,Chemo,NIAP;XIAP;BIRC2;BIRC3,Cell death,Apoptosis
CAL-148,ALK_IGFR,AKT_1,1.0,1.0,1.0,0.0,100.0,0.254794125,1.289387,12.98072386,-9.584415,breast,MSS/MSI-L,Suspension,ALK;IGF*R,Oncogenic signal,AKT/PI3K,AKT*,Oncogenic signal,AKT/PI3K
UM-UC-3,Cisplatin,AKT,3.0,3.0,1.328584618,2.5365067,0.0,1.085111181,10.0,87.59952288,25.82214,Bladder,MSS/MSI-L,Adherent,DNA,DNA repair,Chemo,AKT1;AKT2;AKT3,Oncogenic signal,AKT/PI3K
Hs-578-T,FGFR,ERBB,1.0,1.0,0.0001,0.1,82.81528786,0.0001,0.1,89.84287612,29.89334,breast,MSS/MSI-L,Adherent,FGFR1;FGFR2;FGFR3,Oncogenic signal,RTK,EGFR;ERBB*,Oncogenic signal,RTK
M14,MAP2K_1,ATR_4,1.0,1.0,0.154025627,0.8241225,14.55973144,0.300080531,10.0,24.69948672,-28.62173,melanoma,MSS/MSI-L,Adherent,MAP2K1;MAP2K2,Oncogenic signal,MAPK,ATR,DNA repair,DNA Damage Response
NCI-H1793,PIK3CA_3,IAP,3.0,3.0,1.442200364,2.4313338,64.2446663,3.0,0.4794537,39.3913988,48.23978,lung_NSCLC_adenocarcinoma,MSS/MSI-L,Adherent,PIK3CA,Oncogenic signal,AKT/PI3K,NIAP;XIAP;BIRC2;BIRC3,Cell death,Apoptosis
HCC1143,PIK3C,MAP2K_1,1.0,1.0,0.157909735,1.1986159,47.15453676,0.032792819,0.7784497,48.20007183,38.74999,breast,MSS/MSI-L,Adherent,PIK3C*,Oncogenic signal,AKT/PI3K,MAP2K1;MAP2K2,Oncogenic signal,MAPK
HCC1143,PIP5K1,PIK3C,1.0,1.0,1.0,0.0,100.0,0.255427104,1.4558132,53.42704944,-14.7664,breast,MSS/MSI-L,Adherent,PIP5K1*,Metabolism,Metabolism,PIK3C*,Oncogenic signal,AKT/PI3K
HCC70,BCL2_BCL2L1,ADAM17,1.0,75.0,1.0,0.0,100.0,1.0,0.0,100.0,-12.64301,breast,MSS/MSI-L,Adherent,BCL2;BCL2L1,Cell death,Apoptosis,ADAM17,Differentiation,EMT/migration
LS-513,PIK3C,IAP,10.0,1.0,0.788001586,1.3110564,5.34831716,0.529813479,0.8289221,79.22602686,12.44345,large_intestine,MSS/MSI-L,Adherent,PIK3C*,Oncogenic signal,AKT/PI3K,NIAP;XIAP;BIRC2;BIRC3,Cell death,Apoptosis
HT-1376,MTOR_1,MAP2K_1,3.0,3.0,0.540872404,2.364109,22.46558058,3.0,0.3605856,4.60987415,16.375,Bladder,MSS/MSI-L,Adherent,MTOR,Oncogenic signal,AKT/PI3K,MAP2K1;MAP2K2,Oncogenic signal,MAPK
MDA-MB-157,EGFR_2,AKT_1,3.0,3.0,0.15452273,0.5560898,81.99087528,3.0,0.1897573,51.00763433,19.67055,breast,MSS/MSI-L,Adherent,EGFR,Oncogenic signal,RTK,AKT*,Oncogenic signal,AKT/PI3K
MDA-MB-436,BCL2_2,AKT_1,3.0,3.0,3.0,0.8493679,49.36976889,3.0,0.4867239,45.45385685,16.67653,breast,MSS/MSI-L,Adherent,BCL2,Cell death,Apoptosis,AKT*,Oncogenic signal,AKT/PI3K
HCC1395,PIK3C_2,AKT_1,1.0,1.0,0.343621193,10.0,52.59890869,0.324677791,1.0673983,35.48351248,3.220078,breast,MSS/MSI-L,Adherent,PIK3C*,Oncogenic signal,AKT/PI3K,AKT*,Oncogenic signal,AKT/PI3K
NCI-H1563,Vinorelbine,IAP,0.03,1.0,0.03,1.8213704,31.7661959,0.010354735,0.9602846,16.18455829,4.970321,lung_NSCLC_adenocarcinoma,MSS/MSI-L,Adherent,microtubule;TUBB,DNA repair,Chemo,NIAP;XIAP;BIRC2;BIRC3,Cell death,Apoptosis
NCI-H747,JAK,IAP,3.0,1.0,1.339340206,2.2018972,33.0081423,0.397992597,0.2358632,0.0,5.876439,large_intestine,MSS/MSI-L,Adherent,JAK1;JAK2,Oncogenic signal,Cell Cycle,NIAP;XIAP;BIRC2;BIRC3,Cell death,Apoptosis
NCI-H3122,PIK3C,IAP,1.0,0.3,0.331228187,10.0,60.49931778,0.3,0.4244365,55.30878714,-18.68578,lung_NSCLC_adenocarcinoma,MSS/MSI-L,Adherent,PIK3C*,Oncogenic signal,AKT/PI3K,NIAP;XIAP;BIRC2;BIRC3,Cell death,Apoptosis
NCI-H838,TOP2_2,IAP,1.0,1.0,0.304687891,1.837165,0.0,0.00562715,0.5990922,15.41914141,15.98954,lung_NSCLC_adenocarcinoma,MSS/MSI-L,Adherent,TOP2*,DNA repair,Chemo,NIAP;XIAP;BIRC2;BIRC3,Cell death,Apoptosis
SW620,Oxaliplatin,IAP,10.0,1.0,0.600120693,1.4700994,2.52487912,1.0,0.0,100.0,31.14553,large_intestine,MSS/MSI-L,Adherent,DNA,DNA repair,Chemo,NIAP;XIAP;BIRC2;BIRC3,Cell death,Apoptosis
NCI-H2228,Gemcitabine,CSNK2A1_2,0.03,0.1,0.00299526,1.4151096,4.74491973,0.060909505,1.1126927,0.0,21.12582,lung_NSCLC_adenocarcinoma,MSS/MSI-L,Adherent,DNA;RRM1;TYMS;CMPK1,Cell death,Chemo,CSNK2A1,Oncogenic signal,STK
HCC1187,PIK3C,MTOR_1,1.0,1.0,0.206898764,2.4981578,23.79949267,0.266142031,10.0,10.29872466,0.22879,breast,MSS/MSI-L,Suspension,PIK3C*,Oncogenic signal,AKT/PI3K,MTOR,Oncogenic signal,AKT/PI3K
HCC1395,MAP2K_1,BCL2_BCL2L1,1.0,1.0,0.043281137,1.8604483,85.30959752,1.0,0.0,100.0,-2.01211,breast,MSS/MSI-L,Adherent,MAP2K1;MAP2K2,Oncogenic signal,MAPK,BCL2;BCL2L1,Cell death,Apoptosis
MDA-MB-361,FGFR,Chloroquine,1.0,1.0,0.284629718,10.0,89.49984698,0.316434115,10.0,88.09987617,-5.803738,breast,MSS/MSI-L,Adherent,FGFR1;FGFR2;FGFR3,Oncogenic signal,RTK,Thiamine,other,other
CAL-51,PIM1,BCL2_BCL2L1,1.0,1.0,1.0,1.165853,80.28393579,0.220973263,10.0,90.58925047,14.90566,breast,MSS/MSI-L,Adherent,PIM1,Oncogenic signal,STK,BCL2;BCL2L1,Cell death,Apoptosis
NCI-H520,Topotecan,PIK3CB,0.03,3.0,0.023953514,0.8072579,0.0,1.099496313,0.4332766,0.0,10.65701,lung_NSCLC_squamous_cell_carcinoma,MSS/MSI-L,Adherent,TOP1;TOP1MT;DNA,DNA repair,Chemo,PIK3CB,Oncogenic signal,AKT/PI3K
MDA-MB-157,ERBB,AKT,1.0,1.0,1.0,0.914037,62.31414444,0.274666544,10.0,83.59979173,50.51452,breast,MSS/MSI-L,Adherent,EGFR;ERBB*,Oncogenic signal,RTK,AKT1;AKT2;AKT3,Oncogenic signal,AKT/PI3K
BT-549,MTOR_1,ESR1,1.0,1.0,0.517856842,0.8492211,0.0,1.0,0.0,100.0,6.927788,breast,MSS/MSI-L,Adherent,MTOR,Oncogenic signal,AKT/PI3K,ESR1,Oncogenic signal,Hormonal
MDA-MB-436,PIK3CA_4,PIK3C_2,1.0,1.0,0.230302212,10.0,89.19194698,0.93740465,1.7018062,9.77915323,-1.91057,breast,MSS/MSI-L,Adherent,PIK3CA,Oncogenic signal,AKT/PI3K,PIK3C*,Oncogenic signal,AKT/PI3K
M14,PIK3C_2,AKT,1.0,1.0,0.312935365,10.0,64.89966565,0.233881403,1.2693363,20.41684793,12.29004,melanoma,MSS/MSI-L,Adherent,PIK3C*,Oncogenic signal,AKT/PI3K,AKT1;AKT2;AKT3,Oncogenic signal,AKT/PI3K
BFTC-905,PARP1,EG5,3.0,0.003,3.0,0.4443207,36.67638997,0.002290734,2.9691223,0.0,-2.88879,Bladder,MSS/MSI-L,Adherent,PARP1,DNA repair,DNA Damage Response,KIF11,Differentiation,EMT/migration
NCI-H747,MAP2K_1,BCL2,3.0,3.0,0.075656972,0.8743344,32.23323583,1.4498818,1.1049575,0.0,23.4814,large_intestine,MSS/MSI-L,Adherent,MAP2K1;MAP2K2,Oncogenic signal,MAPK,BCL2,Cell death,Apoptosis
Hs-578-T,FGFR,BCL2_BCL2L1,1.0,1.0,1.0,0.0,100.0,0.11967377,10.0,76.75004669,11.37323,breast,MSS/MSI-L,Adherent,FGFR1;FGFR2;FGFR3,Oncogenic signal,RTK,BCL2;BCL2L1,Cell death,Apoptosis
HCC1806,PIK3C,MTOR_1,1.0,1.0,0.298389985,10.0,10.79949328,0.173687146,1.9597845,5.74255102,4.259804,breast,MSS/MSI-L,Adherent,PIK3C*,Oncogenic signal,AKT/PI3K,MTOR,Oncogenic signal,AKT/PI3K
CAL-120,PIK3CB_PIK3CD,ADAM17,1.0,75.0,0.15269867,3.6810956,67.93705883,1.0,0.0,100.0,8.763481,breast,MSS/MSI-L,Adherent,PIK3CB;PIK3CD,Oncogenic signal,AKT/PI3K,ADAM17,Differentiation,EMT/migration
NCI-H838,MAP2K_1,BRAF_M,3.0,3.0,3.0,0.2802032,45.08725923,0.316450881,10.0,5.84948487,0.3022262,lung_NSCLC_adenocarcinoma,MSS/MSI-L,Adherent,MAP2K1;MAP2K2,Oncogenic signal,MAPK,BRAF_mut,Oncogenic signal,MAPK
NCI-H2228,EGFR_2,ALK,1.0,3.0,1.0,0.1486843,19.28137991,0.030696499,0.8487233,0.0,4.356899,lung_NSCLC_adenocarcinoma,MSS/MSI-L,Adherent,EGFR,Oncogenic signal,RTK,ALK,Oncogenic signal,AKT/PI3K
NCI-H358,IAP,ATR_4,3.0,3.0,0.000300027,6.7577082,89.64000002,3.0,2.5244243,47.20078136,25.45322,lung_NSCLC_adenocarcinoma,MSS/MSI-L,Adherent,NIAP;XIAP;BIRC2;BIRC3,Cell death,Apoptosis,ATR,DNA repair,DNA Damage Response
CAMA-1,PIK3CA_4,MTOR_1,1.0,1.0,1.0,10.0,87.20006368,0.348273739,1.7101563,13.64855651,-13.79611,breast,MSS/MSI-L,Adherent,PIK3CA,Oncogenic signal,AKT/PI3K,MTOR,Oncogenic signal,AKT/PI3K
NCI-H358,PIK3CA_3,IAP,3.0,3.0,3.0,0.5433108,58.07770533,0.0003,0.1,79.39336198,32.11703,lung_NSCLC_adenocarcinoma,MSS/MSI-L,Adherent,PIK3CA,Oncogenic signal,AKT/PI3K,NIAP;XIAP;BIRC2;BIRC3,Cell death,Apoptosis
Hs-578-T,PIM1,BCL2_BCL2L1,1.0,1.0,0.315439039,10.0,82.49976219,0.308644181,10.0,84.39980659,22.63242,breast,MSS/MSI-L,Adherent,PIM1,Oncogenic signal,STK,BCL2;BCL2L1,Cell death,Apoptosis
UM-UC-3,MTOR_1,ERBB,1.0,3.0,1.0,2.4184698,49.81924735,3.0,2.059864,64.60486962,7.152024,Bladder,MSS/MSI-L,Adherent,MTOR,Oncogenic signal,AKT/PI3K,EGFR;ERBB*,Oncogenic signal,RTK
CAMA-1,MTOR_1,FASN,1.0,1.0,0.470557415,1.3471089,8.64839115,0.098652616,10.0,87.44991108,-4.274192,breast,MSS/MSI-L,Adherent,MTOR,Oncogenic signal,AKT/PI3K,FASN,Metabolism,Metabolism
COLO-205,PIK3C,IAP,10.0,1.0,0.936699158,1.3377297,8.66735622,0.031022572,10.0,72.89995731,27.19579,large_intestine,MSS/MSI-L,Suspension,PIK3C*,Oncogenic signal,AKT/PI3K,NIAP;XIAP;BIRC2;BIRC3,Cell death,Apoptosis
HCT-116,MAP2K_1,BRAF_M,3.0,3.0,0.284522653,1.9434147,13.85456966,3.0,10.0,82.60069103,-70.72998,large_intestine,MSI-H,Adherent,MAP2K1;MAP2K2,Oncogenic signal,MAPK,BRAF_mut,Oncogenic signal,MAPK
MFM-223,PIP5K1,MAP2K_1,1.0,1.0,0.159551864,10.0,74.06940968,1.0,0.0,100.0,-41.00462,breast,MSS/MSI-L,Adherent,PIP5K1*,Metabolism,Metabolism,MAP2K1;MAP2K2,Oncogenic signal,MAPK
Hs-578-T,PIK3CA_4,MTOR_1,1.0,1.0,1.0,10.0,59.80002385,0.232330053,1.6652657,20.2180444,44.36827,breast,MSS/MSI-L,Adherent,PIK3CA,Oncogenic signal,AKT/PI3K,MTOR,Oncogenic signal,AKT/PI3K
HCC70,TNKS_PARP6,PIK3CB_PIK3CD,1.0,1.0,0.075813317,1.3743814,30.1038923,0.115925137,0.9784021,0.0,29.35915,breast,MSS/MSI-L,Adherent,TNKS;PARP6,Oncogenic signal,Cell Cycle,PIK3CB;PIK3CD,Oncogenic signal,AKT/PI3K
HT-1376,MAP2K_1,ATR_4,3.0,3.0,0.028842334,10.0,49.42495078,0.930183866,0.737207,0.0,-3.189221,Bladder,MSS/MSI-L,Adherent,MAP2K1;MAP2K2,Oncogenic signal,MAPK,ATR,DNA repair,DNA Damage Response
SW948,MAP2K_1,BCL2,3.0,3.0,0.241826515,0.7069275,0.0,1.673056149,3.1157154,39.68635761,57.30354,large_intestine,MSS/MSI-L,Adherent,MAP2K1;MAP2K2,Oncogenic signal,MAPK,BCL2,Cell death,Apoptosis
CAL-148,MAP2K_1,AKT_SGK,1.0,1.0,0.0001,0.1,87.76962574,0.082891092,1.0564724,0.0,6.673409,breast,MSS/MSI-L,Suspension,MAP2K1;MAP2K2,Oncogenic signal,MAPK,AKT*;SGK*,Oncogenic signal,AKT/PI3K
HCC1500,MTOR_1,ESR1_3,1.0,1.0,0.070321886,1.2454405,6.67130253,0.018874078,1.3595734,9.34196997,25.79427,breast,MSS/MSI-L,Adherent,MTOR,Oncogenic signal,AKT/PI3K,ESR1,Oncogenic signal,Hormonal
DU-4475,MAP2K_1,FASN,1.0,1.0,0.028250627,1.7290652,0.0,1.0,10.0,87.80010851,16.54753,breast,MSS/MSI-L,Suspension,MAP2K1;MAP2K2,Oncogenic signal,MAPK,FASN,Metabolism,Metabolism
BFTC-905,PIK3C,HSP90,3.0,3.0,0.934167723,0.802275,3.66823533,0.078276155,1.6320232,0.0,0.2369303,Bladder,MSS/MSI-L,Adherent,PIK3C*,Oncogenic signal,AKT/PI3K,HSP90AA1,Cell death,Apoptosis
M14,PIK3C,PARP1,1.0,3.0,0.339109153,10.0,65.19926718,1.323312592,0.9703824,8.43994689,48.7638,melanoma,MSS/MSI-L,Adherent,PIK3C*,Oncogenic signal,AKT/PI3K,PARP1,DNA repair,DNA Damage Response
NCI-H1975,PIK3C,IAP,3.0,3.0,0.512136654,1.0369947,0.0,3.0,0.2250203,9.19538443,26.36774,lung_NSCLC_adenocarcinoma,MSS/MSI-L,Adherent,PIK3C*,Oncogenic signal,AKT/PI3K,NIAP;XIAP;BIRC2;BIRC3,Cell death,Apoptosis
NCI-H1703,TNFSF10,CSNK2A1_2,0.03,0.1,0.03,1.5606355,40.2394294,0.010824933,3.520778,12.57884644,8.080934,lung_NSCLC_adenocarcinoma,MSS/MSI-L,Adherent,TNFSF10,Cell death,Apoptosis,CSNK2A1,Oncogenic signal,STK
647-V,FGFR,AKT,3.0,3.0,1.0,0.0,100.0,0.660360558,1.7819472,7.3889885,-41.87943,Bladder,MSS/MSI-L,Adherent,FGFR1;FGFR2;FGFR3,Oncogenic signal,RTK,AKT1;AKT2;AKT3,Oncogenic signal,AKT/PI3K
HCC1937,BCL2_BCL2L1,AKT_SGK,1.0,1.0,1.0,0.8117676,38.41623391,0.431293909,0.8893073,56.90692481,10.80878,breast,MSS/MSI-L,Adherent,BCL2;BCL2L1,Cell death,Apoptosis,AKT*;SGK*,Oncogenic signal,AKT/PI3K
HCC1428,PIK3CB_PIK3CD,AKT_1,1.0,1.0,1.0,10.0,89.00002127,0.129026094,10.0,86.14882709,-6.811293,breast,MSS/MSI-L,Adherent,PIK3CB;PIK3CD,Oncogenic signal,AKT/PI3K,AKT*,Oncogenic signal,AKT/PI3K
BFTC-905,HDAC_4,AKT,3.0,3.0,0.555464265,2.7612569,19.39350323,0.301713897,10.0,50.79976644,2.133099,Bladder,MSS/MSI-L,Adherent,HDAC*,Differentiation,Epigenetic,AKT1;AKT2;AKT3,Oncogenic signal,AKT/PI3K
NCI-H23,MAP2K_3,BRAF_M2,0.3,3.0,0.014097569,0.6600921,12.11441147,1.100857846,10.0,63.49837999,92.25702,lung_NSCLC_adenocarcinoma,MSS/MSI-L,Adherent,MAP2K*,Oncogenic signal,MAPK,BRAF_V600E,Oncogenic signal,MAPK
NCI-H2085,TOP2,Doxorubicin,3.0,0.3,0.187072872,2.1330093,15.01029304,0.048282085,0.6751033,0.0,-13.21129,lung_NSCLC_adenocarcinoma,MSS/MSI-L,Adherent,TOP2*;PRKDC,DNA repair,DNA Damage Response,TOP*;DNMT1,DNA repair,Chemo
BT-20,BCL2_BCL2L1,ATR_4,1.0,1.0,1.0,1.5084627,51.97322617,1.0,1.639254,12.62801599,-1.163531,breast,MSS/MSI-L,Adherent,BCL2;BCL2L1,Cell death,Apoptosis,ATR,DNA repair,DNA Damage Response
MDA-MB-436,PIP5K1,PIK3C,1.0,1.0,1.0,0.0,100.0,0.240874937,2.2195488,51.56463225,-10.67725,breast,MSS/MSI-L,Adherent,PIP5K1*,Metabolism,Metabolism,PIK3C*,Oncogenic signal,AKT/PI3K
TCCSUP,FGFR,ERBB,3.0,3.0,0.028615324,1.4135942,53.88280651,0.0003,0.1,80.36583134,61.15807,Bladder,MSS/MSI-L,Adherent,FGFR1;FGFR2;FGFR3,Oncogenic signal,RTK,EGFR;ERBB*,Oncogenic signal,RTK
MDA-MB-468,AKT,ADAM17,1.0,75.0,0.509420365,0.9414944,26.82775893,7.328495755,10.0,94.79989665,29.50474,breast,MSS/MSI-L,Adherent,AKT1;AKT2;AKT3,Oncogenic signal,AKT/PI3K,ADAM17,Differentiation,EMT/migration
MDA-MB-453,SLC16A4,BCL2_BCL2L1,1.0,1.0,1.0,0.0,100.0,0.311357511,10.0,70.59973146,2.552621,breast,MSS/MSI-L,Adherent,SLC16A3;SLC16A4,Metabolism,Metabolism,BCL2;BCL2L1,Cell death,Apoptosis
MFM-223,FGFR,BCL2_BCL2L1,1.0,1.0,0.131323355,0.5010467,1.12229399,0.446355277,1.3680641,54.25452977,27.89164,breast,MSS/MSI-L,Adherent,FGFR1;FGFR2;FGFR3,Oncogenic signal,RTK,BCL2;BCL2L1,Cell death,Apoptosis
647-V,HDAC_4,Cisplatin,3.0,3.0,1.18962648,1.5965713,0.0,1.238738139,3.0092165,0.0,10.04104,Bladder,MSS/MSI-L,Adherent,HDAC*,Differentiation,Epigenetic,DNA,DNA repair,Chemo
UM-UC-3,Gemcitabine,ATM,0.1,3.0,0.009585671,2.8608157,1.51434602,0.942662984,10.0,76.99978034,5.74571,Bladder,MSS/MSI-L,Adherent,DNA;RRM1;TYMS;CMPK1,Cell death,Chemo,ATM,DNA repair,DNA Damage Response
NCI-H520,IAP,ATR_4,3.0,3.0,0.00476335,0.2488539,87.30378473,1.645977964,1.5052757,55.34145266,-5.013119,lung_NSCLC_squamous_cell_carcinoma,MSS/MSI-L,Adherent,NIAP;XIAP;BIRC2;BIRC3,Cell death,Apoptosis,ATR,DNA repair,DNA Damage Response
T47D,Proteasome_2,FGFR,1.0,1.0,0.009713884,2.767486,17.31750405,1.0,0.0,100.0,-5.235631,breast,MSS/MSI-L,Adherent,Proteasome,Cell death,Apoptosis,FGFR1;FGFR2;FGFR3,Oncogenic signal,RTK
Calu-3,PIK3CB,ALK_2,3.0,3.0,0.0259327,10.0,94.57500091,2.639002441,2.7549523,0.0,-21.13922,lung_NSCLC_adenocarcinoma,MSS/MSI-L,Adherent,PIK3CB,Oncogenic signal,AKT/PI3K,ALK,Oncogenic signal,RTK
HCC1419,MTOR_3,FGFR,1.0,1.0,0.009074041,10.0,60.02494209,1.0,0.0,100.0,-13.82901,breast,MSS/MSI-L,Adherent,MTOR,Oncogenic signal,AKT/PI3K,FGFR1;FGFR2;FGFR3,Oncogenic signal,RTK
EVSA-T,CarboTaxol,ATR_4,0.1,3.0,0.018309175,4.9254724,6.77536097,3.0,0.3310061,67.84982621,42.2006,breast,MSS/MSI-L,Adherent,DNA,DNA repair,Chemo,ATR,DNA repair,DNA Damage Response
MDA-MB-157,MAP2K_1,BRAF_M2,3.0,3.0,0.038248388,0.3330532,53.6672819,0.024989635,0.1,63.24419994,30.16716,breast,MSS/MSI-L,Adherent,MAP2K1;MAP2K2,Oncogenic signal,MAPK,BRAF_V600E,Oncogenic signal,MAPK
HCC1143,MTOR_1,ATR_4,1.0,1.0,0.859207529,1.0666034,0.0,0.385841625,10.0,37.0953991,-45.79893,breast,MSS/MSI-L,Adherent,MTOR,Oncogenic signal,AKT/PI3K,ATR,DNA repair,DNA Damage Response
NCI-H838,TOP2,ALK_2,3.0,3.0,2.061350586,1.5962301,0.0,2.763213985,0.792224,0.0,88.16166,lung_NSCLC_adenocarcinoma,MSS/MSI-L,Adherent,TOP2*;PRKDC,DNA repair,DNA Damage Response,ALK,Oncogenic signal,RTK
KMS-11,PIK3C_MTOR,FGFR,1.0,0.03,1.0,0.0,100.0,0.016754481,2.1685799,27.03077135,-17.36994,myeloma,,Suspension,PIK3C*;MTOR,Oncogenic signal,AKT/PI3K,FGFR1;FGFR2;FGFR3,Oncogenic signal,RTK
MDA-MB-453,SLC16A4,PIK3CB_PIK3CD,1.0,1.0,1.0,10.0,87.80008248,0.344676493,1.0610289,22.72404525,42.38326,breast,MSS/MSI-L,Adherent,SLC16A3;SLC16A4,Metabolism,Metabolism,PIK3CB;PIK3CD,Oncogenic signal,AKT/PI3K
HCC1937,MTOR_1,ADAM17,1.0,75.0,0.646639227,1.6203179,68.19238653,75.0,0.5741982,92.77803539,22.90231,breast,MSS/MSI-L,Adherent,MTOR,Oncogenic signal,AKT/PI3K,ADAM17,Differentiation,EMT/migration
NCI-H1793,Vinorelbine,BCL2_2,0.1,3.0,0.019326975,4.545505,15.16179042,3.0,10.0,87.60023049,18.78018,lung_NSCLC_adenocarcinoma,MSS/MSI-L,Adherent,microtubule;TUBB,DNA repair,Chemo,BCL2,Cell death,Apoptosis
M14,MAP2K_1,BCL2_BCL2L1,1.0,1.0,0.26702757,0.6987678,0.0,0.083722364,0.5565502,0.0,33.06074,melanoma,MSS/MSI-L,Adherent,MAP2K1;MAP2K2,Oncogenic signal,MAPK,BCL2;BCL2L1,Cell death,Apoptosis
HT-1197,MAP2K_1,ERBB,1.0,3.0,1.0,0.802278,67.97284183,1.0,0.0,100.0,-0.2337827,Bladder,MSS/MSI-L,Adherent,MAP2K1;MAP2K2,Oncogenic signal,MAPK,EGFR;ERBB*,Oncogenic signal,RTK
SW780,TNFSF10,PIK3C,0.03,3.0,0.004706335,3.1916708,0.27527852,3.0,10.0,91.60087376,-0.8083333,Bladder,MSS/MSI-L,Adherent,TNFSF10,Cell death,Apoptosis,PIK3C*,Oncogenic signal,AKT/PI3K
J82,ERBB,AKT,3.0,3.0,0.0003,0.1,86.13549347,1.505053852,0.7122453,0.0,23.4819,Bladder,MSS/MSI-L,Adherent,EGFR;ERBB*,Oncogenic signal,RTK,AKT1;AKT2;AKT3,Oncogenic signal,AKT/PI3K
HT-1197,MTOR_1,ERBB,3.0,3.0,0.285330744,10.0,57.44973408,1.0,0.0,100.0,-11.10421,Bladder,MSS/MSI-L,Adherent,MTOR,Oncogenic signal,AKT/PI3K,EGFR;ERBB*,Oncogenic signal,RTK
HCC70,PIP5K1,PIK3CB_PIK3CD,1.0,1.0,1.0,0.0,100.0,0.121170468,0.8590589,0.0,-0.02725364,breast,MSS/MSI-L,Adherent,PIP5K1*,Metabolism,Metabolism,PIK3CB;PIK3CD,Oncogenic signal,AKT/PI3K
MDA-MB-415,PIK3C,MTOR_1,3.0,1.0,2.362644736,1.3819835,0.0,0.063262363,1.4092082,19.90223707,5.473187,breast,MSS/MSI-L,Adherent,PIK3C*,Oncogenic signal,AKT/PI3K,MTOR,Oncogenic signal,AKT/PI3K
NCI-H1299,PIK3CB,ALK_2,3.0,3.0,3.0,10.0,66.80006775,2.762249301,1.7376209,0.0,73.89278,lung_NSCLC_large cell,MSS/MSI-L,Adherent,PIK3CB,Oncogenic signal,AKT/PI3K,ALK,Oncogenic signal,RTK
BT-549,PIK3CA_4,ERBB,1.0,1.0,0.230691507,2.1474767,79.2439519,0.302351484,10.0,84.5998192,-10.93652,breast,MSS/MSI-L,Adherent,PIK3CA,Oncogenic signal,AKT/PI3K,EGFR;ERBB*,Oncogenic signal,RTK
647-V,HDAC_4,AKT,3.0,3.0,1.059098685,10.0,29.4978751,0.805730748,1.508783,5.37672688,-6.306007,Bladder,MSS/MSI-L,Adherent,HDAC*,Differentiation,Epigenetic,AKT1;AKT2;AKT3,Oncogenic signal,AKT/PI3K
HCC1937,AKT_1,AKT,1.0,1.0,0.173163739,2.0567239,77.21261732,0.114822296,1.2772776,70.87526634,2.248126,breast,MSS/MSI-L,Adherent,AKT*,Oncogenic signal,AKT/PI3K,AKT1;AKT2;AKT3,Oncogenic signal,AKT/PI3K
MDA-MB-436,FGFR,ADAM17,1.0,75.0,1.0,3.0097488,82.01368751,2.089503643,2.383122,94.16472965,-18.15411,breast,MSS/MSI-L,Adherent,FGFR1;FGFR2;FGFR3,Oncogenic signal,RTK,ADAM17,Differentiation,EMT/migration
BFTC-905,FGFR,ERBB,3.0,3.0,3.0,1.8745387,30.1975861,0.451674504,1.0587317,74.41406384,-3.038133,Bladder,MSS/MSI-L,Adherent,FGFR1;FGFR2;FGFR3,Oncogenic signal,RTK,EGFR;ERBB*,Oncogenic signal,RTK
SW900,PIK3CB,ALK_2,3.0,3.0,3.0,0.5429131,26.99161588,1.591356871,0.5968774,0.0,50.262,lung_NSCLC_squamous_cell_carcinoma,MSS/MSI-L,Adherent,PIK3CB,Oncogenic signal,AKT/PI3K,ALK,Oncogenic signal,RTK
BT-474,EGFR_2,AKT_1,1.0,1.0,0.137810888,1.4365156,10.36992065,0.183729034,1.2067246,0.0,43.64678,breast,MSS/MSI-L,Adherent,EGFR,Oncogenic signal,RTK,AKT*,Oncogenic signal,AKT/PI3K
MDA-MB-436,PIK3C,PARP1,1.0,3.0,0.248268772,1.8737609,53.58403281,0.046719578,0.3671211,6.1643008,4.259663,breast,MSS/MSI-L,Adherent,PIK3C*,Oncogenic signal,AKT/PI3K,PARP1,DNA repair,DNA Damage Response
HCC38,AKT_1,AKT,1.0,1.0,0.037113822,10.0,90.59986225,1.0,10.0,79.80020331,-26.97995,breast,MSS/MSI-L,Adherent,AKT*,Oncogenic signal,AKT/PI3K,AKT1;AKT2;AKT3,Oncogenic signal,AKT/PI3K
MDA-MB-157,AKT,ADAM17,1.0,75.0,1.0,0.2156963,5.09535607,0.010219416,0.2279368,52.12146001,37.9003,breast,MSS/MSI-L,Adherent,AKT1;AKT2;AKT3,Oncogenic signal,AKT/PI3K,ADAM17,Differentiation,EMT/migration
BT-20,PIP5K1,AKT,1.0,1.0,1.0,1.4161971,63.70405287,1.0,1.3375422,47.29195611,31.56132,breast,MSS/MSI-L,Adherent,PIP5K1*,Metabolism,Metabolism,AKT1;AKT2;AKT3,Oncogenic signal,AKT/PI3K
MDA-MB-453,EGFR_2,AKT_1,3.0,3.0,3.0,0.5026929,47.18000323,0.595632323,0.9565002,23.13927708,16.69216,breast,MSS/MSI-L,Adherent,EGFR,Oncogenic signal,RTK,AKT*,Oncogenic signal,AKT/PI3K
NCI-H522,TNFSF10,CSNK2A1_2,0.03,0.03,0.03,0.5806547,62.64787189,0.004091227,2.6136937,2.97465606,34.45437,lung_NSCLC_adenocarcinoma,MSS/MSI-L,Adherent,TNFSF10,Cell death,Apoptosis,CSNK2A1,Oncogenic signal,STK
HCC1187,MAP2K_1,BRAF_M2,3.0,3.0,3.0,0.5658762,38.44513504,1.0,0.0,100.0,58.33042,breast,MSS/MSI-L,Suspension,MAP2K1;MAP2K2,Oncogenic signal,MAPK,BRAF_V600E,Oncogenic signal,MAPK
T47D,ERBB,AKT,3.0,3.0,3.0,0.404456,27.56679948,0.12829564,1.1304723,22.01044475,35.35149,breast,MSS/MSI-L,Adherent,EGFR;ERBB*,Oncogenic signal,RTK,AKT1;AKT2;AKT3,Oncogenic signal,AKT/PI3K
NCI-H1299,CSNK2A1_2,AKT,0.1,3.0,0.02575692,2.1506442,8.58905488,2.077351389,1.0183897,0.0,-2.862324,lung_NSCLC_large cell,MSS/MSI-L,Adherent,CSNK2A1,Oncogenic signal,STK,AKT1;AKT2;AKT3,Oncogenic signal,AKT/PI3K
SW900,CSNK2A1_2,Carboplatin,0.01,3.0,0.00292677,2.3930983,29.06902328,3.0,1.084225,4.23552643,-14.667,lung_NSCLC_squamous_cell_carcinoma,MSS/MSI-L,Adherent,CSNK2A1,Oncogenic signal,STK,DNA,DNA repair,Chemo
MFM-223,PIK3C,AKT_1,1.0,1.0,0.349564148,0.9560361,21.40405424,0.245337265,0.8134426,3.80159122,33.47378,breast,MSS/MSI-L,Adherent,PIK3C*,Oncogenic signal,AKT/PI3K,AKT*,Oncogenic signal,AKT/PI3K
MDA-MB-468,ERBB,AKT,1.0,1.0,1.0,10.0,82.00000479,0.310561393,10.0,45.6994919,74.66898,breast,MSS/MSI-L,Adherent,EGFR;ERBB*,Oncogenic signal,RTK,AKT1;AKT2;AKT3,Oncogenic signal,AKT/PI3K
M14,FGFR,AKT_SGK,1.0,1.0,0.014753529,10.0,93.5509447,0.26973353,10.0,77.39989697,-13.96688,melanoma,MSS/MSI-L,Adherent,FGFR1;FGFR2;FGFR3,Oncogenic signal,RTK,AKT*;SGK*,Oncogenic signal,AKT/PI3K
647-V,MAP2K_1,ATR_4,1.0,3.0,0.272450597,1.3621395,71.06182816,3.0,10.0,46.60001359,-7.10034,Bladder,MSS/MSI-L,Adherent,MAP2K1;MAP2K2,Oncogenic signal,MAPK,ATR,DNA repair,DNA Damage Response
HCC1395,PIM1,MAP2K_1,1.0,1.0,0.357659653,10.0,93.19976528,0.339275118,2.0197509,84.34628875,22.59671,breast,MSS/MSI-L,Adherent,PIM1,Oncogenic signal,STK,MAP2K1;MAP2K2,Oncogenic signal,MAPK
HCC1937,PIP5K1,PIK3C,1.0,1.0,1.0,0.3235158,84.80201258,1.0,0.6094843,29.74509319,0.8612791,breast,MSS/MSI-L,Adherent,PIP5K1*,Metabolism,Metabolism,PIK3C*,Oncogenic signal,AKT/PI3K
NCI-H2228,CSNK2A1_2,BCL2,0.1,3.0,0.035020176,0.460911,0.0,2.670649991,0.4192787,0.0,10.06462,lung_NSCLC_adenocarcinoma,MSS/MSI-L,Adherent,CSNK2A1,Oncogenic signal,STK,BCL2,Cell death,Apoptosis
Hs-578-T,PIK3CB_PIK3CD,PARP1,1.0,3.0,1.0,10.0,58.60034429,0.291168266,10.0,58.54968163,-26.43047,breast,MSS/MSI-L,Adherent,PIK3CB;PIK3CD,Oncogenic signal,AKT/PI3K,PARP1,DNA repair,DNA Damage Response
NCI-H1299,TNFSF10,CSNK2A1_2,0.03,0.1,1.0,0.0,100.0,0.030980553,1.6209322,0.0,0.04781795,lung_NSCLC_large cell,MSS/MSI-L,Adherent,TNFSF10,Cell death,Apoptosis,CSNK2A1,Oncogenic signal,STK
DU-4475,MTOR_1,ALK_IGFR,1.0,1.0,0.244233413,1.9828237,0.0,0.151446515,3.1370097,1.1258569,64.27822,breast,MSS/MSI-L,Suspension,MTOR,Oncogenic signal,AKT/PI3K,ALK;IGF*R,Oncogenic signal,AKT/PI3K
NCI-H838,CSNK2A1_2,CarboTaxol,0.1,0.01,0.009488482,2.6343486,4.09237937,0.001448544,3.6843486,3.29447593,-13.9775,lung_NSCLC_adenocarcinoma,MSS/MSI-L,Adherent,CSNK2A1,Oncogenic signal,STK,DNA,DNA repair,Chemo
BT-20,PIK3C,PARP1,1.0,3.0,0.798021795,0.7068277,0.0,3.0,0.334398,56.83461075,22.76175,breast,MSS/MSI-L,Adherent,PIK3C*,Oncogenic signal,AKT/PI3K,PARP1,DNA repair,DNA Damage Response
CAL-51,FASN,BCL2_BCL2L1,1.0,1.0,1.0,10.0,86.60003064,1.0,0.6350668,76.89840815,0.4551664,breast,MSS/MSI-L,Adherent,FASN,Metabolism,Metabolism,BCL2;BCL2L1,Cell death,Apoptosis
C32,PIK3CB,IAP,10.0,1.0,3.223478427,10.0,88.09985463,0.000333687,9.5746982,11.51999997,-2.214615,melanoma,MSS/MSI-L,Adherent,PIK3CB,Oncogenic signal,AKT/PI3K,NIAP;XIAP;BIRC2;BIRC3,Cell death,Apoptosis
HCC1187,MAP2K_1,AKT_SGK,1.0,1.0,0.095045116,5.3992182,52.84944632,0.29059368,0.9677593,25.88848796,37.06316,breast,MSS/MSI-L,Suspension,MAP2K1;MAP2K2,Oncogenic signal,MAPK,AKT*;SGK*,Oncogenic signal,AKT/PI3K
UM-UC-3,MTOR_1,FGFR,1.0,3.0,1.0,2.251449,33.85451181,0.206471665,0.6769013,91.4916465,-3.909162,Bladder,MSS/MSI-L,Adherent,MTOR,Oncogenic signal,AKT/PI3K,FGFR1;FGFR2;FGFR3,Oncogenic signal,RTK
M14,SLC16A4,PIK3CB_PIK3CD,1.0,1.0,1.0,0.0,100.0,0.484441953,1.1355824,0.0,22.98095,melanoma,MSS/MSI-L,Adherent,SLC16A3;SLC16A4,Metabolism,Metabolism,PIK3CB;PIK3CD,Oncogenic signal,AKT/PI3K
MDA-MB-361,MTOR_1,BCL2L1,1.0,3.0,0.14547154,0.9251514,32.38031123,0.205472711,0.7142685,54.61687576,36.53315,breast,MSS/MSI-L,Adherent,MTOR,Oncogenic signal,AKT/PI3K,BCL2L1,Cell death,Apoptosis
TCCSUP,MAP2K_1,ERBB,3.0,3.0,3.0,0.2435111,20.96653681,0.005517601,0.1,80.05402492,5.529834,Bladder,MSS/MSI-L,Adherent,MAP2K1;MAP2K2,Oncogenic signal,MAPK,EGFR;ERBB*,Oncogenic signal,RTK
EVSA-T,PIK3C,MAP2K_3,3.0,0.3,0.40185974,0.886398,0.0,3e-05,0.1,64.88087916,0.6454424,breast,MSS/MSI-L,Adherent,PIK3C*,Oncogenic signal,AKT/PI3K,MAP2K*,Oncogenic signal,MAPK
MCF7,FGFR,BCL2_BCL2L1_BCL2L2,1.0,1.0,1.0,1.706194,90.31785819,1.0,0.0,100.0,4.425951,breast,MSS/MSI-L,Adherent,FGFR1;FGFR2;FGFR3,Oncogenic signal,RTK,BCL2;BCL2L1;BCL2L2,Cell death,Apoptosis
HCC1569,PIK3C,MAP2K_3,3.0,0.3,0.96292076,0.4554336,0.0,0.3,0.4870723,66.69579414,-14.28021,breast,MSI-H,Adherent,PIK3C*,Oncogenic signal,AKT/PI3K,MAP2K*,Oncogenic signal,MAPK
BT-20,ALK_IGFR,AKT,1.0,1.0,0.99367847,1.6207407,0.0,0.321896863,10.0,86.69983407,45.51825,breast,MSS/MSI-L,Adherent,ALK;IGF*R,Oncogenic signal,AKT/PI3K,AKT1;AKT2;AKT3,Oncogenic signal,AKT/PI3K
EVSA-T,Chloroquine,AKT,10.0,3.0,4.571833616,0.8047988,74.74086589,0.000663646,9.2269676,0.93999999,1.589139,breast,MSS/MSI-L,Adherent,Thiamine,other,other,AKT1;AKT2;AKT3,Oncogenic signal,AKT/PI3K
HCC1143,FGFR,ERBB,1.0,1.0,1.0,0.1079868,84.57075287,0.019325649,0.6523542,55.63633761,25.63454,breast,MSS/MSI-L,Adherent,FGFR1;FGFR2;FGFR3,Oncogenic signal,RTK,EGFR;ERBB*,Oncogenic signal,RTK
SW48,PIK3CB,IAP,10.0,1.0,4.964019761,1.5348541,0.0,0.0001,0.1,80.43170488,-32.31763,large_intestine,MSI-H,Adherent,PIK3CB,Oncogenic signal,AKT/PI3K,NIAP;XIAP;BIRC2;BIRC3,Cell death,Apoptosis
NCI-H1703,FGFR,BCL2_BCL2L1_BCL2L2,3.0,3.0,1.653280869,1.463597,9.20427318,3.0,1.180008,29.24422511,29.35147,lung_NSCLC_adenocarcinoma,MSS/MSI-L,Adherent,FGFR1;FGFR2;FGFR3,Oncogenic signal,RTK,BCL2;BCL2L1;BCL2L2,Cell death,Apoptosis
SW900,CSNK2A1_2,BCL2,0.01,3.0,0.002591265,1.6676651,25.82409256,0.13380099,0.7217774,37.07073551,25.16221,lung_NSCLC_squamous_cell_carcinoma,MSS/MSI-L,Adherent,CSNK2A1,Oncogenic signal,STK,BCL2,Cell death,Apoptosis
HCC1395,PIK3C,MAP2K_3,3.0,0.3,1.127647478,0.648958,0.0,0.001298923,0.1,17.05295687,25.35105,breast,MSS/MSI-L,Adherent,PIK3C*,Oncogenic signal,AKT/PI3K,MAP2K*,Oncogenic signal,MAPK
MDA-MB-453,PIK3C,PARP1,1.0,3.0,0.210465161,1.568614,4.54353401,1.769475169,0.7643741,0.0,3.31332,breast,MSS/MSI-L,Adherent,PIK3C*,Oncogenic signal,AKT/PI3K,PARP1,DNA repair,DNA Damage Response
NCI-H1703,PIK3C,ADAM17,1.0,10.0,0.206961388,0.8655237,11.58415653,0.554130456,10.0,94.59856993,0.175017,lung_NSCLC_adenocarcinoma,MSS/MSI-L,Adherent,PIK3C*,Oncogenic signal,AKT/PI3K,ADAM17,Differentiation,EMT/migration
SW948,IGFR_4,BCL2,10.0,3.0,0.344112169,0.6463015,0.0,1.113021051,10.0,57.29788496,32.39192,large_intestine,MSS/MSI-L,Adherent,IGF*R,Oncogenic signal,RTK,BCL2,Cell death,Apoptosis
CAMA-1,PIK3CB_PIK3CD,PARP1,1.0,3.0,0.185529068,0.8295987,5.32144799,3.0,0.6151829,21.41689196,21.65981,breast,MSS/MSI-L,Adherent,PIK3CB;PIK3CD,Oncogenic signal,AKT/PI3K,PARP1,DNA repair,DNA Damage Response
CAL-148,FGFR,AKT,1.0,1.0,1.0,0.0,100.0,0.15877493,1.5110634,0.91253228,-4.114951,breast,MSS/MSI-L,Suspension,FGFR1;FGFR2;FGFR3,Oncogenic signal,RTK,AKT1;AKT2;AKT3,Oncogenic signal,AKT/PI3K
KATOIII,FGFR,Chloroquine,0.01,3.0,0.003699937,10.0,16.69597819,3.0,10.0,85.40053506,5.90908,stomach,MSS/MSI-L,Semi-Adherent,FGFR1;FGFR2;FGFR3,Oncogenic signal,RTK,Thiamine,other,other
MDA-MB-453,PIK3C,MAP2K_1,3.0,3.0,0.927034543,1.562516,0.0,3.0,1.4894335,45.074229,12.08049,breast,MSS/MSI-L,Adherent,PIK3C*,Oncogenic signal,AKT/PI3K,MAP2K1;MAP2K2,Oncogenic signal,MAPK
CAMA-1,EGFR,BCL2_BCL2L1,0.1,1.0,0.1,0.222966,84.93494007,1.0,0.3484418,82.37793994,17.90715,breast,MSS/MSI-L,Adherent,EGFR,Oncogenic signal,RTK,BCL2;BCL2L1,Cell death,Apoptosis
MDA-MB-436,PIM1,BCL2_BCL2L1,1.0,1.0,0.266963565,2.0322957,92.59725768,1.0,0.0,100.0,31.36716,breast,MSS/MSI-L,Adherent,PIM1,Oncogenic signal,STK,BCL2;BCL2L1,Cell death,Apoptosis
BFTC-905,PIM1,EG5,3.0,0.003,1.060547386,10.0,92.99978312,0.00281371,10.0,0.0,23.01063,Bladder,MSS/MSI-L,Adherent,PIM1,Oncogenic signal,STK,KIF11,Differentiation,EMT/migration
HCC1395,PIK3CA_4,ERBB,1.0,1.0,1.0,10.0,78.00004715,0.0001,0.1,87.14565054,-29.77824,breast,MSS/MSI-L,Adherent,PIK3CA,Oncogenic signal,AKT/PI3K,EGFR;ERBB*,Oncogenic signal,RTK
NCI-H2085,SYK,CSNK2A1_2,3.0,0.03,1.92288064,1.8066484,0.0,0.009218302,1.233976,11.64147761,28.10289,lung_NSCLC_adenocarcinoma,MSS/MSI-L,Adherent,SYK,Oncogenic signal,Cell Cycle,CSNK2A1,Oncogenic signal,STK
NCI-H1299,EGFR_2,ALK,1.0,3.0,1.0,0.0,100.0,1.539299285,1.6910796,0.0,18.30909,lung_NSCLC_large cell,MSS/MSI-L,Adherent,EGFR,Oncogenic signal,RTK,ALK,Oncogenic signal,AKT/PI3K
NCI-H2085,PIK3CA_3,IAP,3.0,3.0,3.0,1.3472963,20.51164859,0.037112474,0.5211224,43.495707,20.06444,lung_NSCLC_adenocarcinoma,MSS/MSI-L,Adherent,PIK3CA,Oncogenic signal,AKT/PI3K,NIAP;XIAP;BIRC2;BIRC3,Cell death,Apoptosis
647-V,IAP,ERBB,0.003,0.1,0.000605017,1.5861738,3.7193425,0.098724477,0.9914944,58.23374099,6.407124,Bladder,MSS/MSI-L,Adherent,NIAP;XIAP;BIRC2;BIRC3,Cell death,Apoptosis,EGFR;ERBB*,Oncogenic signal,RTK
MDA-MB-157,BCL2L1,AKT_1,3.0,3.0,0.025735296,3.4721982,89.04988283,3.0,0.2470923,62.0140952,40.90262,breast,MSS/MSI-L,Adherent,BCL2L1,Cell death,Apoptosis,AKT*,Oncogenic signal,AKT/PI3K
HCC70,PIK3CA_4,MTOR_1,1.0,1.0,1.0,0.0,100.0,0.340469918,10.0,64.09922663,-31.67846,breast,MSS/MSI-L,Adherent,PIK3CA,Oncogenic signal,AKT/PI3K,MTOR,Oncogenic signal,AKT/PI3K
NCI-H2291,IAP,CHEK1,3.0,1.0,0.85851605,10.0,74.79904597,0.199710069,2.3361085,14.20267663,22.00043,lung_NSCLC_adenocarcinoma,MSS/MSI-L,Adherent,NIAP;XIAP;BIRC2;BIRC3,Cell death,Apoptosis,CHEK1,DNA repair,DNA Damage Response
Calu-6,CSNK2A1_2,AKT,0.03,3.0,0.010394843,1.3717221,0.0,0.03633312,1.0720487,70.01248118,73.02446,lung_NSCLC_adenocarcinoma,MSS/MSI-L,Adherent,CSNK2A1,Oncogenic signal,STK,AKT1;AKT2;AKT3,Oncogenic signal,AKT/PI3K
T47D,PIK3C,MAP2K_3,3.0,0.3,0.227969216,0.7280812,13.67626394,0.002697039,0.4974557,77.54598769,16.93655,breast,MSS/MSI-L,Adherent,PIK3C*,Oncogenic signal,AKT/PI3K,MAP2K*,Oncogenic signal,MAPK
HCC1954,ESR1_1,AKT_1,3.0,3.0,3.0,1.0119728,47.97146806,1.709494291,1.2216738,0.0,33.08171,breast,MSS/MSI-L,Adherent,ESR1,Oncogenic signal,Hormonal,AKT*,Oncogenic signal,AKT/PI3K
MFM-223,FGFR,AKT,1.0,1.0,0.12441562,0.5561916,2.73981326,0.179201241,1.0399857,2.63832935,33.79264,breast,MSS/MSI-L,Adherent,FGFR1;FGFR2;FGFR3,Oncogenic signal,RTK,AKT1;AKT2;AKT3,Oncogenic signal,AKT/PI3K
647-V,MTOR_1,FGFR,1.0,3.0,0.579527354,1.4344276,23.18636042,1.0,0.0,100.0,8.474582,Bladder,MSS/MSI-L,Adherent,MTOR,Oncogenic signal,AKT/PI3K,FGFR1;FGFR2;FGFR3,Oncogenic signal,RTK
NCI-H2085,MTOR_1,ALK_2,3.0,3.0,0.387268392,0.5874665,0.0,1.51212119,0.9629197,0.0,34.53818,lung_NSCLC_adenocarcinoma,MSS/MSI-L,Adherent,MTOR,Oncogenic signal,AKT/PI3K,ALK,Oncogenic signal,RTK
HCC1569,MTOR_1,ERBB,1.0,3.0,0.0001,0.1,66.33521891,3.0,0.2152073,67.56869582,6.16941,breast,MSI-H,Adherent,MTOR,Oncogenic signal,AKT/PI3K,EGFR;ERBB*,Oncogenic signal,RTK
COLO-205,IGFR_4,BCL2,10.0,3.0,0.301912707,1.0371788,2.0698766,0.215720414,1.7883662,0.49174809,1.200509,large_intestine,MSS/MSI-L,Suspension,IGF*R,Oncogenic signal,RTK,BCL2,Cell death,Apoptosis
HCC70,MTOR_1,ERBB,1.0,3.0,0.064909015,0.4940163,8.03429794,0.273500848,2.0729132,22.08600937,29.53267,breast,MSS/MSI-L,Adherent,MTOR,Oncogenic signal,AKT/PI3K,EGFR;ERBB*,Oncogenic signal,RTK
SW900,Gemcitabine,CSNK2A1_2,0.01,0.01,0.000962072,1.8191389,2.15592716,0.003443326,1.7672931,26.88137303,-3.858157,lung_NSCLC_squamous_cell_carcinoma,MSS/MSI-L,Adherent,DNA;RRM1;TYMS;CMPK1,Cell death,Chemo,CSNK2A1,Oncogenic signal,STK
NCI-SNU-16,FGFR,ERBB,0.01,3.0,0.007388022,2.7973828,0.0,1.020987454,10.0,91.29980858,15.77256,stomach,MSS/MSI-L,Suspension,FGFR1;FGFR2;FGFR3,Oncogenic signal,RTK,EGFR;ERBB*,Oncogenic signal,RTK
MDA-MB-157,MAP2K_1,ESR1,1.0,1.0,0.078268866,0.95917,61.78361463,1.0,0.0,100.0,2.434991,breast,MSS/MSI-L,Adherent,MAP2K1;MAP2K2,Oncogenic signal,MAPK,ESR1,Oncogenic signal,Hormonal
HCC1395,FGFR,AKT,1.0,1.0,0.00946639,1.4350141,48.15495082,0.374680382,0.9209859,40.54520964,45.50561,breast,MSS/MSI-L,Adherent,FGFR1;FGFR2;FGFR3,Oncogenic signal,RTK,AKT1;AKT2;AKT3,Oncogenic signal,AKT/PI3K
DU-4475,PIK3C_2,AKT_1,1.0,1.0,0.143714392,1.3256186,0.0,0.231330449,0.9797281,0.0,20.95919,breast,MSS/MSI-L,Suspension,PIK3C*,Oncogenic signal,AKT/PI3K,AKT*,Oncogenic signal,AKT/PI3K
MDA-MB-231,PIK3C,AKT_1,1.0,1.0,0.161137788,0.8679351,74.74082131,0.55465168,1.0758613,71.43944939,27.26663,breast,MSS/MSI-L,Adherent,PIK3C*,Oncogenic signal,AKT/PI3K,AKT*,Oncogenic signal,AKT/PI3K
A549,PIK3CB,ALK_2,3.0,3.0,1.0,0.0,100.0,3.0,2.3345962,26.29937387,31.25151,lung_NSCLC_adenocarcinoma,MSS/MSI-L,Adherent,PIK3CB,Oncogenic signal,AKT/PI3K,ALK,Oncogenic signal,RTK
MDA-MB-468,PIK3C,BCL2L1,3.0,3.0,2.246117661,1.2775293,0.0,2.79829453,0.3572876,47.94935379,-15.56534,breast,MSS/MSI-L,Adherent,PIK3C*,Oncogenic signal,AKT/PI3K,BCL2L1,Cell death,Apoptosis
NCI-H1703,MTOR_1,ALK,3.0,3.0,0.071974033,0.9633374,17.09573826,0.186385574,1.5607156,0.0,-6.903505,lung_NSCLC_adenocarcinoma,MSS/MSI-L,Adherent,MTOR,Oncogenic signal,AKT/PI3K,ALK,Oncogenic signal,AKT/PI3K
TCCSUP,PARP1,IAP,3.0,0.03,3.0,0.9608741,37.68318239,0.03,0.1733121,42.3168312,65.03906,Bladder,MSS/MSI-L,Adherent,PARP1,DNA repair,DNA Damage Response,NIAP;XIAP;BIRC2;BIRC3,Cell death,Apoptosis
MFM-223,MTOR_1,ESR1,1.0,1.0,0.28200301,10.0,34.29955169,1.0,0.0,100.0,16.45679,breast,MSS/MSI-L,Adherent,MTOR,Oncogenic signal,AKT/PI3K,ESR1,Oncogenic signal,Hormonal
SW780,PIM1,MAP2K_1,3.0,3.0,3.0,10.0,92.00021004,1.674897583,1.9667777,36.39556838,-2.753958,Bladder,MSS/MSI-L,Adherent,PIM1,Oncogenic signal,STK,MAP2K1;MAP2K2,Oncogenic signal,MAPK
NCI-H520,CarboTaxol,BCL2,0.01,3.0,0.002693704,2.0215194,24.2566441,1.0,0.0,100.0,2.676949,lung_NSCLC_squamous_cell_carcinoma,MSS/MSI-L,Adherent,DNA,DNA repair,Chemo,BCL2,Cell death,Apoptosis
NCI-H2228,Vinorelbine,BCL2_2,0.1,3.0,0.042894147,0.8094453,0.0,0.010087186,0.5290947,82.15846986,-15.18214,lung_NSCLC_adenocarcinoma,MSS/MSI-L,Adherent,microtubule;TUBB,DNA repair,Chemo,BCL2,Cell death,Apoptosis
LS-513,PTK2,IAP,3.0,1.0,0.306340037,1.6482578,4.62966261,0.191891658,3.5642078,92.6510823,20.70846,large_intestine,MSS/MSI-L,Adherent,PTK2*,Differentiation,EMT/migration,NIAP;XIAP;BIRC2;BIRC3,Cell death,Apoptosis
J82,PIM1,EG5,3.0,3.0,0.267582028,10.0,85.099794,0.0003,0.1284361,0.0,-10.84592,Bladder,MSS/MSI-L,Adherent,PIM1,Oncogenic signal,STK,KIF11,Differentiation,EMT/migration
HCC38,BCL2_BCL2L1,AKT_SGK,1.0,1.0,0.178136156,1.8495247,7.66018238,0.328968136,10.0,86.99978983,-9.884569,breast,MSS/MSI-L,Adherent,BCL2;BCL2L1,Cell death,Apoptosis,AKT*;SGK*,Oncogenic signal,AKT/PI3K
HCC1395,MTOR_1,ATR_4,1.0,1.0,0.251317012,1.0383607,24.83996623,0.381136059,1.4310061,0.0,-15.95583,breast,MSS/MSI-L,Adherent,MTOR,Oncogenic signal,AKT/PI3K,ATR,DNA repair,DNA Damage Response
HCC1806,MTOR_1,ESR1,1.0,1.0,0.211206786,2.0155687,14.28857738,1.0,0.0,100.0,4.708188,breast,MSS/MSI-L,Adherent,MTOR,Oncogenic signal,AKT/PI3K,ESR1,Oncogenic signal,Hormonal
NCI-H23,Vinorelbine,IAP,0.1,1.0,0.024526972,2.3997465,9.72076538,0.006941276,0.8610307,45.66677634,25.38014,lung_NSCLC_adenocarcinoma,MSS/MSI-L,Adherent,microtubule;TUBB,DNA repair,Chemo,NIAP;XIAP;BIRC2;BIRC3,Cell death,Apoptosis
BFTC-905,IAP,CHEK1,3.0,1.0,0.0003,0.2725697,0.0,0.234714674,1.8350428,0.0,-6.269494,Bladder,MSS/MSI-L,Adherent,NIAP;XIAP;BIRC2;BIRC3,Cell death,Apoptosis,CHEK1,DNA repair,DNA Damage Response
HCC1428,PIK3CA_4,MTOR_1,1.0,1.0,1.0,0.0,100.0,0.256840882,2.6880749,59.57083697,12.03653,breast,MSS/MSI-L,Adherent,PIK3CA,Oncogenic signal,AKT/PI3K,MTOR,Oncogenic signal,AKT/PI3K
HT-1197,PARP1,HSP90,3.0,3.0,0.791847226,2.8446611,69.75836011,0.130405802,2.2772262,23.54810099,11.94276,Bladder,MSS/MSI-L,Adherent,PARP1,DNA repair,DNA Damage Response,HSP90AA1,Cell death,Apoptosis
NCI-H520,MAP2K_1,BRAF_M2,3.0,3.0,1.0,0.0,100.0,3.0,0.3949295,69.03374697,44.14604,lung_NSCLC_squamous_cell_carcinoma,MSS/MSI-L,Adherent,MAP2K1;MAP2K2,Oncogenic signal,MAPK,BRAF_V600E,Oncogenic signal,MAPK
HCC1187,Chloroquine,AKT,10.0,3.0,0.001,0.1,82.67473119,0.302781935,1.5966416,3.35485108,-13.51719,breast,MSS/MSI-L,Suspension,Thiamine,other,other,AKT1;AKT2;AKT3,Oncogenic signal,AKT/PI3K
HT-1197,PIM1,PIK3C,3.0,3.0,0.544402197,10.0,91.9661272,0.987689689,10.0,57.9991944,41.29233,Bladder,MSS/MSI-L,Adherent,PIM1,Oncogenic signal,STK,PIK3C*,Oncogenic signal,AKT/PI3K
Hs-578-T,MTOR_1,ERBB,1.0,1.0,0.285208737,0.8035668,0.0,0.0001,0.1,91.25598047,1.693221,breast,MSS/MSI-L,Adherent,MTOR,Oncogenic signal,AKT/PI3K,EGFR;ERBB*,Oncogenic signal,RTK
HCC38,ESR1,AKT_1,1.0,1.0,1.0,0.0,100.0,0.100338819,10.0,94.09998896,-11.54618,breast,MSS/MSI-L,Adherent,ESR1,Oncogenic signal,Hormonal,AKT*,Oncogenic signal,AKT/PI3K
HCC70,PIK3C,ADAM17,1.0,75.0,0.359904181,10.0,42.59790667,1.0,0.0,100.0,36.66062,breast,MSS/MSI-L,Adherent,PIK3C*,Oncogenic signal,AKT/PI3K,ADAM17,Differentiation,EMT/migration
HCC1395,BCL2_BCL2L1,AKT_1,1.0,1.0,1.0,0.1783526,86.72133163,0.931828031,0.5924265,0.28428183,-1.07416,breast,MSS/MSI-L,Adherent,BCL2;BCL2L1,Cell death,Apoptosis,AKT*,Oncogenic signal,AKT/PI3K
UM-UC-3,HDAC_4,ATR_4,3.0,3.0,2.044737086,1.9979162,0.0,0.970733998,1.8756327,50.92871736,-0.7545304,Bladder,MSS/MSI-L,Adherent,HDAC*,Differentiation,Epigenetic,ATR,DNA repair,DNA Damage Response
NCI-H23,CSNK2A1_2,BCL2,0.1,3.0,0.008584726,1.6344636,8.92163396,0.772515102,10.0,82.79503065,43.3753,lung_NSCLC_adenocarcinoma,MSS/MSI-L,Adherent,CSNK2A1,Oncogenic signal,STK,BCL2,Cell death,Apoptosis
NCI-H2085,TNFSF10,CSNK2A1_2,0.03,0.03,1.0,0.0,100.0,0.015734729,1.3343691,2.56934264,6.329147,lung_NSCLC_adenocarcinoma,MSS/MSI-L,Adherent,TNFSF10,Cell death,Apoptosis,CSNK2A1,Oncogenic signal,STK
LS-513,Oxaliplatin,IAP,10.0,1.0,0.01246676,1.1353141,4.57931069,1.0,0.0,100.0,2.36097,large_intestine,MSS/MSI-L,Adherent,DNA,DNA repair,Chemo,NIAP;XIAP;BIRC2;BIRC3,Cell death,Apoptosis
SW780,PIK3C,HSP90,3.0,0.3,3.0,10.0,75.40053525,0.267400618,2.6284197,0.0,3.171098,Bladder,MSS/MSI-L,Adherent,PIK3C*,Oncogenic signal,AKT/PI3K,HSP90AA1,Cell death,Apoptosis
SW780,WNT,FGFR,3.0,3.0,0.329743583,1.456035,0.0,0.633499849,0.4530021,0.0,21.28395,Bladder,MSS/MSI-L,Adherent,WNT*;TNKS,Differentiation,EMT/migration,FGFR1;FGFR2;FGFR3,Oncogenic signal,RTK
CAMA-1,FGFR,AKT_SGK,1.0,1.0,1.0,1.1482119,77.66020783,0.119139233,1.5496771,8.07713751,13.44612,breast,MSS/MSI-L,Adherent,FGFR1;FGFR2;FGFR3,Oncogenic signal,RTK,AKT*;SGK*,Oncogenic signal,AKT/PI3K
HCC1187,PIK3CB_PIK3CD,PARP1,1.0,3.0,0.279368324,3.6582482,72.03702234,3.0,0.9822203,13.54047681,13.51102,breast,MSS/MSI-L,Suspension,PIK3CB;PIK3CD,Oncogenic signal,AKT/PI3K,PARP1,DNA repair,DNA Damage Response
CAL-120,MTOR_1,ERBB,1.0,1.0,0.162564356,1.0791309,24.44747837,0.0001,0.1,84.97023535,11.42428,breast,MSS/MSI-L,Adherent,MTOR,Oncogenic signal,AKT/PI3K,EGFR;ERBB*,Oncogenic signal,RTK
NCI-H747,PIK3CB,IAP,10.0,1.0,10.0,0.3048475,57.57003677,0.064176444,0.2233525,22.41444835,-7.785628,large_intestine,MSS/MSI-L,Adherent,PIK3CB,Oncogenic signal,AKT/PI3K,NIAP;XIAP;BIRC2;BIRC3,Cell death,Apoptosis
MDA-MB-157,ATR_4,AKT,1.0,1.0,0.319224975,10.0,36.19927736,1.0,0.8261779,36.3227737,32.22192,breast,MSS/MSI-L,Adherent,ATR,DNA repair,DNA Damage Response,AKT1;AKT2;AKT3,Oncogenic signal,AKT/PI3K
NCI-H520,PIK3CA_3,CSNK2A1_2,3.0,0.03,1.160954704,10.0,79.29843845,0.005908144,1.485952,16.46745523,14.98928,lung_NSCLC_squamous_cell_carcinoma,MSS/MSI-L,Adherent,PIK3CA,Oncogenic signal,AKT/PI3K,CSNK2A1,Oncogenic signal,STK
BT-474,BCL2L1,AKT_1,3.0,3.0,0.423107269,2.5531691,68.03694944,0.233787901,1.8279039,8.83725309,68.97629,breast,MSS/MSI-L,Adherent,BCL2L1,Cell death,Apoptosis,AKT*,Oncogenic signal,AKT/PI3K
BT-20,MTOR_1,ESR1_1,1.0,0.1,0.093441419,0.8461883,23.43664626,0.1,1.473225,57.35600307,6.625989,breast,MSS/MSI-L,Adherent,MTOR,Oncogenic signal,AKT/PI3K,ESR1,Oncogenic signal,Hormonal
HCC1428,ERBB,AKT,1.0,1.0,0.04183785,0.6565883,80.62916794,1.0,0.0,100.0,-7.973875,breast,MSS/MSI-L,Adherent,EGFR;ERBB*,Oncogenic signal,RTK,AKT1;AKT2;AKT3,Oncogenic signal,AKT/PI3K
HCC1937,MTOR_1,FGFR,1.0,1.0,0.356456016,2.4517083,76.6830065,1.0,0.0,100.0,4.230704,breast,MSS/MSI-L,Adherent,MTOR,Oncogenic signal,AKT/PI3K,FGFR1;FGFR2;FGFR3,Oncogenic signal,RTK
M14,PIK3CB_PIK3CD,PARP1,1.0,3.0,0.47418027,1.2556698,6.80731231,1.174821634,0.6194038,0.0,27.2539,melanoma,MSS/MSI-L,Adherent,PIK3CB;PIK3CD,Oncogenic signal,AKT/PI3K,PARP1,DNA repair,DNA Damage Response
KU-19-19,Gemcitabine,ATM,0.1,3.0,0.002894122,10.0,8.29982675,3.0,10.0,85.8000745,5.381046,Bladder,MSS/MSI-L,Adherent,DNA;RRM1;TYMS;CMPK1,Cell death,Chemo,ATM,DNA repair,DNA Damage Response
Calu-6,PIK3C,ADAM17,3.0,10.0,3.0,0.6317017,72.2890054,10.0,1.5819608,71.9416254,6.179004,lung_NSCLC_adenocarcinoma,MSS/MSI-L,Adherent,PIK3C*,Oncogenic signal,AKT/PI3K,ADAM17,Differentiation,EMT/migration
CAL-120,TNKS_PARP6,AKT,1.0,1.0,0.012552844,0.7382486,46.61465912,0.071099612,0.8476737,59.56681862,27.21609,breast,MSS/MSI-L,Adherent,TNKS;PARP6,Oncogenic signal,Cell Cycle,AKT1;AKT2;AKT3,Oncogenic signal,AKT/PI3K
NCI-H226,CarboTaxol,BCL2,0.01,3.0,0.001526695,2.7040554,20.46047558,3.0,0.5528723,11.01689735,12.85776,lung_NSCLC_squamous_cell_carcinoma,MSS/MSI-L,Adherent,DNA,DNA repair,Chemo,BCL2,Cell death,Apoptosis
HCC1428,PIK3C,PARP1,1.0,3.0,0.318410949,10.0,87.89984418,0.964261365,10.0,49.99938454,-0.1306266,breast,MSS/MSI-L,Adherent,PIK3C*,Oncogenic signal,AKT/PI3K,PARP1,DNA repair,DNA Damage Response
HCC1395,TNKS_PARP6,FGFR,1.0,1.0,0.005661349,1.5295273,11.48922077,0.011169072,2.2518638,49.7542656,9.977274,breast,MSS/MSI-L,Adherent,TNKS;PARP6,Oncogenic signal,Cell Cycle,FGFR1;FGFR2;FGFR3,Oncogenic signal,RTK
SW620,IGFR_3,IAP,3.0,1.0,1.0,0.0,100.0,1.0,0.0,100.0,-5.997694,large_intestine,MSS/MSI-L,Adherent,IGF*R,Oncogenic signal,RTK,NIAP;XIAP;BIRC2;BIRC3,Cell death,Apoptosis
HCT-116,Oxaliplatin,BCL2,1.0,3.0,0.285753267,1.7726878,4.36930555,1.833795598,1.3488854,0.0,45.0912,large_intestine,MSI-H,Adherent,DNA,DNA repair,Chemo,BCL2,Cell death,Apoptosis
HCC1806,AKT_1,AKT,1.0,1.0,0.219929431,1.699701,23.85626697,1.0,1.3434116,8.97168521,7.281745,breast,MSS/MSI-L,Adherent,AKT*,Oncogenic signal,AKT/PI3K,AKT1;AKT2;AKT3,Oncogenic signal,AKT/PI3K
UM-UC-3,FGFR,Cisplatin,3.0,3.0,3.0,0.1897426,84.61706827,1.167520268,2.1600282,0.0,-4.173575,Bladder,MSS/MSI-L,Adherent,FGFR1;FGFR2;FGFR3,Oncogenic signal,RTK,DNA,DNA repair,Chemo
NCI-H747,PARP1,IAP,10.0,1.0,1.704920372,0.5941127,28.79123263,0.79916182,0.2337676,0.0,20.63351,large_intestine,MSS/MSI-L,Adherent,PARP1,DNA repair,DNA Damage Response,NIAP;XIAP;BIRC2;BIRC3,Cell death,Apoptosis
MDA-MB-361,MTOR_1,ESR1_1,1.0,3.0,0.295102732,0.9516441,25.79097005,3.0,0.1934133,51.74956641,25.57379,breast,MSS/MSI-L,Adherent,MTOR,Oncogenic signal,AKT/PI3K,ESR1,Oncogenic signal,Hormonal
UACC-812,MTOR_3,FGFR,1.0,1.0,1.0,0.0,100.0,1.0,0.0,100.0,-28.19635,breast,MSS/MSI-L,Adherent,MTOR,Oncogenic signal,AKT/PI3K,FGFR1;FGFR2;FGFR3,Oncogenic signal,RTK
HCC1143,PIK3CA_4,ERBB,1.0,1.0,1.0,0.7170296,49.08083947,0.022906513,0.6355135,54.6147196,18.47283,breast,MSS/MSI-L,Adherent,PIK3CA,Oncogenic signal,AKT/PI3K,EGFR;ERBB*,Oncogenic signal,RTK
NCI-H520,MAP2K_1,BRAF_M,3.0,3.0,1.0,0.0,100.0,1.0,0.0,100.0,4.193453,lung_NSCLC_squamous_cell_carcinoma,MSS/MSI-L,Adherent,MAP2K1;MAP2K2,Oncogenic signal,MAPK,BRAF_mut,Oncogenic signal,MAPK
BT-549,EGFR,BCL2_BCL2L1,0.1,1.0,0.1,10.0,86.4000758,0.256322074,10.0,89.49864756,-8.253868,breast,MSS/MSI-L,Adherent,EGFR,Oncogenic signal,RTK,BCL2;BCL2L1,Cell death,Apoptosis
HT-1376,Gemcitabine,ERBB,0.1,1.0,0.00494126,3.2270677,25.727209,0.081070755,1.6664761,36.99359173,-24.99259,Bladder,MSS/MSI-L,Adherent,DNA;RRM1;TYMS;CMPK1,Cell death,Chemo,EGFR;ERBB*,Oncogenic signal,RTK
HT-1376,HDAC_4,Cisplatin,3.0,3.0,0.931595986,1.2320853,18.21076497,1.711871749,0.9694254,0.0,4.08972,Bladder,MSS/MSI-L,Adherent,HDAC*,Differentiation,Epigenetic,DNA,DNA repair,Chemo
SW780,IAP,ATR_4,0.03,3.0,0.00173187,2.3227407,67.67412643,1.0,0.0,100.0,16.69988,Bladder,MSS/MSI-L,Adherent,NIAP;XIAP;BIRC2;BIRC3,Cell death,Apoptosis,ATR,DNA repair,DNA Damage Response
BFTC-905,PARP1,Cisplatin,3.0,3.0,3.0,0.9933389,17.45368152,0.623829959,2.2983987,1.96458404,20.19369,Bladder,MSS/MSI-L,Adherent,PARP1,DNA repair,DNA Damage Response,DNA,DNA repair,Chemo
C32,PTK2,IAP,3.0,1.0,0.485336171,2.7324456,4.64713545,0.0023894,2.0167501,13.06655933,38.21082,melanoma,MSS/MSI-L,Adherent,PTK2*,Differentiation,EMT/migration,NIAP;XIAP;BIRC2;BIRC3,Cell death,Apoptosis
CAL-120,MTOR_1,ALK_IGFR,1.0,1.0,0.164708038,2.3649177,40.78330751,0.31558641,10.0,63.29962143,37.86855,breast,MSS/MSI-L,Adherent,MTOR,Oncogenic signal,AKT/PI3K,ALK;IGF*R,Oncogenic signal,AKT/PI3K
MFM-223,PIK3C,MAP2K_1,1.0,1.0,0.475233135,1.0809966,14.4477379,1.0,0.0,100.0,-1.548049,breast,MSS/MSI-L,Adherent,PIK3C*,Oncogenic signal,AKT/PI3K,MAP2K1;MAP2K2,Oncogenic signal,MAPK
NCI-H520,Vinorelbine,IAP,0.01,3.0,0.01,1.0343457,56.87418764,0.000304176,7.6348731,92.13999997,8.014827,lung_NSCLC_squamous_cell_carcinoma,MSS/MSI-L,Adherent,microtubule;TUBB,DNA repair,Chemo,NIAP;XIAP;BIRC2;BIRC3,Cell death,Apoptosis
Calu-6,CSNK2A1_2,BCL2,0.03,3.0,0.007262932,1.8127118,8.98911392,1.914496019,0.6209478,0.0,10.84651,lung_NSCLC_adenocarcinoma,MSS/MSI-L,Adherent,CSNK2A1,Oncogenic signal,STK,BCL2,Cell death,Apoptosis
HCC1937,FGFR,ADAM17,1.0,75.0,0.038940144,0.1,94.04001436,75.0,0.3084867,89.76930453,13.61246,breast,MSS/MSI-L,Adherent,FGFR1;FGFR2;FGFR3,Oncogenic signal,RTK,ADAM17,Differentiation,EMT/migration
T-24,PIK3C,IAP,3.0,1.0,1.066456549,10.0,49.19835049,0.228215937,1.7422856,78.52557546,43.42259,Bladder,MSS/MSI-L,Adherent,PIK3C*,Oncogenic signal,AKT/PI3K,NIAP;XIAP;BIRC2;BIRC3,Cell death,Apoptosis
Calu-6,TNFSF10,CSNK2A1_2,0.03,0.03,1.0,0.0,100.0,0.008674034,2.0363268,8.71457089,-0.4143564,lung_NSCLC_adenocarcinoma,MSS/MSI-L,Adherent,TNFSF10,Cell death,Apoptosis,CSNK2A1,Oncogenic signal,STK
BT-20,PIK3C,ADAM17,1.0,75.0,0.770624333,0.7275389,9.76801832,15.37354836,0.8411412,74.4939301,17.58637,breast,MSS/MSI-L,Adherent,PIK3C*,Oncogenic signal,AKT/PI3K,ADAM17,Differentiation,EMT/migration
HCC1419,CarboTaxol,ATR_4,0.01,3.0,0.002590562,10.0,73.29910274,0.972757061,10.0,69.39957705,-0.9850543,breast,MSS/MSI-L,Adherent,DNA,DNA repair,Chemo,ATR,DNA repair,DNA Damage Response
MDA-MB-231,FASN,BCL2_BCL2L1,1.0,1.0,0.324226066,10.0,92.6999006,1.0,0.7587807,17.16523206,25.91807,breast,MSS/MSI-L,Adherent,FASN,Metabolism,Metabolism,BCL2;BCL2L1,Cell death,Apoptosis
NCI-H1793,MAP2K_1,BRAF_M,3.0,3.0,0.096587928,0.6429372,32.91266527,0.423191235,3.1182179,11.52432761,-10.52776,lung_NSCLC_adenocarcinoma,MSS/MSI-L,Adherent,MAP2K1;MAP2K2,Oncogenic signal,MAPK,BRAF_mut,Oncogenic signal,MAPK
UACC-812,FGFR,Chloroquine,1.0,1.0,0.0001,0.1,89.02275797,0.46573364,0.5542296,58.53091662,-1.672017,breast,MSS/MSI-L,Adherent,FGFR1;FGFR2;FGFR3,Oncogenic signal,RTK,Thiamine,other,other
NCI-H838,PIK3CA_3,IAP,3.0,1.0,3.0,0.4668563,18.2928985,0.005955582,0.8071306,17.53396328,49.61895,lung_NSCLC_adenocarcinoma,MSS/MSI-L,Adherent,PIK3CA,Oncogenic signal,AKT/PI3K,NIAP;XIAP;BIRC2;BIRC3,Cell death,Apoptosis
MDA-MB-157,TNKS_PARP6,MTOR_1,1.0,1.0,0.014937164,1.7169586,13.14465233,0.23690619,1.1659898,42.10999496,3.3163,breast,MSS/MSI-L,Adherent,TNKS;PARP6,Oncogenic signal,Cell Cycle,MTOR,Oncogenic signal,AKT/PI3K
HCC1143,FGFR,BCL2_BCL2L1,1.0,1.0,1.0,0.0,100.0,0.939150064,1.1566328,0.0,-4.378617,breast,MSS/MSI-L,Adherent,FGFR1;FGFR2;FGFR3,Oncogenic signal,RTK,BCL2;BCL2L1,Cell death,Apoptosis
MDA-MB-415,MAP2K_3,BRAF_M2,0.3,3.0,0.167208924,0.3986153,0.0,3.0,0.2694852,74.25591384,-26.68867,breast,MSS/MSI-L,Adherent,MAP2K*,Oncogenic signal,MAPK,BRAF_V600E,Oncogenic signal,MAPK
MDA-MB-453,MTOR_1,ESR1_3,1.0,3.0,0.047438275,0.6525974,21.45588965,2.999999992,0.6829303,80.69031498,-26.95607,breast,MSS/MSI-L,Adherent,MTOR,Oncogenic signal,AKT/PI3K,ESR1,Oncogenic signal,Hormonal
CAL-120,ATR_4,AKT,1.0,1.0,0.286782653,10.0,64.79969235,0.623807167,0.5462439,30.33156492,-14.47733,breast,MSS/MSI-L,Adherent,ATR,DNA repair,DNA Damage Response,AKT1;AKT2;AKT3,Oncogenic signal,AKT/PI3K
CAMA-1,PIK3CA_4,PIK3C_2,1.0,1.0,1.0,0.4571875,84.25876627,0.999878415,9.9999998,22.04739275,-14.27473,breast,MSS/MSI-L,Adherent,PIK3CA,Oncogenic signal,AKT/PI3K,PIK3C*,Oncogenic signal,AKT/PI3K
MDA-MB-453,PIK3CB_PIK3CD,ADAM17,1.0,75.0,0.178987468,2.1834471,43.24136856,1.0,0.0,100.0,-4.746812,breast,MSS/MSI-L,Adherent,PIK3CB;PIK3CD,Oncogenic signal,AKT/PI3K,ADAM17,Differentiation,EMT/migration
SW780,FGFR,Chloroquine,3.0,3.0,0.49589918,0.437802,0.0,3.0,0.7446953,70.04119285,-11.19588,Bladder,MSS/MSI-L,Adherent,FGFR1;FGFR2;FGFR3,Oncogenic signal,RTK,Thiamine,other,other
UM-UC-3,Gemcitabine,ERBB,0.1,3.0,0.008695758,2.8318484,1.14813216,3.0,1.8060911,53.57110495,-4.236583,Bladder,MSS/MSI-L,Adherent,DNA;RRM1;TYMS;CMPK1,Cell death,Chemo,EGFR;ERBB*,Oncogenic signal,RTK
CAL-51,SLC16A4,FGFR,1.0,1.0,1.0,10.0,94.60003541,1.0,0.0,100.0,3.574598,breast,MSS/MSI-L,Adherent,SLC16A3;SLC16A4,Metabolism,Metabolism,FGFR1;FGFR2;FGFR3,Oncogenic signal,RTK
647-V,MTOR_1,ERBB,1.0,0.1,0.329479088,10.0,53.0992914,0.031404471,10.0,87.09984089,35.98297,Bladder,MSS/MSI-L,Adherent,MTOR,Oncogenic signal,AKT/PI3K,EGFR;ERBB*,Oncogenic signal,RTK
HCC38,PIK3CA_4,BCL2_BCL2L1,1.0,1.0,0.235346228,10.0,94.47805548,0.17761944,4.0886948,8.73253917,9.851052,breast,MSS/MSI-L,Adherent,PIK3CA,Oncogenic signal,AKT/PI3K,BCL2;BCL2L1,Cell death,Apoptosis
RT4,FGFR,Chloroquine,3.0,3.0,0.342758502,0.8901454,29.93171153,1.0,0.0,100.0,18.20052,Bladder,MSS/MSI-L,Adherent,FGFR1;FGFR2;FGFR3,Oncogenic signal,RTK,Thiamine,other,other
BT-20,CSNK2A1_2,AKT,0.1,3.0,0.011525237,1.806654,5.7355837,1.367930445,0.9821291,0.0,11.97265,breast,MSS/MSI-L,Adherent,CSNK2A1,Oncogenic signal,STK,AKT1;AKT2;AKT3,Oncogenic signal,AKT/PI3K
HCC1187,PIK3C_2,AKT_1,1.0,1.0,0.382717043,1.0339919,0.0,0.28304018,0.5236124,10.1448126,8.32519,breast,MSS/MSI-L,Suspension,PIK3C*,Oncogenic signal,AKT/PI3K,AKT*,Oncogenic signal,AKT/PI3K
MDA-MB-157,MTOR_1,ESR1_1,1.0,3.0,0.331292789,0.6634771,0.0,1.0,0.0,100.0,-5.470748,breast,MSS/MSI-L,Adherent,MTOR,Oncogenic signal,AKT/PI3K,ESR1,Oncogenic signal,Hormonal
HCC1806,SLC16A4,BCL2_BCL2L1,1.0,1.0,1.0,0.0,100.0,1.0,0.0,100.0,-16.43859,breast,MSS/MSI-L,Adherent,SLC16A3;SLC16A4,Metabolism,Metabolism,BCL2;BCL2L1,Cell death,Apoptosis
MDA-MB-231,PIK3C_2,AKT,1.0,1.0,1.0,10.0,45.40010634,0.383825407,10.0,89.79929154,12.42537,breast,MSS/MSI-L,Adherent,PIK3C*,Oncogenic signal,AKT/PI3K,AKT1;AKT2;AKT3,Oncogenic signal,AKT/PI3K
NCI-H2291,Vinorelbine,BCL2_2,1.0,3.0,0.040929598,2.8541599,55.34580168,1.0,0.0,100.0,2.004264,lung_NSCLC_adenocarcinoma,MSS/MSI-L,Adherent,microtubule;TUBB,DNA repair,Chemo,BCL2,Cell death,Apoptosis
NCI-H2170,PIK3C,ALK,3.0,3.0,0.69510652,0.5508682,5.47748279,1.265386436,10.0,25.08664891,-36.25801,lung_NSCLC_squamous_cell_carcinoma,MSS/MSI-L,Adherent,PIK3C*,Oncogenic signal,AKT/PI3K,ALK,Oncogenic signal,AKT/PI3K
SW900,IAP,CHEK1,3.0,1.0,0.728964708,0.1972552,0.0,0.229485073,2.5369686,19.86522951,10.98137,lung_NSCLC_squamous_cell_carcinoma,MSS/MSI-L,Adherent,NIAP;XIAP;BIRC2;BIRC3,Cell death,Apoptosis,CHEK1,DNA repair,DNA Damage Response
HT-1197,HDAC_4,ATR_4,3.0,3.0,0.655751447,2.5389471,23.88584605,1.437980809,10.0,65.077657,-14.79173,Bladder,MSS/MSI-L,Adherent,HDAC*,Differentiation,Epigenetic,ATR,DNA repair,DNA Damage Response
CAL-120,MAP2K_1,BCL2_BCL2L1,1.0,1.0,0.301757548,10.0,89.69986328,0.094875712,10.0,52.74961711,2.210898,breast,MSS/MSI-L,Adherent,MAP2K1;MAP2K2,Oncogenic signal,MAPK,BCL2;BCL2L1,Cell death,Apoptosis
BT-20,FGFR,BCL2_BCL2L1,1.0,1.0,0.288592966,1.6394179,77.9031202,1.0,0.4430609,61.31368342,-2.407593,breast,MSS/MSI-L,Adherent,FGFR1;FGFR2;FGFR3,Oncogenic signal,RTK,BCL2;BCL2L1,Cell death,Apoptosis
M14,PIK3CA_4,AKT,1.0,1.0,0.274531362,10.0,75.99971187,0.279011579,10.0,34.39964607,-0.7425711,melanoma,MSS/MSI-L,Adherent,PIK3CA,Oncogenic signal,AKT/PI3K,AKT1;AKT2;AKT3,Oncogenic signal,AKT/PI3K
NCI-H1793,TNFSF10,CSNK2A1_2,0.03,0.1,1.0,0.0,100.0,0.01105467,1.9815554,6.00627371,18.29223,lung_NSCLC_adenocarcinoma,MSS/MSI-L,Adherent,TNFSF10,Cell death,Apoptosis,CSNK2A1,Oncogenic signal,STK
647-V,MTOR_1,MAP2K_1,1.0,1.0,0.320193913,10.0,53.59945272,1.0,1.0160345,58.05007754,27.30535,Bladder,MSS/MSI-L,Adherent,MTOR,Oncogenic signal,AKT/PI3K,MAP2K1;MAP2K2,Oncogenic signal,MAPK
SW900,Topotecan,BCL2,0.1,3.0,0.045385938,2.3060999,40.17315642,0.138925832,1.2322262,47.21175197,37.37314,lung_NSCLC_squamous_cell_carcinoma,MSS/MSI-L,Adherent,TOP1;TOP1MT;DNA,DNA repair,Chemo,BCL2,Cell death,Apoptosis
CAL-120,MTOR_1,ESR1,1.0,1.0,0.170267659,0.7249535,16.80629914,0.273329287,10.0,90.79962966,-19.51674,breast,MSS/MSI-L,Adherent,MTOR,Oncogenic signal,AKT/PI3K,ESR1,Oncogenic signal,Hormonal
CAL-148,SLC16A4,BCL2_BCL2L1,1.0,1.0,1.0,0.0,100.0,0.282624772,2.4071344,35.64583024,32.95021,breast,MSS/MSI-L,Suspension,SLC16A3;SLC16A4,Metabolism,Metabolism,BCL2;BCL2L1,Cell death,Apoptosis
KMS-11,WNT,FGFR,3.0,0.03,1.03584403,1.6151987,0.0,0.03,10.0,1.40029839,-18.08964,myeloma,,Suspension,WNT*;TNKS,Differentiation,EMT/migration,FGFR1;FGFR2;FGFR3,Oncogenic signal,RTK
NCI-H1299,TOP2_2,IAP,3.0,1.0,0.385978622,1.3167063,14.57795302,0.07258159,0.8457787,27.08337688,43.57277,lung_NSCLC_large cell,MSS/MSI-L,Adherent,TOP2*,DNA repair,Chemo,NIAP;XIAP;BIRC2;BIRC3,Cell death,Apoptosis
CAL-120,MTOR_1,FGFR,0.3,3.0,0.123377999,1.4948616,50.7146178,0.309683228,0.340574,16.6662418,12.43558,breast,MSS/MSI-L,Adherent,MTOR,Oncogenic signal,AKT/PI3K,FGFR1;FGFR2;FGFR3,Oncogenic signal,RTK
MDA-MB-361,BCL2_2,AKT_1,3.0,3.0,3.0,0.4047812,77.19299027,0.104978974,0.9642915,17.27085176,6.184136,breast,MSS/MSI-L,Adherent,BCL2,Cell death,Apoptosis,AKT*,Oncogenic signal,AKT/PI3K
BT-20,SLC16A4,MTOR_1,1.0,1.0,1.0,1.6589776,82.33459808,0.461937151,1.422863,11.09522808,11.58494,breast,MSS/MSI-L,Adherent,SLC16A3;SLC16A4,Metabolism,Metabolism,MTOR,Oncogenic signal,AKT/PI3K
SW620,Oxaliplatin,BCL2,10.0,0.3,0.408437777,1.2643663,2.1549651,0.3,0.1951732,85.76191561,-1.120614,large_intestine,MSS/MSI-L,Adherent,DNA,DNA repair,Chemo,BCL2,Cell death,Apoptosis
HCC38,BCL2_BCL2L1,ADAM17,1.0,75.0,0.180961191,2.4548059,9.27728694,1.0,0.0,100.0,8.16996,breast,MSS/MSI-L,Adherent,BCL2;BCL2L1,Cell death,Apoptosis,ADAM17,Differentiation,EMT/migration
CAL-120,FGFR,Chloroquine,3.0,3.0,0.052188422,0.7273295,45.33415305,3.0,0.6316712,44.10550485,4.837308,breast,MSS/MSI-L,Adherent,FGFR1;FGFR2;FGFR3,Oncogenic signal,RTK,Thiamine,other,other
NCI-H23,EGFR_2,ALK,1.0,3.0,0.0001,0.1,80.73818801,0.048313947,0.9963781,36.60627461,-13.29691,lung_NSCLC_adenocarcinoma,MSS/MSI-L,Adherent,EGFR,Oncogenic signal,RTK,ALK,Oncogenic signal,AKT/PI3K
BT-20,FGFR,ADAM17,1.0,75.0,0.923744362,1.373009,71.77382732,75.0,0.597909,83.13892821,18.04841,breast,MSS/MSI-L,Adherent,FGFR1;FGFR2;FGFR3,Oncogenic signal,RTK,ADAM17,Differentiation,EMT/migration
BT-549,BCL2_BCL2L1,ADAM17,1.0,75.0,0.0001,0.1,79.2327182,0.0075,0.1,90.99552485,-7.039191,breast,MSS/MSI-L,Adherent,BCL2;BCL2L1,Cell death,Apoptosis,ADAM17,Differentiation,EMT/migration
J82,MAP2K_1,BCL2_BCL2L1,3.0,3.0,0.119614403,0.5916842,63.43985627,3.0,10.0,75.40002023,19.76187,Bladder,MSS/MSI-L,Adherent,MAP2K1;MAP2K2,Oncogenic signal,MAPK,BCL2;BCL2L1,Cell death,Apoptosis
CAMA-1,PIK3C_MTOR,FGFR,1.0,1.0,0.250437041,3.7149164,33.62354946,1.0,0.0,100.0,25.62621,breast,MSS/MSI-L,Adherent,PIK3C*;MTOR,Oncogenic signal,AKT/PI3K,FGFR1;FGFR2;FGFR3,Oncogenic signal,RTK
CAL-51,PIK3CA_4,AKT,1.0,1.0,1.0,0.6986249,32.97368748,0.208638081,1.2183631,34.74900434,-4.659295,breast,MSS/MSI-L,Adherent,PIK3CA,Oncogenic signal,AKT/PI3K,AKT1;AKT2;AKT3,Oncogenic signal,AKT/PI3K
BT-549,ESR1,AKT_1,1.0,1.0,1.0,10.0,74.80006383,0.913037313,0.4997111,0.0,-24.67385,breast,MSS/MSI-L,Adherent,ESR1,Oncogenic signal,Hormonal,AKT*,Oncogenic signal,AKT/PI3K
SW780,MTOR_1,MAP2K_1,3.0,3.0,0.488909308,1.9495132,30.84919519,1.086529023,2.7130947,48.6504385,-55.30936,Bladder,MSS/MSI-L,Adherent,MTOR,Oncogenic signal,AKT/PI3K,MAP2K1;MAP2K2,Oncogenic signal,MAPK
647-V,ERBB,AKT,0.1,3.0,0.1,0.8486178,49.82420243,0.407100412,1.3522296,4.19654909,-1.172512,Bladder,MSS/MSI-L,Adherent,EGFR;ERBB*,Oncogenic signal,RTK,AKT1;AKT2;AKT3,Oncogenic signal,AKT/PI3K
CAMA-1,PIK3C_2,AKT,1.0,1.0,0.371593734,10.0,44.89723065,0.126380262,1.1348007,7.0952965,-15.07413,breast,MSS/MSI-L,Adherent,PIK3C*,Oncogenic signal,AKT/PI3K,AKT1;AKT2;AKT3,Oncogenic signal,AKT/PI3K
HCC38,TNKS_PARP6,PIK3CB_PIK3CD,1.0,1.0,0.027308054,1.9957107,10.81482968,1.0,10.0,77.600366,15.89791,breast,MSS/MSI-L,Adherent,TNKS;PARP6,Oncogenic signal,Cell Cycle,PIK3CB;PIK3CD,Oncogenic signal,AKT/PI3K
CAMA-1,BCL2_2,AKT_1,3.0,3.0,0.02949458,10.0,92.62499489,1.222738559,1.3291012,0.0,22.45924,breast,MSS/MSI-L,Adherent,BCL2,Cell death,Apoptosis,AKT*,Oncogenic signal,AKT/PI3K
MDA-MB-436,PIP5K1,MAP2K_1,1.0,1.0,0.302008651,10.0,93.99995318,0.090802472,0.5808182,46.38151772,-3.995512,breast,MSS/MSI-L,Adherent,PIP5K1*,Metabolism,Metabolism,MAP2K1;MAP2K2,Oncogenic signal,MAPK
NCI-H2291,PIK3C,ADAM17,3.0,10.0,0.54553165,1.5957054,46.54289787,10.0,10.0,85.20001401,15.60257,lung_NSCLC_adenocarcinoma,MSS/MSI-L,Adherent,PIK3C*,Oncogenic signal,AKT/PI3K,ADAM17,Differentiation,EMT/migration
CAMA-1,MTOR_1,ATR_4,1.0,1.0,0.410325704,1.8932976,13.56305898,0.378257565,10.0,56.49739135,-40.55575,breast,MSS/MSI-L,Adherent,MTOR,Oncogenic signal,AKT/PI3K,ATR,DNA repair,DNA Damage Response
CAL-120,MAP2K_1,FASN,1.0,1.0,1.0,0.0,100.0,0.315723652,10.0,94.39994379,1.577508,breast,MSS/MSI-L,Adherent,MAP2K1;MAP2K2,Oncogenic signal,MAPK,FASN,Metabolism,Metabolism
HCC1428,PIM1,BCL2_BCL2L1,1.0,1.0,0.282690178,10.0,71.59980742,0.13553122,1.3823834,9.94552808,69.8454,breast,MSS/MSI-L,Adherent,PIM1,Oncogenic signal,STK,BCL2;BCL2L1,Cell death,Apoptosis
BT-549,PIK3CA_4,BCL2_BCL2L1,1.0,1.0,0.371840304,4.6094597,83.02428239,0.279380406,10.0,84.19982768,15.55071,breast,MSS/MSI-L,Adherent,PIK3CA,Oncogenic signal,AKT/PI3K,BCL2;BCL2L1,Cell death,Apoptosis
M14,PIK3C_2,AKT_1,1.0,1.0,0.302175051,10.0,69.49970226,0.190527253,5.6543397,93.10353609,3.425947,melanoma,MSS/MSI-L,Adherent,PIK3C*,Oncogenic signal,AKT/PI3K,AKT*,Oncogenic signal,AKT/PI3K
MDA-MB-231,MAP2K_1,AKT_SGK,1.0,1.0,0.917241511,0.7992548,0.0,1.0,0.7899256,52.15322957,28.51286,breast,MSS/MSI-L,Adherent,MAP2K1;MAP2K2,Oncogenic signal,MAPK,AKT*;SGK*,Oncogenic signal,AKT/PI3K
Hs-578-T,SLC16A4,FGFR,1.0,1.0,1.0,0.4459156,60.70195406,0.056358849,0.8375645,73.33088629,16.46946,breast,MSS/MSI-L,Adherent,SLC16A3;SLC16A4,Metabolism,Metabolism,FGFR1;FGFR2;FGFR3,Oncogenic signal,RTK
UM-UC-3,IAP,CHEK1,0.03,1.0,0.001363382,1.9338943,66.89004731,0.37532253,10.0,41.79677074,-10.16303,Bladder,MSS/MSI-L,Adherent,NIAP;XIAP;BIRC2;BIRC3,Cell death,Apoptosis,CHEK1,DNA repair,DNA Damage Response
HCC1806,BCL2_BCL2L1,AKT_SGK,1.0,1.0,1.0,0.0,100.0,0.314810758,10.0,61.49958361,5.263332,breast,MSS/MSI-L,Adherent,BCL2;BCL2L1,Cell death,Apoptosis,AKT*;SGK*,Oncogenic signal,AKT/PI3K
CAL-120,MTOR_1,MAP2K_1,1.0,1.0,0.195556837,3.1737968,37.89369185,0.180107512,1.5247926,77.79226984,7.404285,breast,MSS/MSI-L,Adherent,MTOR,Oncogenic signal,AKT/PI3K,MAP2K1;MAP2K2,Oncogenic signal,MAPK
MDA-MB-361,PIK3C,MAP2K_1,3.0,3.0,0.261361763,1.2137397,10.91431493,0.061816075,2.6756165,79.60083435,27.84563,breast,MSS/MSI-L,Adherent,PIK3C*,Oncogenic signal,AKT/PI3K,MAP2K1;MAP2K2,Oncogenic signal,MAPK
NCI-H2085,TOP2_2,PIM1,3.0,3.0,1.201690331,0.7549597,0.0,0.533841763,10.0,90.89749563,26.31805,lung_NSCLC_adenocarcinoma,MSS/MSI-L,Adherent,TOP2*,DNA repair,Chemo,PIM1,Oncogenic signal,STK
HCC1428,MTOR_1,FGFR,1.0,1.0,0.820615151,1.0935644,0.0,0.0001,0.1,89.21732852,-2.545934,breast,MSS/MSI-L,Adherent,MTOR,Oncogenic signal,AKT/PI3K,FGFR1;FGFR2;FGFR3,Oncogenic signal,RTK
NCI-H2291,PIK3C,IAP,3.0,3.0,0.349202295,1.3475569,43.55448029,3.0,10.0,47.20007459,-10.93406,lung_NSCLC_adenocarcinoma,MSS/MSI-L,Adherent,PIK3C*,Oncogenic signal,AKT/PI3K,NIAP;XIAP;BIRC2;BIRC3,Cell death,Apoptosis
SW900,MAP2K_1,BRAF_M,3.0,3.0,0.143415907,0.518228,28.12162653,3.0,0.7856947,68.00367574,-11.86929,lung_NSCLC_squamous_cell_carcinoma,MSS/MSI-L,Adherent,MAP2K1;MAP2K2,Oncogenic signal,MAPK,BRAF_mut,Oncogenic signal,MAPK
BT-474,BCL2L1,AKT,3.0,3.0,0.288792188,10.0,76.09960907,0.294129015,1.620343,4.16270981,118.1512,breast,MSS/MSI-L,Adherent,BCL2L1,Cell death,Apoptosis,AKT1;AKT2;AKT3,Oncogenic signal,AKT/PI3K
UM-UC-3,FGFR,BCL2_BCL2L1,3.0,3.0,3.0,2.5012877,94.40458078,0.198061613,1.2711912,51.75563265,-24.00446,Bladder,MSS/MSI-L,Adherent,FGFR1;FGFR2;FGFR3,Oncogenic signal,RTK,BCL2;BCL2L1,Cell death,Apoptosis
HCC1143,TNKS_PARP6,MTOR_1,1.0,1.0,0.027705953,1.6790855,24.16754341,0.443908822,0.8445536,15.62810709,-5.187288,breast,MSS/MSI-L,Adherent,TNKS;PARP6,Oncogenic signal,Cell Cycle,MTOR,Oncogenic signal,AKT/PI3K
T47D,MAP2K_3,BRAF_M2,0.3,3.0,0.002001658,0.6616433,83.1959514,0.513231659,1.6093054,82.87951947,28.49418,breast,MSS/MSI-L,Adherent,MAP2K*,Oncogenic signal,MAPK,BRAF_V600E,Oncogenic signal,MAPK
BT-549,ERBB,AKT,1.0,1.0,0.081206639,1.8233599,91.94821922,0.258617958,0.9133761,40.62102145,-1.692525,breast,MSS/MSI-L,Adherent,EGFR;ERBB*,Oncogenic signal,RTK,AKT1;AKT2;AKT3,Oncogenic signal,AKT/PI3K
MFM-223,ALK_IGFR,AKT,1.0,1.0,0.598849631,0.9619151,0.82295771,0.194985316,1.1173381,11.18406916,9.359503,breast,MSS/MSI-L,Adherent,ALK;IGF*R,Oncogenic signal,AKT/PI3K,AKT1;AKT2;AKT3,Oncogenic signal,AKT/PI3K
HCC70,SLC16A4,PIK3CB_PIK3CD,1.0,1.0,0.356637244,10.0,92.69975518,0.122976438,0.9772042,0.0,12.66288,breast,MSS/MSI-L,Adherent,SLC16A3;SLC16A4,Metabolism,Metabolism,PIK3CB;PIK3CD,Oncogenic signal,AKT/PI3K
CAL-120,PIK3CA_4,PIK3C_2,1.0,1.0,1.0,0.2739871,60.49665762,0.314483634,10.0,55.4995559,-5.556954,breast,MSS/MSI-L,Adherent,PIK3CA,Oncogenic signal,AKT/PI3K,PIK3C*,Oncogenic signal,AKT/PI3K
HCC70,PIK3C,MTOR_1,1.0,1.0,1.0,10.0,28.60005887,0.36070055,10.0,64.89868519,27.19971,breast,MSS/MSI-L,Adherent,PIK3C*,Oncogenic signal,AKT/PI3K,MTOR,Oncogenic signal,AKT/PI3K
NCI-H3122,Vinorelbine,IAP,0.1,0.3,0.025215873,10.0,7.69366818,1.0,0.0,100.0,20.19474,lung_NSCLC_adenocarcinoma,MSS/MSI-L,Adherent,microtubule;TUBB,DNA repair,Chemo,NIAP;XIAP;BIRC2;BIRC3,Cell death,Apoptosis
HCC38,SLC16A4,MAP2K_1,1.0,1.0,1.0,0.0,100.0,0.241769739,4.489731,82.0686251,11.04773,breast,MSS/MSI-L,Adherent,SLC16A3;SLC16A4,Metabolism,Metabolism,MAP2K1;MAP2K2,Oncogenic signal,MAPK
HCC1500,PARP1,HDAC_4,1.0,1.0,0.184645789,0.9196617,52.90784301,0.165292376,10.0,59.82805991,-21.82329,breast,MSS/MSI-L,Adherent,PARP1,DNA repair,DNA Damage Response,HDAC*,Differentiation,Epigenetic
HCC1187,Chloroquine,AKT_1,10.0,3.0,1.0,0.0,100.0,0.089229655,1.1990363,39.11784541,-2.39969,breast,MSS/MSI-L,Suspension,Thiamine,other,other,AKT*,Oncogenic signal,AKT/PI3K
SW837,IAP,CHEK1,1.0,0.3,0.163906894,10.0,78.18733988,0.071997073,2.2176517,4.37139022,24.55307,large_intestine,MSS/MSI-L,Adherent,NIAP;XIAP;BIRC2;BIRC3,Cell death,Apoptosis,CHEK1,DNA repair,DNA Damage Response
HCC1428,MAP2K_1,ESR1,1.0,1.0,1.0,0.0,100.0,0.2692887,10.0,56.99959043,-20.26795,breast,MSS/MSI-L,Adherent,MAP2K1;MAP2K2,Oncogenic signal,MAPK,ESR1,Oncogenic signal,Hormonal
NCI-H358,CSNK2A1_2,Carboplatin,0.1,3.0,0.012691524,3.7198599,16.20529712,1.354043748,2.7891099,29.37503359,-21.99008,lung_NSCLC_adenocarcinoma,MSS/MSI-L,Adherent,CSNK2A1,Oncogenic signal,STK,DNA,DNA repair,Chemo
BFTC-905,PIK3CB_PIK3CD,PARP1,3.0,3.0,0.394211433,1.4652398,22.47700744,3.0,1.2427182,51.21154157,37.33027,Bladder,MSS/MSI-L,Adherent,PIK3CB;PIK3CD,Oncogenic signal,AKT/PI3K,PARP1,DNA repair,DNA Damage Response
MDA-MB-361,MAP2K_1,HSP90,1.0,1.0,0.080200612,2.0893642,88.31029486,0.107637155,2.2854174,1.77129615,-0.9397268,breast,MSS/MSI-L,Adherent,MAP2K1;MAP2K2,Oncogenic signal,MAPK,HSP90AA1,Cell death,Apoptosis
BT-20,ATR_4,AKT,1.0,1.0,1.0,1.3960523,3.13923903,0.183312579,2.9813394,79.49010893,-0.7921831,breast,MSS/MSI-L,Adherent,ATR,DNA repair,DNA Damage Response,AKT1;AKT2;AKT3,Oncogenic signal,AKT/PI3K
J82,TNF,IAP,0.1,3.0,1.0,0.0,100.0,0.0003,0.1216751,0.0,-4.07326,Bladder,MSS/MSI-L,Adherent,TNFA,Cell death,Apoptosis,NIAP;XIAP;BIRC2;BIRC3,Cell death,Apoptosis
NCI-H1299,Topotecan,IAP,0.1,1.0,0.016059731,2.3748248,24.609814,0.068787765,0.7088807,20.93062426,36.02865,lung_NSCLC_large cell,MSS/MSI-L,Adherent,TOP1;TOP1MT;DNA,DNA repair,Chemo,NIAP;XIAP;BIRC2;BIRC3,Cell death,Apoptosis
NCI-H2291,IAP,Doxorubicin,3.0,0.1,3.0,10.0,61.6005689,0.020455917,2.755392,47.77065145,10.40443,lung_NSCLC_adenocarcinoma,MSS/MSI-L,Adherent,NIAP;XIAP;BIRC2;BIRC3,Cell death,Apoptosis,TOP*;DNMT1,DNA repair,Chemo
HCC1395,IAP,BCL2L1,3.0,3.0,0.116643726,10.0,33.73190764,1.0,0.0,100.0,12.01887,breast,MSS/MSI-L,Adherent,NIAP;XIAP;BIRC2;BIRC3,Cell death,Apoptosis,BCL2L1,Cell death,Apoptosis
MDA-MB-231,ATR_4,AKT,1.0,1.0,1.0,10.0,49.00022721,0.122777966,1.9404586,78.15118747,-15.84111,breast,MSS/MSI-L,Adherent,ATR,DNA repair,DNA Damage Response,AKT1;AKT2;AKT3,Oncogenic signal,AKT/PI3K
NCI-H2291,Gemcitabine,CSNK2A1_2,0.03,0.01,0.001817093,1.2503246,21.1666415,0.002927981,1.10108,5.36790352,3.564371,lung_NSCLC_adenocarcinoma,MSS/MSI-L,Adherent,DNA;RRM1;TYMS;CMPK1,Cell death,Chemo,CSNK2A1,Oncogenic signal,STK
DMS-114,MTOR_1,ALK_2,3.0,3.0,0.15199748,1.1798795,13.46420434,3.0,0.4706589,7.11624829,60.93739,lung_small_cell_carcinoma,MSS/MSI-L,Adherent,MTOR,Oncogenic signal,AKT/PI3K,ALK,Oncogenic signal,RTK
CAL-148,PIM1,PIK3C,1.0,1.0,0.172890454,10.0,86.72602213,1.0,0.8032011,12.87674364,7.277314,breast,MSS/MSI-L,Suspension,PIM1,Oncogenic signal,STK,PIK3C*,Oncogenic signal,AKT/PI3K
MDA-MB-453,PIP5K1,PIK3CB_PIK3CD,1.0,1.0,1.0,0.0,100.0,0.184717835,1.0812877,29.62741853,11.12932,breast,MSS/MSI-L,Adherent,PIP5K1*,Metabolism,Metabolism,PIK3CB;PIK3CD,Oncogenic signal,AKT/PI3K
A549,IAP,ATR_4,3.0,3.0,3.0,0.2487201,67.64209935,1.263161499,10.0,39.88947427,12.82149,lung_NSCLC_adenocarcinoma,MSS/MSI-L,Adherent,NIAP;XIAP;BIRC2;BIRC3,Cell death,Apoptosis,ATR,DNA repair,DNA Damage Response
HCC1419,MTOR_1,ERBB,1.0,3.0,0.138589887,1.9111503,23.03172678,0.134053857,1.2104353,19.2516493,16.82992,breast,MSS/MSI-L,Adherent,MTOR,Oncogenic signal,AKT/PI3K,EGFR;ERBB*,Oncogenic signal,RTK
NCI-H2291,TOP2,Doxorubicin,3.0,0.1,3.0,1.1521733,47.24391859,0.024114493,4.2591694,48.68082146,39.05313,lung_NSCLC_adenocarcinoma,MSS/MSI-L,Adherent,TOP2*;PRKDC,DNA repair,DNA Damage Response,TOP*;DNMT1,DNA repair,Chemo
NCI-H1437,TNFSF10,CSNK2A1_2,0.03,0.1,0.012361361,1.973583,0.0,0.01255893,2.805566,11.05832142,13.67039,lung_NSCLC_adenocarcinoma,MSS/MSI-L,Adherent,TNFSF10,Cell death,Apoptosis,CSNK2A1,Oncogenic signal,STK
HCC1428,PIK3C_2,AKT,1.0,1.0,0.297000303,10.0,38.29942399,0.0001,0.1,93.92849929,1.231675,breast,MSS/MSI-L,Adherent,PIK3C*,Oncogenic signal,AKT/PI3K,AKT1;AKT2;AKT3,Oncogenic signal,AKT/PI3K
J82,ATR_4,AKT,3.0,3.0,0.781541949,2.760254,42.96683842,0.716815045,1.2008159,27.17444691,1.473032,Bladder,MSS/MSI-L,Adherent,ATR,DNA repair,DNA Damage Response,AKT1;AKT2;AKT3,Oncogenic signal,AKT/PI3K
HCC1428,MTOR_1,ERBB,1.0,1.0,0.315108551,2.8645538,56.88731933,1.0,0.0,100.0,5.157013,breast,MSS/MSI-L,Adherent,MTOR,Oncogenic signal,AKT/PI3K,EGFR;ERBB*,Oncogenic signal,RTK
Hs-578-T,ERBB,AKT,1.0,1.0,1.0,0.0,100.0,0.169301857,1.1627798,55.09149299,5.710976,breast,MSS/MSI-L,Adherent,EGFR;ERBB*,Oncogenic signal,RTK,AKT1;AKT2;AKT3,Oncogenic signal,AKT/PI3K
NCI-H23,MTOR_1,ALK,3.0,3.0,0.180080401,1.3115175,15.87353404,0.286773674,1.0821096,0.0,31.80285,lung_NSCLC_adenocarcinoma,MSS/MSI-L,Adherent,MTOR,Oncogenic signal,AKT/PI3K,ALK,Oncogenic signal,AKT/PI3K
CAL-148,PIK3CB_PIK3CD,AKT_1,1.0,1.0,0.343986067,10.0,24.59825067,0.334446918,1.2014325,0.0,12.17552,breast,MSS/MSI-L,Suspension,PIK3CB;PIK3CD,Oncogenic signal,AKT/PI3K,AKT*,Oncogenic signal,AKT/PI3K
MDA-MB-468,SLC16A4,BCL2_BCL2L1,1.0,1.0,1.0,0.0,100.0,0.292164641,10.0,77.1998478,49.78612,breast,MSS/MSI-L,Adherent,SLC16A3;SLC16A4,Metabolism,Metabolism,BCL2;BCL2L1,Cell death,Apoptosis
NCI-H2085,MAP2K_3,BRAF_M2,0.3,3.0,0.002611974,0.5599582,13.65144679,0.0003,0.1,77.84394767,16.86207,lung_NSCLC_adenocarcinoma,MSS/MSI-L,Adherent,MAP2K*,Oncogenic signal,MAPK,BRAF_V600E,Oncogenic signal,MAPK
MDA-MB-436,MAP2K_1,ESR1,1.0,1.0,1.0,0.3894473,16.33894163,1.0,0.0,100.0,10.64137,breast,MSS/MSI-L,Adherent,MAP2K1;MAP2K2,Oncogenic signal,MAPK,ESR1,Oncogenic signal,Hormonal
T47D,PIK3C,MTOR_1,3.0,1.0,0.184467046,1.1665015,11.88924575,0.095221337,1.6099409,18.9458939,18.13581,breast,MSS/MSI-L,Adherent,PIK3C*,Oncogenic signal,AKT/PI3K,MTOR,Oncogenic signal,AKT/PI3K
MDA-MB-468,PIK3C_2,AKT_1,1.0,1.0,1.0,1.5044778,5.72031271,0.416547724,1.4049603,44.69783159,8.75136,breast,MSS/MSI-L,Adherent,PIK3C*,Oncogenic signal,AKT/PI3K,AKT*,Oncogenic signal,AKT/PI3K
NCI-H1437,MTOR_1,ALK_2,3.0,3.0,0.410839141,0.8410677,0.0,0.524537422,0.6460663,0.0,59.67383,lung_NSCLC_adenocarcinoma,MSS/MSI-L,Adherent,MTOR,Oncogenic signal,AKT/PI3K,ALK,Oncogenic signal,RTK
HCC1395,PIM1,BCL2_BCL2L1,1.0,1.0,1.0,10.0,77.60000709,1.0,0.0,100.0,16.92884,breast,MSS/MSI-L,Adherent,PIM1,Oncogenic signal,STK,BCL2;BCL2L1,Cell death,Apoptosis
MDA-MB-436,PIK3C,AKT_SGK,1.0,1.0,0.293734652,2.5298937,57.68076405,0.268909734,10.0,69.29948596,7.849494,breast,MSS/MSI-L,Adherent,PIK3C*,Oncogenic signal,AKT/PI3K,AKT*;SGK*,Oncogenic signal,AKT/PI3K
MFM-223,BCL2_BCL2L1,AKT_1,1.0,1.0,0.445543834,1.8850749,49.70132704,0.310130493,0.7834606,0.0,14.16864,breast,MSS/MSI-L,Adherent,BCL2;BCL2L1,Cell death,Apoptosis,AKT*,Oncogenic signal,AKT/PI3K
LS-513,MAP2K_1,BCL2,0.3,3.0,0.086642433,1.7885443,23.66169368,0.925252642,2.0470956,19.75518753,27.76403,large_intestine,MSS/MSI-L,Adherent,MAP2K1;MAP2K2,Oncogenic signal,MAPK,BCL2,Cell death,Apoptosis
SW837,IGFR_4,BCL2,10.0,3.0,0.821924287,0.5892662,0.0,1.0,0.0,100.0,7.891496,large_intestine,MSS/MSI-L,Adherent,IGF*R,Oncogenic signal,RTK,BCL2,Cell death,Apoptosis
M14,FGFR,BCL2_BCL2L1,1.0,1.0,1.0,0.0,100.0,0.039332547,0.5503847,2.5775905,-18.60519,melanoma,MSS/MSI-L,Adherent,FGFR1;FGFR2;FGFR3,Oncogenic signal,RTK,BCL2;BCL2L1,Cell death,Apoptosis
HCC70,CarboTaxol,ATR_4,0.01,3.0,0.000205909,0.757844,31.62740188,0.001940544,0.2391583,0.0,-8.361991,breast,MSS/MSI-L,Adherent,DNA,DNA repair,Chemo,ATR,DNA repair,DNA Damage Response
Hs-578-T,TNKS_PARP6,FGFR,1.0,1.0,0.023093619,2.4998935,19.6157727,0.015526081,10.0,81.62424668,5.233097,breast,MSS/MSI-L,Adherent,TNKS;PARP6,Oncogenic signal,Cell Cycle,FGFR1;FGFR2;FGFR3,Oncogenic signal,RTK
HCC1395,PIP5K1,AKT,1.0,1.0,1.0,10.0,83.60013667,0.265404543,2.0456376,51.92122547,9.475774,breast,MSS/MSI-L,Adherent,PIP5K1*,Metabolism,Metabolism,AKT1;AKT2;AKT3,Oncogenic signal,AKT/PI3K
NCI-H2085,PIK3C,IAP,3.0,3.0,0.42834446,2.1574112,21.53521296,0.823644287,0.2719324,0.0,27.64164,lung_NSCLC_adenocarcinoma,MSS/MSI-L,Adherent,PIK3C*,Oncogenic signal,AKT/PI3K,NIAP;XIAP;BIRC2;BIRC3,Cell death,Apoptosis
647-V,PIM1,PIK3C,3.0,3.0,1.0,0.0,100.0,1.062625926,10.0,58.59870964,45.26781,Bladder,MSS/MSI-L,Adherent,PIM1,Oncogenic signal,STK,PIK3C*,Oncogenic signal,AKT/PI3K
HCC1187,MTOR_1,BCL2L1,1.0,3.0,0.098688741,0.8716742,25.13529912,3.0,0.1306628,30.5761336,51.7746,breast,MSS/MSI-L,Suspension,MTOR,Oncogenic signal,AKT/PI3K,BCL2L1,Cell death,Apoptosis
DU-4475,PIK3CA_4,BCL2_BCL2L1,1.0,1.0,0.401593808,2.1904494,42.61925432,0.0001,1.3741144,0.21466155,-0.6146134,breast,MSS/MSI-L,Suspension,PIK3CA,Oncogenic signal,AKT/PI3K,BCL2;BCL2L1,Cell death,Apoptosis
NCI-H1975,TOP2,Doxorubicin,3.0,0.1,0.000531764,9.5780866,18.98,0.025936407,3.0364393,36.17562316,-17.92986,lung_NSCLC_adenocarcinoma,MSS/MSI-L,Adherent,TOP2*;PRKDC,DNA repair,DNA Damage Response,TOP*;DNMT1,DNA repair,Chemo
647-V,MTOR_1,ATR_4,1.0,3.0,0.392223413,2.2054125,35.21491625,1.521945328,10.0,66.16183238,-21.24248,Bladder,MSS/MSI-L,Adherent,MTOR,Oncogenic signal,AKT/PI3K,ATR,DNA repair,DNA Damage Response
MCF7,MTOR_1,ESR1_3,1.0,1.0,0.118171422,1.8113833,6.92505918,0.222202628,1.9303294,65.61538996,14.37281,breast,MSS/MSI-L,Adherent,MTOR,Oncogenic signal,AKT/PI3K,ESR1,Oncogenic signal,Hormonal
Calu-6,CarboTaxol,BCL2,0.01,3.0,0.001992065,3.3630234,20.30964263,1.432373658,0.6078514,7.77112712,5.015081,lung_NSCLC_adenocarcinoma,MSS/MSI-L,Adherent,DNA,DNA repair,Chemo,BCL2,Cell death,Apoptosis
CAMA-1,PIP5K1,PIK3C,1.0,1.0,1.0,0.0,100.0,1.0,1.7785691,12.8920045,-10.80256,breast,MSS/MSI-L,Adherent,PIP5K1*,Metabolism,Metabolism,PIK3C*,Oncogenic signal,AKT/PI3K
UM-UC-3,FGFR,ERBB,3.0,3.0,1.0,0.0,100.0,1.142938612,10.0,73.09826617,43.37667,Bladder,MSS/MSI-L,Adherent,FGFR1;FGFR2;FGFR3,Oncogenic signal,RTK,EGFR;ERBB*,Oncogenic signal,RTK
HCC1806,PIK3CA_4,ERBB,1.0,1.0,0.321987467,9.9969555,67.59961023,1.0,0.0,100.0,-11.43228,breast,MSS/MSI-L,Adherent,PIK3CA,Oncogenic signal,AKT/PI3K,EGFR;ERBB*,Oncogenic signal,RTK
BT-474,PIK3C,MAP2K_1,3.0,3.0,0.5612592,2.5624754,2.44258601,0.996061457,2.1921422,76.59742292,43.73658,breast,MSS/MSI-L,Adherent,PIK3C*,Oncogenic signal,AKT/PI3K,MAP2K1;MAP2K2,Oncogenic signal,MAPK
BT-549,SLC16A4,MTOR_1,1.0,1.0,0.094686512,10.0,81.04974157,0.507771058,0.8562569,0.0,-13.05606,breast,MSS/MSI-L,Adherent,SLC16A3;SLC16A4,Metabolism,Metabolism,MTOR,Oncogenic signal,AKT/PI3K
EVSA-T,MTOR_1,BCL2L1,1.0,3.0,0.18242248,1.3354247,0.0,0.058105164,10.0,93.27136122,4.172498,breast,MSS/MSI-L,Adherent,MTOR,Oncogenic signal,AKT/PI3K,BCL2L1,Cell death,Apoptosis
CAL-51,MTOR_1,ALK_IGFR,1.0,1.0,0.243075416,2.0293727,27.53288841,0.349765178,10.0,85.89961057,20.21112,breast,MSS/MSI-L,Adherent,MTOR,Oncogenic signal,AKT/PI3K,ALK;IGF*R,Oncogenic signal,AKT/PI3K
T47D,CSNK2A1_2,AKT,0.1,3.0,0.008823486,2.8229599,27.4601731,0.146192598,0.9370782,19.17815528,44.96176,breast,MSS/MSI-L,Adherent,CSNK2A1,Oncogenic signal,STK,AKT1;AKT2;AKT3,Oncogenic signal,AKT/PI3K
MFM-223,ERBB,AKT,1.0,1.0,1.0,0.0,100.0,0.172915547,1.2903723,5.18120969,13.76105,breast,MSS/MSI-L,Adherent,EGFR;ERBB*,Oncogenic signal,RTK,AKT1;AKT2;AKT3,Oncogenic signal,AKT/PI3K
MDA-MB-453,MAP2K_1,EGFR,1.0,0.1,1.0,10.0,83.80012983,0.028689544,0.9608528,34.52898889,-18.64662,breast,MSS/MSI-L,Adherent,MAP2K1;MAP2K2,Oncogenic signal,MAPK,EGFR,Oncogenic signal,RTK
BT-549,FGFR,AKT,1.0,1.0,0.101135905,3.1136298,68.98926885,0.168647072,1.0782794,47.21380863,37.32471,breast,MSS/MSI-L,Adherent,FGFR1;FGFR2;FGFR3,Oncogenic signal,RTK,AKT1;AKT2;AKT3,Oncogenic signal,AKT/PI3K
SW780,PIK3CB_PIK3CD,PARP1,3.0,3.0,1.0,0.0,100.0,1.0,0.0,100.0,-42.21036,Bladder,MSS/MSI-L,Adherent,PIK3CB;PIK3CD,Oncogenic signal,AKT/PI3K,PARP1,DNA repair,DNA Damage Response
HCC1937,MAP2K_1,EGFR,1.0,0.1,0.179960049,0.4899322,71.73396275,0.1,0.3321522,60.01380973,38.84389,breast,MSS/MSI-L,Adherent,MAP2K1;MAP2K2,Oncogenic signal,MAPK,EGFR,Oncogenic signal,RTK
HT-1197,TNF,AKT,0.1,1.0,0.001029262,1.0788876,53.25729981,1.0,0.3333529,13.37095066,35.02862,Bladder,MSS/MSI-L,Adherent,TNFA,Cell death,Apoptosis,AKT1;AKT2;AKT3,Oncogenic signal,AKT/PI3K
MDA-MB-157,BCL2_2,AKT_1,3.0,3.0,1.188163062,4.740805,0.0,3.0,0.255839,43.24045236,-8.942741,breast,MSS/MSI-L,Adherent,BCL2,Cell death,Apoptosis,AKT*,Oncogenic signal,AKT/PI3K
J82,FGFR,AKT,3.0,3.0,0.065391144,1.1226817,62.26301982,0.951072919,1.0642443,26.73400978,43.28107,Bladder,MSS/MSI-L,Adherent,FGFR1;FGFR2;FGFR3,Oncogenic signal,RTK,AKT1;AKT2;AKT3,Oncogenic signal,AKT/PI3K
HCC1806,PIM1,MAP2K_1,1.0,1.0,0.396747694,10.0,80.89815412,0.258670194,1.0693857,17.23427133,37.84039,breast,MSS/MSI-L,Adherent,PIM1,Oncogenic signal,STK,MAP2K1;MAP2K2,Oncogenic signal,MAPK
M14,MTOR_1,ATR_4,1.0,1.0,0.355988398,10.0,71.89907755,0.277696101,3.425732,17.08688586,-37.95759,melanoma,MSS/MSI-L,Adherent,MTOR,Oncogenic signal,AKT/PI3K,ATR,DNA repair,DNA Damage Response
HCC1395,EGFR,AKT_1,0.1,1.0,1e-05,0.1,93.6363029,1.0,0.660699,0.26501941,9.610014,breast,MSS/MSI-L,Adherent,EGFR,Oncogenic signal,RTK,AKT*,Oncogenic signal,AKT/PI3K
J82,IAP,ATR_4,3.0,3.0,0.002601207,0.3573043,11.42696557,3.0,1.2176992,2.10992066,-5.438657,Bladder,MSS/MSI-L,Adherent,NIAP;XIAP;BIRC2;BIRC3,Cell death,Apoptosis,ATR,DNA repair,DNA Damage Response
NCI-H2085,PIK3CA_3,CSNK2A1_2,3.0,0.03,3.0,0.6873902,5.54425775,0.010146766,0.8436431,0.0,19.76423,lung_NSCLC_adenocarcinoma,MSS/MSI-L,Adherent,PIK3CA,Oncogenic signal,AKT/PI3K,CSNK2A1,Oncogenic signal,STK
TCCSUP,PARP1,Cisplatin,3.0,3.0,3.0,0.8254665,24.20736736,0.45810397,2.0241478,12.69844859,19.62715,Bladder,MSS/MSI-L,Adherent,PARP1,DNA repair,DNA Damage Response,DNA,DNA repair,Chemo
A549,TOP2_2,IAP,1.0,3.0,0.315330907,10.0,22.99923162,3.0,0.3599984,66.0179837,12.05567,lung_NSCLC_adenocarcinoma,MSS/MSI-L,Adherent,TOP2*,DNA repair,Chemo,NIAP;XIAP;BIRC2;BIRC3,Cell death,Apoptosis
T-24,HDAC_4,AKT,3.0,3.0,1.120697296,10.0,10.895278,1.0,0.0,100.0,-9.996189,Bladder,MSS/MSI-L,Adherent,HDAC*,Differentiation,Epigenetic,AKT1;AKT2;AKT3,Oncogenic signal,AKT/PI3K
MDA-MB-436,Chloroquine,AKT_1,10.0,3.0,1.0,0.0,100.0,0.758466835,2.0842443,77.45585059,-20.33754,breast,MSS/MSI-L,Adherent,Thiamine,other,other,AKT*,Oncogenic signal,AKT/PI3K
M14,MAP2K_1,AKT_SGK,1.0,1.0,0.163538107,2.4085634,29.87254207,0.304531432,10.0,78.5997566,9.312902,melanoma,MSS/MSI-L,Adherent,MAP2K1;MAP2K2,Oncogenic signal,MAPK,AKT*;SGK*,Oncogenic signal,AKT/PI3K
HCC1954,ERBB,AKT,3.0,3.0,0.072592599,0.6781367,23.03683122,0.128993277,0.3857207,0.0,60.80097,breast,MSS/MSI-L,Adherent,EGFR;ERBB*,Oncogenic signal,RTK,AKT1;AKT2;AKT3,Oncogenic signal,AKT/PI3K
NCI-H522,EGFR_2,ALK,1.0,3.0,1.0,0.2697272,50.54816287,0.860047046,0.7372671,0.0,0.6658303,lung_NSCLC_adenocarcinoma,MSS/MSI-L,Adherent,EGFR,Oncogenic signal,RTK,ALK,Oncogenic signal,AKT/PI3K
RT4,Proteasome_2,FGFR,0.1,3.0,0.003251414,10.0,0.0,0.484613896,0.8537237,29.08620087,17.66158,Bladder,MSS/MSI-L,Adherent,Proteasome,Cell death,Apoptosis,FGFR1;FGFR2;FGFR3,Oncogenic signal,RTK
NCI-H520,PIK3C,ALK,1.0,3.0,0.359978173,1.5527859,24.23661794,2.911864033,10.0,0.0,5.202981,lung_NSCLC_squamous_cell_carcinoma,MSS/MSI-L,Adherent,PIK3C*,Oncogenic signal,AKT/PI3K,ALK,Oncogenic signal,AKT/PI3K
NCI-H1437,TOP2,ALK_2,3.0,3.0,1.883506326,1.1113771,0.0,0.58685905,0.5025745,0.0,17.20011,lung_NSCLC_adenocarcinoma,MSS/MSI-L,Adherent,TOP2*;PRKDC,DNA repair,DNA Damage Response,ALK,Oncogenic signal,RTK
SW837,JAK,IAP,3.0,1.0,1.280584685,2.0447384,34.35356115,0.541742579,1.1779449,67.07829915,33.53431,large_intestine,MSS/MSI-L,Adherent,JAK1;JAK2,Oncogenic signal,Cell Cycle,NIAP;XIAP;BIRC2;BIRC3,Cell death,Apoptosis
CAL-120,EGFR,AKT_1,0.1,1.0,1.0,0.0,100.0,1.0,10.0,78.80009236,-14.34116,breast,MSS/MSI-L,Adherent,EGFR,Oncogenic signal,RTK,AKT*,Oncogenic signal,AKT/PI3K
MDA-MB-468,PIK3C,MAP2K_1,1.0,1.0,0.380570546,10.0,71.69819563,0.169298545,1.4140057,77.82961487,20.51677,breast,MSS/MSI-L,Adherent,PIK3C*,Oncogenic signal,AKT/PI3K,MAP2K1;MAP2K2,Oncogenic signal,MAPK
DMS-114,MAP2K_1,BRAF_M2,3.0,3.0,0.329931268,0.8957432,61.37448223,3.0,1.4062555,37.31592484,89.00051,lung_small_cell_carcinoma,MSS/MSI-L,Adherent,MAP2K1;MAP2K2,Oncogenic signal,MAPK,BRAF_V600E,Oncogenic signal,MAPK
HCC1569,MTOR_1,ESR1_1,1.0,3.0,0.13721429,0.4081398,0.0,3.0,0.9983261,49.94724014,6.21804,breast,MSI-H,Adherent,MTOR,Oncogenic signal,AKT/PI3K,ESR1,Oncogenic signal,Hormonal
HCC1143,BCL2_BCL2L1,AKT_SGK,1.0,1.0,0.310984965,10.0,58.39962913,0.183040173,10.0,89.26931826,-11.27415,breast,MSS/MSI-L,Adherent,BCL2;BCL2L1,Cell death,Apoptosis,AKT*;SGK*,Oncogenic signal,AKT/PI3K
CAL-148,PIK3C,MTOR_1,1.0,1.0,0.314328587,10.0,43.69945599,0.999999999,10.0,31.80000206,20.43965,breast,MSS/MSI-L,Suspension,PIK3C*,Oncogenic signal,AKT/PI3K,MTOR,Oncogenic signal,AKT/PI3K
DMS-114,MTOR_1,FGFR,1.0,3.0,0.618544143,0.9108319,0.0,0.159942441,2.1942635,14.67069632,7.986024,lung_small_cell_carcinoma,MSS/MSI-L,Adherent,MTOR,Oncogenic signal,AKT/PI3K,FGFR1;FGFR2;FGFR3,Oncogenic signal,RTK
CAL-120,FGFR,EGFR,1.0,0.1,1.0,0.0,100.0,1.0,0.0,100.0,64.61455,breast,MSS/MSI-L,Adherent,FGFR1;FGFR2;FGFR3,Oncogenic signal,RTK,EGFR,Oncogenic signal,RTK
BT-20,PIP5K1,PIK3CB_PIK3CD,1.0,1.0,0.236937196,1.1762713,74.06933206,1.0,0.5106952,48.72763715,-0.1666601,breast,MSS/MSI-L,Adherent,PIP5K1*,Metabolism,Metabolism,PIK3CB;PIK3CD,Oncogenic signal,AKT/PI3K
CAMA-1,PIK3CA_4,AKT,1.0,1.0,0.295412947,10.0,94.79995522,0.142178068,1.2971714,7.40032662,10.95871,breast,MSS/MSI-L,Adherent,PIK3CA,Oncogenic signal,AKT/PI3K,AKT1;AKT2;AKT3,Oncogenic signal,AKT/PI3K
MDA-MB-157,EGFR,AKT,0.1,1.0,0.1,2.0053262,67.47582887,0.06979127,4.7306785,78.62833135,3.244543,breast,MSS/MSI-L,Adherent,EGFR,Oncogenic signal,RTK,AKT1;AKT2;AKT3,Oncogenic signal,AKT/PI3K
HCC1428,PIK3C,AKT_SGK,1.0,1.0,1.0,0.5955597,59.73504922,1.0,0.6029697,55.78964845,-0.5884692,breast,MSS/MSI-L,Adherent,PIK3C*,Oncogenic signal,AKT/PI3K,AKT*;SGK*,Oncogenic signal,AKT/PI3K
HCC1806,AKT,ADAM17,1.0,75.0,0.313992099,10.0,63.39963528,75.0,0.39257,48.6500541,-26.73325,breast,MSS/MSI-L,Adherent,AKT1;AKT2;AKT3,Oncogenic signal,AKT/PI3K,ADAM17,Differentiation,EMT/migration
BFTC-905,ATR_4,AKT,3.0,3.0,0.980861481,1.9514052,0.87198217,0.431346599,1.3683925,29.29772121,-14.1991,Bladder,MSS/MSI-L,Adherent,ATR,DNA repair,DNA Damage Response,AKT1;AKT2;AKT3,Oncogenic signal,AKT/PI3K
NCI-H1299,TOP2,ALK_2,3.0,3.0,3.0,0.6716179,24.87384617,0.034903896,0.6428151,71.51545835,25.34337,lung_NSCLC_large cell,MSS/MSI-L,Adherent,TOP2*;PRKDC,DNA repair,DNA Damage Response,ALK,Oncogenic signal,RTK
MDA-MB-157,MAP2K_3,BRAF_M2,0.3,3.0,0.173057615,0.2197455,0.0,1.438426523,0.2735638,42.90651889,21.29198,breast,MSS/MSI-L,Adherent,MAP2K*,Oncogenic signal,MAPK,BRAF_V600E,Oncogenic signal,MAPK
HCC70,AKT,ADAM17,1.0,75.0,0.273313342,4.4425604,17.44189655,1.0,0.0,100.0,8.31689,breast,MSS/MSI-L,Adherent,AKT1;AKT2;AKT3,Oncogenic signal,AKT/PI3K,ADAM17,Differentiation,EMT/migration
J82,MAP2K_1,HSP90,3.0,3.0,0.097710046,0.6432942,62.51523894,0.12041144,2.2744397,21.13944415,13.75687,Bladder,MSS/MSI-L,Adherent,MAP2K1;MAP2K2,Oncogenic signal,MAPK,HSP90AA1,Cell death,Apoptosis
NCI-H520,FGFR,BCL2_BCL2L1,3.0,3.0,0.067911372,1.7895987,62.13485088,0.606625574,1.1726338,92.2597607,-30.33513,lung_NSCLC_squamous_cell_carcinoma,MSS/MSI-L,Adherent,FGFR1;FGFR2;FGFR3,Oncogenic signal,RTK,BCL2;BCL2L1,Cell death,Apoptosis
DU-4475,PIK3C,AKT_SGK,1.0,1.0,0.212872911,1.7618672,0.0,0.310758967,10.0,21.99928722,-18.41464,breast,MSS/MSI-L,Suspension,PIK3C*,Oncogenic signal,AKT/PI3K,AKT*;SGK*,Oncogenic signal,AKT/PI3K
T47D,IAP,BCL2L1,3.0,3.0,0.0003,0.1,69.54209281,0.133285358,0.1,69.93445545,37.3667,breast,MSS/MSI-L,Adherent,NIAP;XIAP;BIRC2;BIRC3,Cell death,Apoptosis,BCL2L1,Cell death,Apoptosis
Hs-578-T,ALK_IGFR,AKT,1.0,1.0,1.0,10.0,72.00057395,0.300913471,10.0,66.89948133,39.41124,breast,MSS/MSI-L,Adherent,ALK;IGF*R,Oncogenic signal,AKT/PI3K,AKT1;AKT2;AKT3,Oncogenic signal,AKT/PI3K
HCC70,MTOR_1,BCL2L1,1.0,3.0,0.014388008,0.2584179,0.0,0.02306901,1.0191729,41.42823966,3.059265,breast,MSS/MSI-L,Adherent,MTOR,Oncogenic signal,AKT/PI3K,BCL2L1,Cell death,Apoptosis
RKO,SN38,IAP,0.03,1.0,0.0024039,10.0,3.84683204,0.054684832,4.9623111,90.85335138,48.04435,large_intestine,MSI-H,Adherent,TOP1;TOP2*,DNA repair,Chemo,NIAP;XIAP;BIRC2;BIRC3,Cell death,Apoptosis
UACC-812,MTOR_1,ESR1_3,1.0,1.0,1.0,10.0,4.8000238,1.0,0.0,100.0,33.10507,breast,MSS/MSI-L,Adherent,MTOR,Oncogenic signal,AKT/PI3K,ESR1,Oncogenic signal,Hormonal
NCI-H1793,Topotecan,BCL2,0.3,3.0,0.220982859,1.7626351,0.0,0.427920879,1.4700199,31.11927669,24.90376,lung_NSCLC_adenocarcinoma,MSS/MSI-L,Adherent,TOP1;TOP1MT;DNA,DNA repair,Chemo,BCL2,Cell death,Apoptosis
NCI-H1437,PIK3CB,ALK_2,3.0,3.0,3.0,0.4412866,57.93666447,0.840426396,0.7084732,0.0,23.06369,lung_NSCLC_adenocarcinoma,MSS/MSI-L,Adherent,PIK3CB,Oncogenic signal,AKT/PI3K,ALK,Oncogenic signal,RTK
HCC1428,PIP5K1,AKT,1.0,1.0,1.0,0.0,100.0,1.0,0.0,100.0,-1.395562,breast,MSS/MSI-L,Adherent,PIP5K1*,Metabolism,Metabolism,AKT1;AKT2;AKT3,Oncogenic signal,AKT/PI3K
HCC38,PIK3C,PARP1,1.0,3.0,0.308365526,10.0,67.79973893,3.0,0.4087407,61.71451502,25.35169,breast,MSS/MSI-L,Adherent,PIK3C*,Oncogenic signal,AKT/PI3K,PARP1,DNA repair,DNA Damage Response
MDA-MB-468,TNKS_PARP6,PIK3CB_PIK3CD,1.0,1.0,0.031360364,2.0789644,1.17933131,0.336488661,10.0,64.29932682,-5.150774,breast,MSS/MSI-L,Adherent,TNKS;PARP6,Oncogenic signal,Cell Cycle,PIK3CB;PIK3CD,Oncogenic signal,AKT/PI3K
MDA-MB-361,Chloroquine,AKT_1,10.0,3.0,3.37097759,1.0763155,70.48649733,0.084343171,0.7278502,14.64061781,10.34497,breast,MSS/MSI-L,Adherent,Thiamine,other,other,AKT*,Oncogenic signal,AKT/PI3K
MCF7,FGFR,Chloroquine,1.0,1.0,1.0,10.0,91.80000244,0.300001185,10.0,93.39995089,24.53423,breast,MSS/MSI-L,Adherent,FGFR1;FGFR2;FGFR3,Oncogenic signal,RTK,Thiamine,other,other
NCI-H520,CSNK2A1_2,ALK,0.03,3.0,0.006781954,1.2025973,11.17625292,1.373212268,10.0,40.37593366,-8.59929,lung_NSCLC_squamous_cell_carcinoma,MSS/MSI-L,Adherent,CSNK2A1,Oncogenic signal,STK,ALK,Oncogenic signal,AKT/PI3K
MDA-MB-157,CSNK2A1_2,AKT,0.1,3.0,0.009980165,1.3812483,3.40549826,0.292017156,0.2549946,0.0,22.45946,breast,MSS/MSI-L,Adherent,CSNK2A1,Oncogenic signal,STK,AKT1;AKT2;AKT3,Oncogenic signal,AKT/PI3K
HCC70,TNKS_PARP6,AKT,1.0,1.0,0.061508424,1.5572685,30.95490147,0.292940513,10.0,13.0994021,20.43694,breast,MSS/MSI-L,Adherent,TNKS;PARP6,Oncogenic signal,Cell Cycle,AKT1;AKT2;AKT3,Oncogenic signal,AKT/PI3K
HT-1197,Cisplatin,AKT,3.0,1.0,0.606535515,1.0930815,27.72171755,1.0,0.5101716,25.69050175,22.90346,Bladder,MSS/MSI-L,Adherent,DNA,DNA repair,Chemo,AKT1;AKT2;AKT3,Oncogenic signal,AKT/PI3K
NCI-H520,TOP2,ALK_2,3.0,3.0,2.962160646,0.6788838,15.20345536,3.0,3.9055249,56.60533513,8.141865,lung_NSCLC_squamous_cell_carcinoma,MSS/MSI-L,Adherent,TOP2*;PRKDC,DNA repair,DNA Damage Response,ALK,Oncogenic signal,RTK
HCC70,PIK3C,MAP2K_3,3.0,0.3,0.400263538,0.3839462,0.0,0.3,0.3693615,27.84511569,83.41135,breast,MSS/MSI-L,Adherent,PIK3C*,Oncogenic signal,AKT/PI3K,MAP2K*,Oncogenic signal,MAPK
NCI-H522,Topotecan,PIK3CB,0.01,3.0,0.01,0.612227,0.0,3.0,0.2950685,26.04198631,-1.496256,lung_NSCLC_adenocarcinoma,MSS/MSI-L,Adherent,TOP1;TOP1MT;DNA,DNA repair,Chemo,PIK3CB,Oncogenic signal,AKT/PI3K
VM-CUB-1,TNF,AKT,0.03,3.0,1.0,0.0,100.0,1.410173697,2.4513794,30.45917977,61.47326,Bladder,MSS/MSI-L,Adherent,TNFA,Cell death,Apoptosis,AKT1;AKT2;AKT3,Oncogenic signal,AKT/PI3K
NCI-H1703,SYK,CSNK2A1_2,3.0,0.1,0.320056386,2.0598163,14.48412784,0.011507937,3.099608,10.64358748,-9.171456,lung_NSCLC_adenocarcinoma,MSS/MSI-L,Adherent,SYK,Oncogenic signal,Cell Cycle,CSNK2A1,Oncogenic signal,STK
A549,IAP,CHEK1,3.0,1.0,3.0,0.3573386,46.16629024,0.732862505,1.2807312,0.0,6.878423,lung_NSCLC_adenocarcinoma,MSS/MSI-L,Adherent,NIAP;XIAP;BIRC2;BIRC3,Cell death,Apoptosis,CHEK1,DNA repair,DNA Damage Response
NCI-H1703,PIK3CA_3,CSNK2A1_2,3.0,0.1,1.01257166,0.7781406,0.0,0.010922883,2.3599945,8.7164791,2.493606,lung_NSCLC_adenocarcinoma,MSS/MSI-L,Adherent,PIK3CA,Oncogenic signal,AKT/PI3K,CSNK2A1,Oncogenic signal,STK
J82,HDAC_4,AKT,3.0,3.0,1.087978794,1.6053104,9.70792096,1.663640605,0.6002457,0.0,-5.847473,Bladder,MSS/MSI-L,Adherent,HDAC*,Differentiation,Epigenetic,AKT1;AKT2;AKT3,Oncogenic signal,AKT/PI3K
CAL-148,PIK3C,MAP2K_1,1.0,1.0,0.30471376,10.0,45.99957389,0.0001,0.1,81.88533421,7.398071,breast,MSS/MSI-L,Suspension,PIK3C*,Oncogenic signal,AKT/PI3K,MAP2K1;MAP2K2,Oncogenic signal,MAPK
MDA-MB-436,PIK3CA_4,BCL2_BCL2L1,1.0,1.0,0.421641148,2.0671246,85.54641743,0.256031042,10.0,89.99950406,5.36587,breast,MSS/MSI-L,Adherent,PIK3CA,Oncogenic signal,AKT/PI3K,BCL2;BCL2L1,Cell death,Apoptosis
SW780,TNF,IAP,0.03,0.03,0.03,0.2076723,18.51090389,0.001771964,0.768588,48.35914734,25.07083,Bladder,MSS/MSI-L,Adherent,TNFA,Cell death,Apoptosis,NIAP;XIAP;BIRC2;BIRC3,Cell death,Apoptosis
HCC38,MTOR_1,ERBB,1.0,1.0,1.0,0.994004,26.00144694,1.0,0.9781797,63.03172194,14.10634,breast,MSS/MSI-L,Adherent,MTOR,Oncogenic signal,AKT/PI3K,EGFR;ERBB*,Oncogenic signal,RTK
Hs-578-T,PIK3C,AKT_SGK,1.0,1.0,0.290115475,3.4170912,39.63518854,0.097791929,6.0553073,49.46427155,-2.879886,breast,MSS/MSI-L,Adherent,PIK3C*,Oncogenic signal,AKT/PI3K,AKT*;SGK*,Oncogenic signal,AKT/PI3K
HCC1806,PIK3CB_PIK3CD,ADAM17,1.0,75.0,0.186067205,1.6790956,90.48303234,75.0,0.1905866,91.42221993,2.673332,breast,MSS/MSI-L,Adherent,PIK3CB;PIK3CD,Oncogenic signal,AKT/PI3K,ADAM17,Differentiation,EMT/migration
647-V,MAP2K_1,HSP90,1.0,3.0,0.331233163,9.9821531,82.29971309,0.182534156,4.0141109,5.18179365,24.2031,Bladder,MSS/MSI-L,Adherent,MAP2K1;MAP2K2,Oncogenic signal,MAPK,HSP90AA1,Cell death,Apoptosis
CAL-148,MTOR_1,ESR1,1.0,1.0,0.312023059,1.5130911,54.63454116,1.0,0.0,100.0,1.979788,breast,MSS/MSI-L,Suspension,MTOR,Oncogenic signal,AKT/PI3K,ESR1,Oncogenic signal,Hormonal
SW900,Topotecan,IAP,0.1,3.0,0.080531765,0.9240777,0.0,0.172245328,0.1661684,0.0,32.38765,lung_NSCLC_squamous_cell_carcinoma,MSS/MSI-L,Adherent,TOP1;TOP1MT;DNA,DNA repair,Chemo,NIAP;XIAP;BIRC2;BIRC3,Cell death,Apoptosis
HCC1187,PIK3C,Chloroquine,3.0,10.0,0.274220191,1.0223504,4.33764873,0.001,0.1,75.84426895,8.914879,breast,MSS/MSI-L,Suspension,PIK3C*,Oncogenic signal,AKT/PI3K,Thiamine,other,other
MFM-223,PIK3CA_4,AKT,1.0,1.0,0.792366217,0.5269928,0.0,0.151881908,0.9840588,0.0,6.784097,breast,MSS/MSI-L,Adherent,PIK3CA,Oncogenic signal,AKT/PI3K,AKT1;AKT2;AKT3,Oncogenic signal,AKT/PI3K
SW780,PARP1,HDAC_4,3.0,3.0,0.0003,0.1,86.19900658,0.610024428,0.4057367,0.0,10.51917,Bladder,MSS/MSI-L,Adherent,PARP1,DNA repair,DNA Damage Response,HDAC*,Differentiation,Epigenetic
SW620,MAP2K_1,IGFR_3,0.3,3.0,0.3,0.8424031,19.36097668,0.051237201,2.0557277,92.23010507,73.42558,large_intestine,MSS/MSI-L,Adherent,MAP2K1;MAP2K2,Oncogenic signal,MAPK,IGF*R,Oncogenic signal,RTK
HCC1806,MAP2K_1,ESR1,1.0,1.0,0.293039511,1.2739146,24.05600828,1.0,0.0,100.0,11.3585,breast,MSS/MSI-L,Adherent,MAP2K1;MAP2K2,Oncogenic signal,MAPK,ESR1,Oncogenic signal,Hormonal
VM-CUB-1,Cisplatin,AKT,3.0,3.0,1.518256348,3.4943249,31.60521011,0.33566617,1.8194435,67.23575731,12.5654,Bladder,MSS/MSI-L,Adherent,DNA,DNA repair,Chemo,AKT1;AKT2;AKT3,Oncogenic signal,AKT/PI3K
SW900,MAP2K_1,BRAF_M2,3.0,3.0,0.239350969,0.4300676,17.76539756,3.0,0.811161,19.7651528,87.22701,lung_NSCLC_squamous_cell_carcinoma,MSS/MSI-L,Adherent,MAP2K1;MAP2K2,Oncogenic signal,MAPK,BRAF_V600E,Oncogenic signal,MAPK
HCC1419,Chloroquine,AKT_1,10.0,3.0,1.191989191,10.0,87.09935537,0.158475452,1.0878398,34.34746212,14.4883,breast,MSS/MSI-L,Adherent,Thiamine,other,other,AKT*,Oncogenic signal,AKT/PI3K
HCC38,MTOR_1,ESR1,1.0,1.0,0.311301484,10.0,72.09972753,1.0,0.0,100.0,10.82576,breast,MSS/MSI-L,Adherent,MTOR,Oncogenic signal,AKT/PI3K,ESR1,Oncogenic signal,Hormonal
MDA-MB-415,CarboTaxol,ATR_4,0.01,3.0,0.001810184,2.9539975,25.40128755,1.591506117,2.2897219,52.11099258,-5.234969,breast,MSS/MSI-L,Adherent,DNA,DNA repair,Chemo,ATR,DNA repair,DNA Damage Response
HCC1187,SLC16A4,FGFR,1.0,1.0,1.0,0.0,100.0,1.0,0.8485703,71.10508416,-3.527172,breast,MSS/MSI-L,Suspension,SLC16A3;SLC16A4,Metabolism,Metabolism,FGFR1;FGFR2;FGFR3,Oncogenic signal,RTK
NCI-H2228,Topotecan,IAP,0.1,0.3,0.059261,0.4100958,0.0,0.003431892,0.8467023,23.3789218,25.76022,lung_NSCLC_adenocarcinoma,MSS/MSI-L,Adherent,TOP1;TOP1MT;DNA,DNA repair,Chemo,NIAP;XIAP;BIRC2;BIRC3,Cell death,Apoptosis
MFM-223,PIK3CA_4,BCL2_BCL2L1,1.0,1.0,0.315716074,1.5367795,37.93100518,0.321382918,10.0,67.99960284,33.91749,breast,MSS/MSI-L,Adherent,PIK3CA,Oncogenic signal,AKT/PI3K,BCL2;BCL2L1,Cell death,Apoptosis
HCC1937,EGFR,BCL2_BCL2L1,0.1,1.0,0.1,0.4262433,62.50439261,1.0,0.943291,34.34345839,18.19991,breast,MSS/MSI-L,Adherent,EGFR,Oncogenic signal,RTK,BCL2;BCL2L1,Cell death,Apoptosis
NCI-H520,TOP2,Doxorubicin,3.0,0.1,0.968341506,10.0,60.49951396,0.03315797,2.7095469,48.74345976,32.95065,lung_NSCLC_squamous_cell_carcinoma,MSS/MSI-L,Adherent,TOP2*;PRKDC,DNA repair,DNA Damage Response,TOP*;DNMT1,DNA repair,Chemo
MFM-223,MAP2K_1,ADAM17,1.0,75.0,1.0,0.0,100.0,1.245928241,10.0,94.72509452,-37.59542,breast,MSS/MSI-L,Adherent,MAP2K1;MAP2K2,Oncogenic signal,MAPK,ADAM17,Differentiation,EMT/migration
KATOIII,FGFR,BCL2_BCL2L1,0.01,3.0,0.003735062,10.0,17.5956351,1.0,0.0,100.0,-6.055594,stomach,MSS/MSI-L,Semi-Adherent,FGFR1;FGFR2;FGFR3,Oncogenic signal,RTK,BCL2;BCL2L1,Cell death,Apoptosis
HCC38,SLC16A4,BCL2_BCL2L1,1.0,1.0,1.0,0.0,100.0,0.195937592,2.9968211,7.84108457,14.76245,breast,MSS/MSI-L,Adherent,SLC16A3;SLC16A4,Metabolism,Metabolism,BCL2;BCL2L1,Cell death,Apoptosis
J82,PARP1,HSP90,3.0,3.0,2.877966138,2.0896536,76.43026797,0.122912986,3.039053,23.09056076,28.8805,Bladder,MSS/MSI-L,Adherent,PARP1,DNA repair,DNA Damage Response,HSP90AA1,Cell death,Apoptosis
647-V,IAP,ATR_4,0.003,3.0,0.00080908,2.1372163,11.97166084,3.0,10.0,72.80037945,32.43808,Bladder,MSS/MSI-L,Adherent,NIAP;XIAP;BIRC2;BIRC3,Cell death,Apoptosis,ATR,DNA repair,DNA Damage Response
HCC1428,MAP2K_1,FASN,1.0,1.0,1.0,0.0,100.0,1.0,10.0,72.80005201,-7.004386,breast,MSS/MSI-L,Adherent,MAP2K1;MAP2K2,Oncogenic signal,MAPK,FASN,Metabolism,Metabolism
BT-474,MTOR_1,ESR1_1,1.0,1.0,0.298404225,10.0,39.99966407,0.008924018,0.1,70.90390247,66.76868,breast,MSS/MSI-L,Adherent,MTOR,Oncogenic signal,AKT/PI3K,ESR1,Oncogenic signal,Hormonal
NCI-H1975,CarboTaxol,BCL2,0.01,3.0,0.002923727,10.0,26.59964218,3.0,1.0690986,38.70730234,11.1962,lung_NSCLC_adenocarcinoma,MSS/MSI-L,Adherent,DNA,DNA repair,Chemo,BCL2,Cell death,Apoptosis
MDA-MB-453,BCL2_2,AKT_1,3.0,3.0,3.0,10.0,47.20060979,0.295095007,10.0,49.54979389,-15.33801,breast,MSS/MSI-L,Adherent,BCL2,Cell death,Apoptosis,AKT*,Oncogenic signal,AKT/PI3K
HT-1197,Gemcitabine,BCL2_BCL2L1,0.1,3.0,0.005788002,1.4162832,16.32763017,2.999999986,0.1554789,70.31722527,26.631,Bladder,MSS/MSI-L,Adherent,DNA;RRM1;TYMS;CMPK1,Cell death,Chemo,BCL2;BCL2L1,Cell death,Apoptosis
MDA-MB-231,FGFR,ADAM17,1.0,75.0,1.0,0.0,100.0,1.0,0.0,100.0,-7.882297,breast,MSS/MSI-L,Adherent,FGFR1;FGFR2;FGFR3,Oncogenic signal,RTK,ADAM17,Differentiation,EMT/migration
NCI-H1793,MAP2K_3,BRAF_M2,0.3,3.0,0.002611377,0.4234972,15.77893979,3.0,1.1229202,41.09731574,43.42115,lung_NSCLC_adenocarcinoma,MSS/MSI-L,Adherent,MAP2K*,Oncogenic signal,MAPK,BRAF_V600E,Oncogenic signal,MAPK
BT-474,Chloroquine,AKT_1,10.0,3.0,1.0,0.0,100.0,0.220535396,1.1385917,4.37860616,-24.49662,breast,MSS/MSI-L,Adherent,Thiamine,other,other,AKT*,Oncogenic signal,AKT/PI3K
MDA-MB-157,ERBB,AKT,3.0,3.0,3.0,0.3830324,33.07152339,0.297743676,0.1948856,0.0,-3.505665,breast,MSS/MSI-L,Adherent,EGFR;ERBB*,Oncogenic signal,RTK,AKT1;AKT2;AKT3,Oncogenic signal,AKT/PI3K
MDA-MB-157,PIK3C,ADAM17,1.0,75.0,0.213489145,0.8908223,54.80015184,33.76955423,1.397694,92.88769551,34.97328,breast,MSS/MSI-L,Adherent,PIK3C*,Oncogenic signal,AKT/PI3K,ADAM17,Differentiation,EMT/migration
BT-20,EGFR,AKT,0.1,1.0,0.028760877,10.0,74.4998855,0.223125187,2.0931065,88.45374281,34.64965,breast,MSS/MSI-L,Adherent,EGFR,Oncogenic signal,RTK,AKT1;AKT2;AKT3,Oncogenic signal,AKT/PI3K
DU-4475,MAP2K_1,ATR_4,1.0,1.0,0.013350709,2.8734309,0.2001511,0.112265784,1.7533554,0.0,-13.59996,breast,MSS/MSI-L,Suspension,MAP2K1;MAP2K2,Oncogenic signal,MAPK,ATR,DNA repair,DNA Damage Response
VM-CUB-1,IAP,BCL2_BCL2L1,0.03,3.0,3e-06,0.1,51.6224595,0.049275807,10.0,76.8577993,-57.20201,Bladder,MSS/MSI-L,Adherent,NIAP;XIAP;BIRC2;BIRC3,Cell death,Apoptosis,BCL2;BCL2L1,Cell death,Apoptosis
HT-29,PIK3C,MAP2K_1,10.0,3.0,0.455521504,1.1434498,6.09131258,0.09716834,0.903799,18.65748296,63.35664,large_intestine,MSS/MSI-L,Adherent,PIK3C*,Oncogenic signal,AKT/PI3K,MAP2K1;MAP2K2,Oncogenic signal,MAPK
NCI-H1437,PIK3C,IAP,3.0,1.0,1.671889356,0.4176827,29.1032328,1.0,0.1770477,45.64559368,58.89606,lung_NSCLC_adenocarcinoma,MSS/MSI-L,Adherent,PIK3C*,Oncogenic signal,AKT/PI3K,NIAP;XIAP;BIRC2;BIRC3,Cell death,Apoptosis
NCI-H1975,SYK,CSNK2A1_2,3.0,0.03,1.591223276,1.3248922,3.77860923,0.020250982,2.0617816,0.0,5.26699,lung_NSCLC_adenocarcinoma,MSS/MSI-L,Adherent,SYK,Oncogenic signal,Cell Cycle,CSNK2A1,Oncogenic signal,STK
MDA-MB-157,MTOR_1,ERBB,1.0,3.0,0.290855749,0.6235687,0.0,3.0,1.4364923,43.57832043,18.35449,breast,MSS/MSI-L,Adherent,MTOR,Oncogenic signal,AKT/PI3K,EGFR;ERBB*,Oncogenic signal,RTK
MDA-MB-468,PIK3C,MAP2K_1,3.0,3.0,1.050975727,10.0,49.49855239,0.061905647,0.7521089,75.92222751,52.91752,breast,MSS/MSI-L,Adherent,PIK3C*,Oncogenic signal,AKT/PI3K,MAP2K1;MAP2K2,Oncogenic signal,MAPK
MDA-MB-453,IAP,BCL2L1,3.0,3.0,3.0,0.1402366,27.35181427,3.0,0.3477028,68.07874912,17.28719,breast,MSS/MSI-L,Adherent,NIAP;XIAP;BIRC2;BIRC3,Cell death,Apoptosis,BCL2L1,Cell death,Apoptosis
SW620,MAP2K_1,BCL2,0.3,0.3,0.3,0.5540553,0.0,0.00277249,1.7444127,94.20871252,-17.58036,large_intestine,MSS/MSI-L,Adherent,MAP2K1;MAP2K2,Oncogenic signal,MAPK,BCL2,Cell death,Apoptosis
HCC1428,MTOR_1,ADAM17,1.0,75.0,0.325342324,10.0,50.59933862,1.0,0.0,100.0,5.565547,breast,MSS/MSI-L,Adherent,MTOR,Oncogenic signal,AKT/PI3K,ADAM17,Differentiation,EMT/migration
UM-UC-3,FGFR,AKT,3.0,3.0,1.0,0.0,100.0,1.108597814,10.0,78.6989883,-4.248463,Bladder,MSS/MSI-L,Adherent,FGFR1;FGFR2;FGFR3,Oncogenic signal,RTK,AKT1;AKT2;AKT3,Oncogenic signal,AKT/PI3K
MDA-MB-453,BCL2_BCL2L1,ADAM17,1.0,75.0,0.277638917,1.7058909,65.52130444,75.0,2.2416066,59.56357505,-14.79652,breast,MSS/MSI-L,Adherent,BCL2;BCL2L1,Cell death,Apoptosis,ADAM17,Differentiation,EMT/migration
NCI-H3122,IAP,Doxorubicin,0.3,0.1,0.003662837,1.9563882,73.11300078,0.014646718,2.0826849,7.10326608,19.6624,lung_NSCLC_adenocarcinoma,MSS/MSI-L,Adherent,NIAP;XIAP;BIRC2;BIRC3,Cell death,Apoptosis,TOP*;DNMT1,DNA repair,Chemo
NCI-H522,PIK3CA_3,CSNK2A1_2,3.0,0.03,3.0,0.6945361,36.51622513,0.003861363,2.555601,4.25126895,3.854132,lung_NSCLC_adenocarcinoma,MSS/MSI-L,Adherent,PIK3CA,Oncogenic signal,AKT/PI3K,CSNK2A1,Oncogenic signal,STK
MDA-MB-436,PIK3CB_PIK3CD,PARP1,1.0,3.0,0.161895906,0.6638845,54.97924527,0.038556354,0.4612555,11.66005615,12.30992,breast,MSS/MSI-L,Adherent,PIK3CB;PIK3CD,Oncogenic signal,AKT/PI3K,PARP1,DNA repair,DNA Damage Response
NCI-H1563,PIK3CB,IAP,3.0,1.0,3.0,0.2787486,0.05474952,0.010151257,1.1075175,15.96023992,43.20076,lung_NSCLC_adenocarcinoma,MSS/MSI-L,Adherent,PIK3CB,Oncogenic signal,AKT/PI3K,NIAP;XIAP;BIRC2;BIRC3,Cell death,Apoptosis
647-V,PIM1,EG5,3.0,0.003,1.0,0.0,100.0,0.002789827,10.0,0.0,0.3209425,Bladder,MSS/MSI-L,Adherent,PIM1,Oncogenic signal,STK,KIF11,Differentiation,EMT/migration
NCI-H2085,PIK3CB,ALK_2,0.03,3.0,0.006099041,1.4868835,52.93460617,2.734917861,1.1343261,0.0,73.81511,lung_NSCLC_adenocarcinoma,MSS/MSI-L,Adherent,PIK3CB,Oncogenic signal,AKT/PI3K,ALK,Oncogenic signal,RTK
HCC38,PIK3CA_4,AKT,1.0,1.0,0.0001,0.1,88.68310767,1.0,0.489543,75.32176044,-38.90653,breast,MSS/MSI-L,Adherent,PIK3CA,Oncogenic signal,AKT/PI3K,AKT1;AKT2;AKT3,Oncogenic signal,AKT/PI3K
MDA-MB-453,TNKS_PARP6,PIK3CB_PIK3CD,1.0,1.0,0.016529307,1.5896901,14.24001271,0.183146951,2.3905439,45.89227536,36.68631,breast,MSS/MSI-L,Adherent,TNKS;PARP6,Oncogenic signal,Cell Cycle,PIK3CB;PIK3CD,Oncogenic signal,AKT/PI3K
RKO,Oxaliplatin,IAP,3.0,1.0,1.202934211,10.0,8.1901354,0.017961248,1.195272,84.11129696,60.55878,large_intestine,MSI-H,Adherent,DNA,DNA repair,Chemo,NIAP;XIAP;BIRC2;BIRC3,Cell death,Apoptosis
MDA-MB-415,Chloroquine,AKT,10.0,3.0,1.0,0.0,100.0,0.002186116,0.5992974,10.20334029,-0.03983346,breast,MSS/MSI-L,Adherent,Thiamine,other,other,AKT1;AKT2;AKT3,Oncogenic signal,AKT/PI3K
MDA-MB-453,BCL2L1,AKT,3.0,3.0,3.0,0.268595,67.32258371,2.007504174,0.6334267,0.0,11.06543,breast,MSS/MSI-L,Adherent,BCL2L1,Cell death,Apoptosis,AKT1;AKT2;AKT3,Oncogenic signal,AKT/PI3K
A549,MTOR_1,ALK,3.0,3.0,0.989207962,10.0,66.7994934,1.46480063,2.8542961,0.0,58.33724,lung_NSCLC_adenocarcinoma,MSS/MSI-L,Adherent,MTOR,Oncogenic signal,AKT/PI3K,ALK,Oncogenic signal,AKT/PI3K
MDA-MB-436,Chloroquine,AKT,10.0,3.0,1.0,0.0,100.0,0.052361519,0.4564576,60.2285685,4.170554,breast,MSS/MSI-L,Adherent,Thiamine,other,other,AKT1;AKT2;AKT3,Oncogenic signal,AKT/PI3K
UM-UC-3,PIM1,PIK3C,3.0,3.0,2.562723036,2.1877387,92.82513436,1.368979778,2.2479644,37.91735286,7.664477,Bladder,MSS/MSI-L,Adherent,PIM1,Oncogenic signal,STK,PIK3C*,Oncogenic signal,AKT/PI3K
NCI-H1437,PIK3C,ALK,3.0,3.0,2.041606351,0.6189333,15.89153818,0.851454228,0.9453044,0.0,2.572496,lung_NSCLC_adenocarcinoma,MSS/MSI-L,Adherent,PIK3C*,Oncogenic signal,AKT/PI3K,ALK,Oncogenic signal,AKT/PI3K
NCI-H1437,CarboTaxol,BCL2,0.003,3.0,0.000618923,0.9917197,0.0,3.0,0.1935895,26.4800174,-5.258763,lung_NSCLC_adenocarcinoma,MSS/MSI-L,Adherent,DNA,DNA repair,Chemo,BCL2,Cell death,Apoptosis
UM-UC-3,IAP,BCL2_BCL2L1,0.03,3.0,0.003267298,1.0469588,62.89408714,1.039321746,0.641468,13.15234133,22.24396,Bladder,MSS/MSI-L,Adherent,NIAP;XIAP;BIRC2;BIRC3,Cell death,Apoptosis,BCL2;BCL2L1,Cell death,Apoptosis
NCI-H1793,CSNK2A1_2,Carboplatin,0.1,3.0,0.010896844,2.4656261,10.54487718,3.0,0.5112185,78.51083661,28.78011,lung_NSCLC_adenocarcinoma,MSS/MSI-L,Adherent,CSNK2A1,Oncogenic signal,STK,DNA,DNA repair,Chemo
UM-UC-3,TNFSF10,PIK3C,0.03,3.0,1.0,0.0,100.0,2.380573666,1.2562603,0.0,3.792637,Bladder,MSS/MSI-L,Adherent,TNFSF10,Cell death,Apoptosis,PIK3C*,Oncogenic signal,AKT/PI3K
NCI-H1975,CSNK2A1_2,Carboplatin,0.03,3.0,0.020240663,1.7147253,0.0,1.382527139,10.0,94.69771016,0.4050262,lung_NSCLC_adenocarcinoma,MSS/MSI-L,Adherent,CSNK2A1,Oncogenic signal,STK,DNA,DNA repair,Chemo
M14,PIK3C,ADAM17,1.0,75.0,0.308036694,10.0,55.09962372,0.0075,0.1,94.2352171,37.07141,melanoma,MSS/MSI-L,Adherent,PIK3C*,Oncogenic signal,AKT/PI3K,ADAM17,Differentiation,EMT/migration
NCI-H2291,MTOR_1,ALK_2,3.0,3.0,0.150803944,0.8651655,42.27581033,1.859813242,1.3093118,0.0,63.39665,lung_NSCLC_adenocarcinoma,MSS/MSI-L,Adherent,MTOR,Oncogenic signal,AKT/PI3K,ALK,Oncogenic signal,RTK
BT-20,FGFR,EGFR,1.0,0.1,1.0,10.0,88.00002132,0.021527837,1.8314489,88.8320322,19.19952,breast,MSS/MSI-L,Adherent,FGFR1;FGFR2;FGFR3,Oncogenic signal,RTK,EGFR,Oncogenic signal,RTK
HCC1500,Chloroquine,AKT,1.0,1.0,0.356286842,10.0,71.69906182,1.0,1.4519821,34.25977111,4.386597,breast,MSS/MSI-L,Adherent,Thiamine,other,other,AKT1;AKT2;AKT3,Oncogenic signal,AKT/PI3K
HCC38,EGFR,BCL2_BCL2L1,0.1,1.0,0.1,10.0,93.80017016,0.264044718,10.0,10.59982968,5.717349,breast,MSS/MSI-L,Adherent,EGFR,Oncogenic signal,RTK,BCL2;BCL2L1,Cell death,Apoptosis
HCC1937,ATR_4,AKT,1.0,1.0,1.0,10.0,92.8002508,0.161277569,1.0501295,54.83624831,-30.02469,breast,MSS/MSI-L,Adherent,ATR,DNA repair,DNA Damage Response,AKT1;AKT2;AKT3,Oncogenic signal,AKT/PI3K
BT-549,ATR_4,AKT,1.0,1.0,1.0,10.0,39.00027625,0.170859712,2.4047929,54.11879911,-49.69178,breast,MSS/MSI-L,Adherent,ATR,DNA repair,DNA Damage Response,AKT1;AKT2;AKT3,Oncogenic signal,AKT/PI3K
M14,TNKS_PARP6,AKT,1.0,1.0,0.008335213,2.1715306,19.01688898,0.301115665,10.0,45.99947586,26.30001,melanoma,MSS/MSI-L,Adherent,TNKS;PARP6,Oncogenic signal,Cell Cycle,AKT1;AKT2;AKT3,Oncogenic signal,AKT/PI3K
HCC1419,BCL2_2,AKT_1,3.0,3.0,3.0,0.5679604,77.48955474,0.120245962,1.261549,33.88238949,8.925112,breast,MSS/MSI-L,Adherent,BCL2,Cell death,Apoptosis,AKT*,Oncogenic signal,AKT/PI3K
MDA-MB-231,MTOR_1,FASN,1.0,1.0,0.402332628,0.8267566,13.08373935,1.0,10.0,94.60000716,-9.364899,breast,MSS/MSI-L,Adherent,MTOR,Oncogenic signal,AKT/PI3K,FASN,Metabolism,Metabolism
Hs-578-T,PIK3CA_4,BCL2_BCL2L1,1.0,1.0,0.346069666,10.0,69.99925193,0.012187829,10.0,87.55032267,-8.906678,breast,MSS/MSI-L,Adherent,PIK3CA,Oncogenic signal,AKT/PI3K,BCL2;BCL2L1,Cell death,Apoptosis
NCI-H2228,CSNK2A1_2,CarboTaxol,0.1,0.003,0.042583286,0.7604713,0.0,0.000373173,0.7797232,20.90193119,6.70019,lung_NSCLC_adenocarcinoma,MSS/MSI-L,Adherent,CSNK2A1,Oncogenic signal,STK,DNA,DNA repair,Chemo
SW900,CarboTaxol,BCL2L1,0.01,3.0,0.002185126,0.7483059,0.0,0.058906888,0.603065,50.4746011,35.75396,lung_NSCLC_squamous_cell_carcinoma,MSS/MSI-L,Adherent,DNA,DNA repair,Chemo,BCL2L1,Cell death,Apoptosis
MDA-MB-453,MAP2K_1,ERBB,1.0,1.0,1.0,0.0,100.0,0.287333728,10.0,51.99917781,-22.73189,breast,MSS/MSI-L,Adherent,MAP2K1;MAP2K2,Oncogenic signal,MAPK,EGFR;ERBB*,Oncogenic signal,RTK
NCI-H747,IGFR_4,IAP,10.0,1.0,3.899046564,0.4971337,0.0,0.44542787,0.3234488,0.0,53.06527,large_intestine,MSS/MSI-L,Adherent,IGF*R,Oncogenic signal,RTK,NIAP;XIAP;BIRC2;BIRC3,Cell death,Apoptosis
C32,JAK,IAP,3.0,1.0,1.753594152,3.0746576,0.0,0.007396058,10.0,12.72498712,9.133717,melanoma,MSS/MSI-L,Adherent,JAK1;JAK2,Oncogenic signal,Cell Cycle,NIAP;XIAP;BIRC2;BIRC3,Cell death,Apoptosis
BT-20,MTOR_1,ADAM17,1.0,75.0,0.605687563,1.2654588,0.0,75.0,0.8477869,68.22682053,18.30981,breast,MSS/MSI-L,Adherent,MTOR,Oncogenic signal,AKT/PI3K,ADAM17,Differentiation,EMT/migration
NCI-H1437,PIK3CA_3,IAP,3.0,1.0,3.0,0.3152923,51.60621951,1.0,0.1760274,36.48607472,15.56919,lung_NSCLC_adenocarcinoma,MSS/MSI-L,Adherent,PIK3CA,Oncogenic signal,AKT/PI3K,NIAP;XIAP;BIRC2;BIRC3,Cell death,Apoptosis
DU-4475,FGFR,AKT_SGK,1.0,1.0,0.010580282,10.0,91.17493767,0.294366902,10.0,34.39957815,-35.27396,breast,MSS/MSI-L,Suspension,FGFR1;FGFR2;FGFR3,Oncogenic signal,RTK,AKT*;SGK*,Oncogenic signal,AKT/PI3K
MDA-MB-231,PIK3C,MTOR_1,1.0,1.0,0.212583432,0.7299199,53.68895763,0.212832542,1.7601422,34.27641404,38.73388,breast,MSS/MSI-L,Adherent,PIK3C*,Oncogenic signal,AKT/PI3K,MTOR,Oncogenic signal,AKT/PI3K
MCF7,FGFR,AKT,3.0,3.0,2.679616075,1.3307877,0.0,0.908092246,0.702925,1.58706786,-8.702746,breast,MSS/MSI-L,Adherent,FGFR1;FGFR2;FGFR3,Oncogenic signal,RTK,AKT1;AKT2;AKT3,Oncogenic signal,AKT/PI3K
C32,Oxaliplatin,BCL2,3.0,3.0,3.0,0.2936135,70.34894403,0.146675,1.1757285,0.99535898,-10.3085,melanoma,MSS/MSI-L,Adherent,DNA,DNA repair,Chemo,BCL2,Cell death,Apoptosis
Hs-578-T,PIK3CB_PIK3CD,ADAM17,1.0,75.0,1.0,0.3251117,27.55487037,0.0075,0.1,71.47072724,8.182737,breast,MSS/MSI-L,Adherent,PIK3CB;PIK3CD,Oncogenic signal,AKT/PI3K,ADAM17,Differentiation,EMT/migration
MDA-MB-453,ALK_IGFR,AKT,1.0,1.0,0.289253232,10.0,22.39963604,0.236069598,1.261764,21.74360965,5.656754,breast,MSS/MSI-L,Adherent,ALK;IGF*R,Oncogenic signal,AKT/PI3K,AKT1;AKT2;AKT3,Oncogenic signal,AKT/PI3K
Calu-6,SYK,CSNK2A1_2,3.0,0.03,3.0,10.0,48.60034558,0.009306569,2.2870117,12.78274602,17.66422,lung_NSCLC_adenocarcinoma,MSS/MSI-L,Adherent,SYK,Oncogenic signal,Cell Cycle,CSNK2A1,Oncogenic signal,STK
MDA-MB-157,PIK3C,MAP2K_3,3.0,0.3,3.0,0.4263023,21.91835037,0.3,0.2629274,19.41875809,63.28213,breast,MSS/MSI-L,Adherent,PIK3C*,Oncogenic signal,AKT/PI3K,MAP2K*,Oncogenic signal,MAPK
BFTC-905,TNF,AKT,0.1,3.0,0.002355389,1.3525166,42.58467023,0.134912816,2.8429019,43.86521526,108.1946,Bladder,MSS/MSI-L,Adherent,TNFA,Cell death,Apoptosis,AKT1;AKT2;AKT3,Oncogenic signal,AKT/PI3K
DU-4475,ESR1,AKT_1,1.0,1.0,1.0,10.0,83.20005682,0.222341745,0.8553543,0.0,-18.34233,breast,MSS/MSI-L,Suspension,ESR1,Oncogenic signal,Hormonal,AKT*,Oncogenic signal,AKT/PI3K
SW620,PTK2,IAP,1.0,1.0,0.34987049,10.0,24.79792778,1.0,0.0,100.0,9.01063,large_intestine,MSS/MSI-L,Adherent,PTK2*,Differentiation,EMT/migration,NIAP;XIAP;BIRC2;BIRC3,Cell death,Apoptosis
VM-CUB-1,Gemcitabine,ERBB,0.1,3.0,0.006025116,3.7795979,5.26628384,1.374169974,10.0,79.99186752,-10.00253,Bladder,MSS/MSI-L,Adherent,DNA;RRM1;TYMS;CMPK1,Cell death,Chemo,EGFR;ERBB*,Oncogenic signal,RTK
HT-1376,MAP2K_1,ERBB,3.0,1.0,3.0,0.5461351,16.2816006,0.10120688,1.343014,45.7416797,56.20092,Bladder,MSS/MSI-L,Adherent,MAP2K1;MAP2K2,Oncogenic signal,MAPK,EGFR;ERBB*,Oncogenic signal,RTK
BFTC-905,Cisplatin,AKT,3.0,3.0,0.318569411,0.9796669,0.0,0.268384301,10.0,42.74948585,16.12461,Bladder,MSS/MSI-L,Adherent,DNA,DNA repair,Chemo,AKT1;AKT2;AKT3,Oncogenic signal,AKT/PI3K
KU-19-19,PARP1,HDAC_4,3.0,3.0,3.0,10.0,79.00044705,0.970724562,10.0,7.79868932,-2.60927,Bladder,MSS/MSI-L,Adherent,PARP1,DNA repair,DNA Damage Response,HDAC*,Differentiation,Epigenetic
MDA-MB-361,MAP2K_1,BRAF_M2,3.0,3.0,0.0003,0.1,76.26580257,3.0,0.2604756,32.43488421,34.54197,breast,MSS/MSI-L,Adherent,MAP2K1;MAP2K2,Oncogenic signal,MAPK,BRAF_V600E,Oncogenic signal,MAPK
MDA-MB-453,PIK3C,AKT_1,1.0,1.0,0.218406657,2.7946779,11.8723551,0.091568837,1.296688,7.8268387,34.57878,breast,MSS/MSI-L,Adherent,PIK3C*,Oncogenic signal,AKT/PI3K,AKT*,Oncogenic signal,AKT/PI3K
BT-549,ALK_IGFR,AKT_1,1.0,1.0,1.0,0.7539945,24.44822924,0.674276701,0.446982,0.0,9.032871,breast,MSS/MSI-L,Adherent,ALK;IGF*R,Oncogenic signal,AKT/PI3K,AKT*,Oncogenic signal,AKT/PI3K
VM-CUB-1,MTOR_1,ATR_4,1.0,3.0,0.036793675,10.0,57.3329749,3.0,10.0,14.60057604,-87.89844,Bladder,MSS/MSI-L,Adherent,MTOR,Oncogenic signal,AKT/PI3K,ATR,DNA repair,DNA Damage Response
CAL-120,EGFR,BCL2_BCL2L1,0.1,1.0,1.0,0.0,100.0,0.215417311,3.6339894,52.02142142,21.10392,breast,MSS/MSI-L,Adherent,EGFR,Oncogenic signal,RTK,BCL2;BCL2L1,Cell death,Apoptosis
HCC1395,PIK3C,BCL2L1,3.0,3.0,0.56076823,0.322064,0.0,0.001376845,9.4131296,73.63999998,-35.29034,breast,MSS/MSI-L,Adherent,PIK3C*,Oncogenic signal,AKT/PI3K,BCL2L1,Cell death,Apoptosis
HCC38,PIK3C,AKT_1,1.0,1.0,0.293095179,10.0,72.39974408,1.0,0.3561465,66.03686752,14.77276,breast,MSS/MSI-L,Adherent,PIK3C*,Oncogenic signal,AKT/PI3K,AKT*,Oncogenic signal,AKT/PI3K
J82,MTOR_1,MAP2K_1,3.0,3.0,1.080224,0.820321,0.0,3.0,0.2944827,16.66454603,34.14089,Bladder,MSS/MSI-L,Adherent,MTOR,Oncogenic signal,AKT/PI3K,MAP2K1;MAP2K2,Oncogenic signal,MAPK
MDA-MB-468,IAP,BCL2L1,3.0,3.0,3.0,0.2762553,20.82908552,3.0,0.4733886,41.89303947,58.66853,breast,MSS/MSI-L,Adherent,NIAP;XIAP;BIRC2;BIRC3,Cell death,Apoptosis,BCL2L1,Cell death,Apoptosis
SW780,MTOR_1,ATR_4,3.0,3.0,0.480094033,2.2330861,31.9424012,3.0,10.0,78.40053516,-27.78317,Bladder,MSS/MSI-L,Adherent,MTOR,Oncogenic signal,AKT/PI3K,ATR,DNA repair,DNA Damage Response
MDA-MB-231,PIP5K1,PIK3C,1.0,1.0,1.0,0.0,100.0,1.0,0.7435892,57.06038668,-6.191759,breast,MSS/MSI-L,Adherent,PIP5K1*,Metabolism,Metabolism,PIK3C*,Oncogenic signal,AKT/PI3K
SW620,IAP,CHEK1,1.0,0.3,1.0,0.0,100.0,0.170878759,1.8309914,0.0,32.23485,large_intestine,MSS/MSI-L,Adherent,NIAP;XIAP;BIRC2;BIRC3,Cell death,Apoptosis,CHEK1,DNA repair,DNA Damage Response
MDA-MB-468,BCL2L1,AKT_1,3.0,3.0,0.095584334,10.0,76.43322239,0.259629903,3.0150586,73.48494049,-26.72691,breast,MSS/MSI-L,Adherent,BCL2L1,Cell death,Apoptosis,AKT*,Oncogenic signal,AKT/PI3K
DMS-114,WNT,FGFR,3.0,3.0,0.446755627,1.8085165,13.1382737,0.195975682,2.9804496,19.03665147,-9.653183,lung_small_cell_carcinoma,MSS/MSI-L,Adherent,WNT*;TNKS,Differentiation,EMT/migration,FGFR1;FGFR2;FGFR3,Oncogenic signal,RTK
NCI-H1437,CSNK2A1_2,ALK,0.1,3.0,0.009939827,1.9911524,8.49421375,0.763934748,0.9640601,0.0,40.90406,lung_NSCLC_adenocarcinoma,MSS/MSI-L,Adherent,CSNK2A1,Oncogenic signal,STK,ALK,Oncogenic signal,AKT/PI3K
HCC1428,EGFR,AKT,0.1,1.0,1.0,0.0,100.0,1.0,0.0,100.0,-16.32549,breast,MSS/MSI-L,Adherent,EGFR,Oncogenic signal,RTK,AKT1;AKT2;AKT3,Oncogenic signal,AKT/PI3K
MDA-MB-436,PIK3C,MAP2K_3,3.0,0.3,3.0,0.5874734,28.81565148,0.045703629,0.5746996,55.55078574,10.41495,breast,MSS/MSI-L,Adherent,PIK3C*,Oncogenic signal,AKT/PI3K,MAP2K*,Oncogenic signal,MAPK
22RV1,ERBB,AKT,3.0,1.0,0.0003,0.1,90.43727575,0.322256429,10.0,79.89975104,6.099206,prostate,MSI-H,Adherent,EGFR;ERBB*,Oncogenic signal,RTK,AKT1;AKT2;AKT3,Oncogenic signal,AKT/PI3K
CAL-51,PIK3C,AKT_1,1.0,1.0,0.839256561,0.7395531,0.0,1.0,0.713769,28.9141716,27.7552,breast,MSS/MSI-L,Adherent,PIK3C*,Oncogenic signal,AKT/PI3K,AKT*,Oncogenic signal,AKT/PI3K
SW780,MAP2K_1,ERBB,3.0,3.0,1.443730183,2.4458406,45.38994289,1.0,0.0,100.0,83.7001,Bladder,MSS/MSI-L,Adherent,MAP2K1;MAP2K2,Oncogenic signal,MAPK,EGFR;ERBB*,Oncogenic signal,RTK
HCC38,FGFR,BCL2_BCL2L1,1.0,1.0,0.29886284,0.9330617,59.72176102,0.184502861,3.3917336,8.58565217,8.291264,breast,MSS/MSI-L,Adherent,FGFR1;FGFR2;FGFR3,Oncogenic signal,RTK,BCL2;BCL2L1,Cell death,Apoptosis
MFM-223,PIK3C,AKT_SGK,1.0,1.0,0.341047376,2.2511677,48.96871506,0.171091705,1.486727,10.86278681,28.35215,breast,MSS/MSI-L,Adherent,PIK3C*,Oncogenic signal,AKT/PI3K,AKT*;SGK*,Oncogenic signal,AKT/PI3K
SW900,IAP,BCL2L1,3.0,3.0,1.418581606,0.1811136,0.0,0.06605453,0.5367007,53.72528144,84.27392,lung_NSCLC_squamous_cell_carcinoma,MSS/MSI-L,Adherent,NIAP;XIAP;BIRC2;BIRC3,Cell death,Apoptosis,BCL2L1,Cell death,Apoptosis
UM-UC-3,PIK3C,Cisplatin,3.0,3.0,2.281752437,1.2613234,0.0,1.321625149,2.5700303,0.0,4.513439,Bladder,MSS/MSI-L,Adherent,PIK3C*,Oncogenic signal,AKT/PI3K,DNA,DNA repair,Chemo
MDA-MB-231,MTOR_1,ALK_IGFR,1.0,1.0,0.795061511,0.8096865,0.0,0.166414608,1.5117597,87.80944929,42.25022,breast,MSS/MSI-L,Adherent,MTOR,Oncogenic signal,AKT/PI3K,ALK;IGF*R,Oncogenic signal,AKT/PI3K
CAMA-1,MTOR_1,ERBB,1.0,3.0,0.152224262,2.3035334,18.48662387,1.0,0.0,100.0,5.194003,breast,MSS/MSI-L,Adherent,MTOR,Oncogenic signal,AKT/PI3K,EGFR;ERBB*,Oncogenic signal,RTK
SW780,PARP1,IAP,3.0,0.03,1.0,0.0,100.0,0.002992572,0.993817,61.11208579,33.42572,Bladder,MSS/MSI-L,Adherent,PARP1,DNA repair,DNA Damage Response,NIAP;XIAP;BIRC2;BIRC3,Cell death,Apoptosis
HCC1569,MTOR_1,BCL2L1,1.0,3.0,0.186072845,0.4549854,0.0,0.098668909,1.0751946,39.66782241,32.77316,breast,MSI-H,Adherent,MTOR,Oncogenic signal,AKT/PI3K,BCL2L1,Cell death,Apoptosis
CAL-148,FGFR,EGFR,1.0,0.1,1.0,0.0,100.0,1e-05,0.1,88.30077248,-47.35924,breast,MSS/MSI-L,Suspension,FGFR1;FGFR2;FGFR3,Oncogenic signal,RTK,EGFR,Oncogenic signal,RTK
CAL-120,ALK_IGFR,AKT_1,1.0,1.0,0.36309795,10.0,60.49842385,0.014076671,2.1661346,92.31762632,-10.4865,breast,MSS/MSI-L,Adherent,ALK;IGF*R,Oncogenic signal,AKT/PI3K,AKT*,Oncogenic signal,AKT/PI3K
NCI-H747,MAP2K_1,BRAF_M,0.1,3.0,0.013086096,2.4217679,38.01098628,0.0003,4.0393251,88.16,16.32424,large_intestine,MSS/MSI-L,Adherent,MAP2K1;MAP2K2,Oncogenic signal,MAPK,BRAF_mut,Oncogenic signal,MAPK
HCC1937,PIM1,MAP2K_1,1.0,1.0,1.0,0.3306653,64.38427757,0.071536751,0.737307,75.65137411,22.03986,breast,MSS/MSI-L,Adherent,PIM1,Oncogenic signal,STK,MAP2K1;MAP2K2,Oncogenic signal,MAPK
CAMA-1,IAP,BCL2L1,3.0,3.0,0.0003,0.1248447,0.0,3.0,0.2902079,70.81677582,18.39544,breast,MSS/MSI-L,Adherent,NIAP;XIAP;BIRC2;BIRC3,Cell death,Apoptosis,BCL2L1,Cell death,Apoptosis
HCC1954,MTOR_1,ESR1_1,1.0,3.0,0.081643185,1.2335869,13.50728836,3.0,10.0,44.60063679,5.452487,breast,MSS/MSI-L,Adherent,MTOR,Oncogenic signal,AKT/PI3K,ESR1,Oncogenic signal,Hormonal
LS-513,IGFR_3,IAP,10.0,1.0,0.251841292,1.3205374,8.74646952,0.408728986,1.4504041,77.40884465,24.16392,large_intestine,MSS/MSI-L,Adherent,IGF*R,Oncogenic signal,RTK,NIAP;XIAP;BIRC2;BIRC3,Cell death,Apoptosis
J82,MTOR_1,ERBB,3.0,3.0,0.67234482,1.1666949,17.18265176,0.0003,0.1,88.23612654,4.234169,Bladder,MSS/MSI-L,Adherent,MTOR,Oncogenic signal,AKT/PI3K,EGFR;ERBB*,Oncogenic signal,RTK
MDA-MB-361,PIK3C,MAP2K_3,3.0,0.3,0.38559833,0.8975823,0.0,0.018040436,10.0,88.51094822,19.40148,breast,MSS/MSI-L,Adherent,PIK3C*,Oncogenic signal,AKT/PI3K,MAP2K*,Oncogenic signal,MAPK
HCC70,PIK3C,BCL2L1,3.0,3.0,0.065216931,0.1,3.23836737,0.00056706,0.1345482,0.0,-49.92337,breast,MSS/MSI-L,Adherent,PIK3C*,Oncogenic signal,AKT/PI3K,BCL2L1,Cell death,Apoptosis
HCC1937,PIK3C,MTOR_1,1.0,1.0,1.0,0.8687477,28.51532409,1.0,1.2446328,41.10215125,15.83587,breast,MSS/MSI-L,Adherent,PIK3C*,Oncogenic signal,AKT/PI3K,MTOR,Oncogenic signal,AKT/PI3K
CAL-51,ERBB,AKT,1.0,1.0,1.0,2.2537852,79.01156188,0.306863614,1.4159416,41.73221962,7.8161,breast,MSS/MSI-L,Adherent,EGFR;ERBB*,Oncogenic signal,RTK,AKT1;AKT2;AKT3,Oncogenic signal,AKT/PI3K
BT-20,PIK3CB_PIK3CD,PARP1,1.0,3.0,0.070496716,0.8274976,80.72473342,3.0,0.8867547,55.39609327,9.14424,breast,MSS/MSI-L,Adherent,PIK3CB;PIK3CD,Oncogenic signal,AKT/PI3K,PARP1,DNA repair,DNA Damage Response
NCI-H23,IAP,Doxorubicin,1.0,0.1,0.12069126,0.1365249,0.0,0.014845649,1.7763824,14.25714161,19.55876,lung_NSCLC_adenocarcinoma,MSS/MSI-L,Adherent,NIAP;XIAP;BIRC2;BIRC3,Cell death,Apoptosis,TOP*;DNMT1,DNA repair,Chemo
CAL-51,MAP2K_1,ERBB,1.0,1.0,1.0,1.3310187,73.36592895,0.257612686,0.9925133,89.70562878,9.323546,breast,MSS/MSI-L,Adherent,MAP2K1;MAP2K2,Oncogenic signal,MAPK,EGFR;ERBB*,Oncogenic signal,RTK
HCC1806,MTOR_1,ATR_4,1.0,1.0,0.185606233,1.842089,11.10541178,0.311179343,10.0,9.89920518,-16.94655,breast,MSS/MSI-L,Adherent,MTOR,Oncogenic signal,AKT/PI3K,ATR,DNA repair,DNA Damage Response
CAMA-1,MTOR_1,ESR1_1,1.0,3.0,0.100139191,0.6136733,0.0,0.013473368,0.93461,27.13448813,14.51306,breast,MSS/MSI-L,Adherent,MTOR,Oncogenic signal,AKT/PI3K,ESR1,Oncogenic signal,Hormonal
NCI-SNU-16,TNF,IAP,0.1,3.0,0.004643747,0.767583,53.52589061,3.0,1.7210389,6.16115763,237.3764,stomach,MSS/MSI-L,Suspension,TNFA,Cell death,Apoptosis,NIAP;XIAP;BIRC2;BIRC3,Cell death,Apoptosis
DMS-114,CSNK2A1_2,AKT,0.03,3.0,0.006695559,2.5214477,13.72056572,2.269013389,1.0746787,0.0,2.965218,lung_small_cell_carcinoma,MSS/MSI-L,Adherent,CSNK2A1,Oncogenic signal,STK,AKT1;AKT2;AKT3,Oncogenic signal,AKT/PI3K
T47D,EGFR_2,AKT_1,1.0,1.0,0.155298576,10.0,67.55883849,0.033295544,2.633025,62.56298452,1.484367,breast,MSS/MSI-L,Adherent,EGFR,Oncogenic signal,RTK,AKT*,Oncogenic signal,AKT/PI3K
TCCSUP,PIK3C,MAP2K_1,1.0,3.0,0.266448613,1.4754412,51.21932519,0.09396389,0.6189614,59.46109581,17.31489,Bladder,MSS/MSI-L,Adherent,PIK3C*,Oncogenic signal,AKT/PI3K,MAP2K1;MAP2K2,Oncogenic signal,MAPK
Hs-578-T,BCL2_BCL2L1,ATR_4,1.0,1.0,0.048602479,2.3238197,66.97518748,0.334945501,10.0,58.29925039,-40.12297,breast,MSS/MSI-L,Adherent,BCL2;BCL2L1,Cell death,Apoptosis,ATR,DNA repair,DNA Damage Response
HCC1806,SLC16A4,MAP2K_1,1.0,1.0,1.0,0.0,100.0,0.230683554,1.8365541,38.24376905,20.66885,breast,MSS/MSI-L,Adherent,SLC16A3;SLC16A4,Metabolism,Metabolism,MAP2K1;MAP2K2,Oncogenic signal,MAPK
NCI-H358,Gemcitabine,CSNK2A1_2,0.01,0.1,0.002530932,1.7516636,23.08445443,0.011943953,4.3736996,16.052937,-13.62375,lung_NSCLC_adenocarcinoma,MSS/MSI-L,Adherent,DNA;RRM1;TYMS;CMPK1,Cell death,Chemo,CSNK2A1,Oncogenic signal,STK
NCI-H3122,MAP2K_3,BRAF_M2,0.3,3.0,0.00573492,0.6151613,0.0,2.673238296,0.7353728,5.63418238,75.28513,lung_NSCLC_adenocarcinoma,MSS/MSI-L,Adherent,MAP2K*,Oncogenic signal,MAPK,BRAF_V600E,Oncogenic signal,MAPK
VM-CUB-1,IAP,CHEK1,0.03,1.0,0.00258115,1.3498743,66.86788681,0.381939994,10.0,28.09524895,-4.151248,Bladder,MSS/MSI-L,Adherent,NIAP;XIAP;BIRC2;BIRC3,Cell death,Apoptosis,CHEK1,DNA repair,DNA Damage Response
MFM-223,MAP2K_1,BCL2_BCL2L1,1.0,1.0,1.0,0.0,100.0,0.330207435,10.0,63.89943574,-22.51192,breast,MSS/MSI-L,Adherent,MAP2K1;MAP2K2,Oncogenic signal,MAPK,BCL2;BCL2L1,Cell death,Apoptosis
CAMA-1,FGFR,BCL2_BCL2L1,1.0,1.0,1.0,0.0,100.0,0.105461158,1.723859,86.6396931,-24.96139,breast,MSS/MSI-L,Adherent,FGFR1;FGFR2;FGFR3,Oncogenic signal,RTK,BCL2;BCL2L1,Cell death,Apoptosis
HCC1569,ERBB,AKT,3.0,3.0,0.0003,0.1,60.51573517,0.0003,0.1,67.83766066,-34.31193,breast,MSI-H,Adherent,EGFR;ERBB*,Oncogenic signal,RTK,AKT1;AKT2;AKT3,Oncogenic signal,AKT/PI3K
DMS-114,IAP,Doxorubicin,3.0,0.1,3.0,0.4235042,35.98453149,0.023659348,1.8431607,4.92517525,-4.409151,lung_small_cell_carcinoma,MSS/MSI-L,Adherent,NIAP;XIAP;BIRC2;BIRC3,Cell death,Apoptosis,TOP*;DNMT1,DNA repair,Chemo
HCC1187,PIP5K1,PIK3CB_PIK3CD,1.0,1.0,1.0,0.0,100.0,0.3273452,10.0,73.1996172,-25.89079,breast,MSS/MSI-L,Suspension,PIP5K1*,Metabolism,Metabolism,PIK3CB;PIK3CD,Oncogenic signal,AKT/PI3K
NCI-H1299,Topotecan,PIK3CB,0.1,3.0,0.009835558,10.0,49.19996003,1.098182626,10.0,82.59924474,8.934983,lung_NSCLC_large cell,MSS/MSI-L,Adherent,TOP1;TOP1MT;DNA,DNA repair,Chemo,PIK3CB,Oncogenic signal,AKT/PI3K
MDA-MB-231,MAP2K_1,EGFR,1.0,0.1,0.896425302,0.7861114,5.76053412,1.0,0.0,100.0,20.14626,breast,MSS/MSI-L,Adherent,MAP2K1;MAP2K2,Oncogenic signal,MAPK,EGFR,Oncogenic signal,RTK
NCI-H2170,MAP2K_1,BRAF_M2,3.0,3.0,0.338863638,10.0,81.59986735,1.0,0.0,100.0,30.5355,lung_NSCLC_squamous_cell_carcinoma,MSS/MSI-L,Adherent,MAP2K1;MAP2K2,Oncogenic signal,MAPK,BRAF_V600E,Oncogenic signal,MAPK
HCC1143,PIK3CB_PIK3CD,ADAM17,1.0,75.0,0.221232701,0.7390243,61.40457616,0.88526659,10.0,84.99989563,34.24538,breast,MSS/MSI-L,Adherent,PIK3CB;PIK3CD,Oncogenic signal,AKT/PI3K,ADAM17,Differentiation,EMT/migration
T47D,MTOR_1,ESR1_1,1.0,3.0,0.102130701,1.095705,20.05783043,0.0003,0.1,31.63280982,23.26164,breast,MSS/MSI-L,Adherent,MTOR,Oncogenic signal,AKT/PI3K,ESR1,Oncogenic signal,Hormonal
NCI-H522,MTOR_1,ALK_2,3.0,3.0,0.094846378,0.8959713,27.42664102,1.592883003,2.1189696,0.0,22.3591,lung_NSCLC_adenocarcinoma,MSS/MSI-L,Adherent,MTOR,Oncogenic signal,AKT/PI3K,ALK,Oncogenic signal,RTK
HCC1428,FGFR,ESR1,1.0,1.0,1.0,0.0,100.0,0.223638708,4.5002236,57.05334028,1.789516,breast,MSS/MSI-L,Adherent,FGFR1;FGFR2;FGFR3,Oncogenic signal,RTK,ESR1,Oncogenic signal,Hormonal
BT-474,MTOR_1,MAP2K_1,1.0,3.0,0.101705105,2.3860196,25.76510457,3.0,0.5171863,48.35607697,-6.855216,breast,MSS/MSI-L,Adherent,MTOR,Oncogenic signal,AKT/PI3K,MAP2K1;MAP2K2,Oncogenic signal,MAPK
MFM-223,MAP2K_1,AKT_SGK,1.0,1.0,1.0,0.1832806,92.4981006,0.159500326,1.3608268,9.82647958,17.40815,breast,MSS/MSI-L,Adherent,MAP2K1;MAP2K2,Oncogenic signal,MAPK,AKT*;SGK*,Oncogenic signal,AKT/PI3K
Calu-6,Vinorelbine,IAP,0.03,1.0,0.011335888,10.0,38.29633683,0.0001,0.1,54.26004798,54.23792,lung_NSCLC_adenocarcinoma,MSS/MSI-L,Adherent,microtubule;TUBB,DNA repair,Chemo,NIAP;XIAP;BIRC2;BIRC3,Cell death,Apoptosis
Hs-578-T,BCL2_BCL2L1,AKT_1,1.0,1.0,0.164545927,1.3759212,53.7753989,0.295464759,10.0,48.69973755,-2.610332,breast,MSS/MSI-L,Adherent,BCL2;BCL2L1,Cell death,Apoptosis,AKT*,Oncogenic signal,AKT/PI3K
NCI-H358,CSNK2A1_2,AKT,0.1,3.0,0.010716611,3.4000623,15.91295771,2.130671247,0.7996328,0.0,46.89053,lung_NSCLC_adenocarcinoma,MSS/MSI-L,Adherent,CSNK2A1,Oncogenic signal,STK,AKT1;AKT2;AKT3,Oncogenic signal,AKT/PI3K
NCI-SNU-16,FGFR,BCL2_BCL2L1,0.01,3.0,0.004845681,4.1787408,28.3917496,0.404821543,0.7421282,79.0096177,11.42904,stomach,MSS/MSI-L,Suspension,FGFR1;FGFR2;FGFR3,Oncogenic signal,RTK,BCL2;BCL2L1,Cell death,Apoptosis
UM-UC-3,PIK3CB_PIK3CD,PARP1,3.0,3.0,1.370723116,1.8014873,79.4803166,3.0,0.8211669,79.08566782,12.88175,Bladder,MSS/MSI-L,Adherent,PIK3CB;PIK3CD,Oncogenic signal,AKT/PI3K,PARP1,DNA repair,DNA Damage Response
HCC1187,IAP,BCL2L1,3.0,3.0,3.0,10.0,93.80014926,1.0,0.0,100.0,2.11034,breast,MSS/MSI-L,Suspension,NIAP;XIAP;BIRC2;BIRC3,Cell death,Apoptosis,BCL2L1,Cell death,Apoptosis
CAL-51,PIP5K1,PIK3C,1.0,1.0,1.0,0.6741982,76.33321222,1.0,0.8894462,1.36550093,-8.35245,breast,MSS/MSI-L,Adherent,PIP5K1*,Metabolism,Metabolism,PIK3C*,Oncogenic signal,AKT/PI3K
M14,AKT,ADAM17,1.0,75.0,0.276412346,3.7493134,36.29259006,0.0075,0.1,83.93705267,30.52659,melanoma,MSS/MSI-L,Adherent,AKT1;AKT2;AKT3,Oncogenic signal,AKT/PI3K,ADAM17,Differentiation,EMT/migration
MDA-MB-453,PIK3C_2,AKT_1,1.0,1.0,0.416250513,1.3095199,0.0,0.082626226,0.8993464,0.0,30.12083,breast,MSS/MSI-L,Adherent,PIK3C*,Oncogenic signal,AKT/PI3K,AKT*,Oncogenic signal,AKT/PI3K
MDA-MB-453,MTOR_1,BCL2L1,1.0,3.0,0.069356735,1.6727152,9.42570023,3.0,0.2501469,65.08517827,9.558162,breast,MSS/MSI-L,Adherent,MTOR,Oncogenic signal,AKT/PI3K,BCL2L1,Cell death,Apoptosis
CAL-51,PIK3C_2,AKT,1.0,1.0,0.581301853,1.5217903,0.0,0.853253418,0.6711482,0.0,4.678623,breast,MSS/MSI-L,Adherent,PIK3C*,Oncogenic signal,AKT/PI3K,AKT1;AKT2;AKT3,Oncogenic signal,AKT/PI3K
NCI-H1563,EGFR_2,ALK,1.0,3.0,1.0,0.5657325,17.63737468,0.695082853,1.694252,1.42824825,-1.687451,lung_NSCLC_adenocarcinoma,MSS/MSI-L,Adherent,EGFR,Oncogenic signal,RTK,ALK,Oncogenic signal,AKT/PI3K
HCC1428,ALK_IGFR,AKT_1,1.0,1.0,1.0,0.0,100.0,0.0001,0.1,94.81546743,-20.63159,breast,MSS/MSI-L,Adherent,ALK;IGF*R,Oncogenic signal,AKT/PI3K,AKT*,Oncogenic signal,AKT/PI3K
M14,PIP5K1,MAP2K_1,1.0,1.0,1.0,0.0,100.0,0.259774278,10.0,31.59782253,53.1239,melanoma,MSS/MSI-L,Adherent,PIP5K1*,Metabolism,Metabolism,MAP2K1;MAP2K2,Oncogenic signal,MAPK
HCC70,FGFR,BCL2_BCL2L1,1.0,1.0,1.0,0.0,100.0,1.0,0.0,100.0,-41.02046,breast,MSS/MSI-L,Adherent,FGFR1;FGFR2;FGFR3,Oncogenic signal,RTK,BCL2;BCL2L1,Cell death,Apoptosis
CAMA-1,PIM1,PIK3C,1.0,1.0,0.297882337,10.0,85.89983862,1.0,1.3570016,12.05797234,8.094075,breast,MSS/MSI-L,Adherent,PIM1,Oncogenic signal,STK,PIK3C*,Oncogenic signal,AKT/PI3K
HCC1419,FGFR,BCL2_BCL2L1_BCL2L2,1.0,1.0,1.0,0.0,100.0,0.201683259,3.9375078,71.83878523,29.69523,breast,MSS/MSI-L,Adherent,FGFR1;FGFR2;FGFR3,Oncogenic signal,RTK,BCL2;BCL2L1;BCL2L2,Cell death,Apoptosis
HCC38,FGFR,AKT_SGK,1.0,1.0,0.013492749,3.1730307,79.81127997,1.0,10.0,72.40001414,-5.016959,breast,MSS/MSI-L,Adherent,FGFR1;FGFR2;FGFR3,Oncogenic signal,RTK,AKT*;SGK*,Oncogenic signal,AKT/PI3K
HCC38,ERBB,AKT,1.0,1.0,0.006389758,2.6665614,93.39100746,1.0,10.0,58.20015104,11.16846,breast,MSS/MSI-L,Adherent,EGFR;ERBB*,Oncogenic signal,RTK,AKT1;AKT2;AKT3,Oncogenic signal,AKT/PI3K
CAL-120,ESR1,AKT_1,1.0,1.0,1.0,0.0,100.0,1.0,0.0,100.0,14.58372,breast,MSS/MSI-L,Adherent,ESR1,Oncogenic signal,Hormonal,AKT*,Oncogenic signal,AKT/PI3K
HT-29,MAP2K_1,BRAF_M,3.0,3.0,0.147755444,1.0620507,20.78437763,1.074066941,10.0,64.69877717,21.27462,large_intestine,MSS/MSI-L,Adherent,MAP2K1;MAP2K2,Oncogenic signal,MAPK,BRAF_mut,Oncogenic signal,MAPK
CAMA-1,PIK3CB_PIK3CD,ALK_IGFR,1.0,1.0,0.198578552,1.2156149,21.04973231,1.0,10.0,89.40002111,45.35805,breast,MSS/MSI-L,Adherent,PIK3CB;PIK3CD,Oncogenic signal,AKT/PI3K,ALK;IGF*R,Oncogenic signal,AKT/PI3K
MDA-MB-436,PIK3C,BCL2L1,3.0,3.0,1.365668414,0.9803505,42.31673457,0.0003,0.1,89.14509009,-2.02419,breast,MSS/MSI-L,Adherent,PIK3C*,Oncogenic signal,AKT/PI3K,BCL2L1,Cell death,Apoptosis
HT-1376,FGFR,ERBB,3.0,1.0,1.445313474,2.0093135,77.72653411,0.071166989,0.949218,46.06431293,2.598166,Bladder,MSS/MSI-L,Adherent,FGFR1;FGFR2;FGFR3,Oncogenic signal,RTK,EGFR;ERBB*,Oncogenic signal,RTK
MDA-MB-436,MAP2K_1,ADAM17,1.0,75.0,0.225686973,0.5339835,43.78283732,1.0,0.0,100.0,0.01351545,breast,MSS/MSI-L,Adherent,MAP2K1;MAP2K2,Oncogenic signal,MAPK,ADAM17,Differentiation,EMT/migration
MDA-MB-361,MTOR_1,ESR1_3,1.0,3.0,0.144848021,1.3223668,36.19581605,0.066283365,0.5966194,76.33129405,19.57296,breast,MSS/MSI-L,Adherent,MTOR,Oncogenic signal,AKT/PI3K,ESR1,Oncogenic signal,Hormonal
MDA-MB-415,PIK3C,Chloroquine,3.0,10.0,1.026142476,10.0,43.09871647,1.0,0.0,100.0,24.19537,breast,MSS/MSI-L,Adherent,PIK3C*,Oncogenic signal,AKT/PI3K,Thiamine,other,other
Calu-3,CSNK2A1_2,Carboplatin,0.03,3.0,0.03,10.0,11.00059578,1.396358411,10.0,82.49164792,-28.23959,lung_NSCLC_adenocarcinoma,MSS/MSI-L,Adherent,CSNK2A1,Oncogenic signal,STK,DNA,DNA repair,Chemo
DU-4475,FASN,BCL2_BCL2L1,1.0,1.0,1.0,0.4908271,54.16200824,0.005821928,4.2323848,0.0,2.207786,breast,MSS/MSI-L,Suspension,FASN,Metabolism,Metabolism,BCL2;BCL2L1,Cell death,Apoptosis
HCC1419,CSNK2A1_2,AKT,0.1,3.0,0.003641588,1.1618582,18.49384557,0.542413673,0.4871672,0.0,32.71908,breast,MSS/MSI-L,Adherent,CSNK2A1,Oncogenic signal,STK,AKT1;AKT2;AKT3,Oncogenic signal,AKT/PI3K
MCF7,PIK3C,MTOR_1,3.0,1.0,0.175039128,0.7958656,0.0,0.075055315,2.0708999,11.75112282,19.36093,breast,MSS/MSI-L,Adherent,PIK3C*,Oncogenic signal,AKT/PI3K,MTOR,Oncogenic signal,AKT/PI3K
NCI-H1703,PIK3CB,IAP,3.0,0.01,1.599008234,0.5723131,0.0,0.000497233,1.9826368,18.31680807,6.628513,lung_NSCLC_adenocarcinoma,MSS/MSI-L,Adherent,PIK3CB,Oncogenic signal,AKT/PI3K,NIAP;XIAP;BIRC2;BIRC3,Cell death,Apoptosis
BFTC-905,IAP,ATR_4,3.0,3.0,0.0003,0.417185,8.00340749,1.102688244,10.0,18.7963411,0.1430406,Bladder,MSS/MSI-L,Adherent,NIAP;XIAP;BIRC2;BIRC3,Cell death,Apoptosis,ATR,DNA repair,DNA Damage Response
HCC70,BCL2_BCL2L1,AKT_1,1.0,1.0,1.0,0.0,100.0,0.496070353,0.8622442,13.58224491,-7.565757,breast,MSS/MSI-L,Adherent,BCL2;BCL2L1,Cell death,Apoptosis,AKT*,Oncogenic signal,AKT/PI3K
HCC70,EGFR,BCL2_BCL2L1,0.1,1.0,1.0,0.0,100.0,1.0,0.0,100.0,-17.26343,breast,MSS/MSI-L,Adherent,EGFR,Oncogenic signal,RTK,BCL2;BCL2L1,Cell death,Apoptosis
EVSA-T,BCL2_2,AKT_1,3.0,3.0,1.557765762,7.1691126,0.0,0.498924659,2.4803051,13.29490252,-5.806061,breast,MSS/MSI-L,Adherent,BCL2,Cell death,Apoptosis,AKT*,Oncogenic signal,AKT/PI3K
CAL-120,PIK3C_MTOR,FGFR,1.0,3.0,0.0001,0.1,94.94340993,0.082194923,0.4788812,38.19259513,4.902747,breast,MSS/MSI-L,Adherent,PIK3C*;MTOR,Oncogenic signal,AKT/PI3K,FGFR1;FGFR2;FGFR3,Oncogenic signal,RTK
HCC1806,MTOR_1,MAP2K_1,1.0,1.0,0.192088501,1.5057747,0.52034485,0.244048967,1.0056963,0.0,14.34996,breast,MSS/MSI-L,Adherent,MTOR,Oncogenic signal,AKT/PI3K,MAP2K1;MAP2K2,Oncogenic signal,MAPK
NCI-H1793,IAP,ATR_4,3.0,3.0,3.0,0.4967513,33.59651426,1.279822119,2.3622443,51.72190716,26.53115,lung_NSCLC_adenocarcinoma,MSS/MSI-L,Adherent,NIAP;XIAP;BIRC2;BIRC3,Cell death,Apoptosis,ATR,DNA repair,DNA Damage Response
NCI-H1299,MAP2K_3,BRAF_M2,0.3,3.0,0.006957615,0.6164439,6.45667406,3.0,1.0772197,18.87812552,61.87433,lung_NSCLC_large cell,MSS/MSI-L,Adherent,MAP2K*,Oncogenic signal,MAPK,BRAF_V600E,Oncogenic signal,MAPK
CAMA-1,TNKS_PARP6,FGFR,1.0,1.0,0.025035758,2.0470335,24.35793422,1.0,0.0,100.0,-12.26306,breast,MSS/MSI-L,Adherent,TNKS;PARP6,Oncogenic signal,Cell Cycle,FGFR1;FGFR2;FGFR3,Oncogenic signal,RTK
HCC1428,PIK3CB_PIK3CD,PARP1,1.0,3.0,1.0,0.0,100.0,1.002572676,10.0,53.19914359,-0.4745446,breast,MSS/MSI-L,Adherent,PIK3CB;PIK3CD,Oncogenic signal,AKT/PI3K,PARP1,DNA repair,DNA Damage Response
RKO,IGFR_4,IAP,10.0,1.0,3.365096421,10.0,13.19835707,0.184756127,2.3286054,77.43537453,31.87904,large_intestine,MSI-H,Adherent,IGF*R,Oncogenic signal,RTK,NIAP;XIAP;BIRC2;BIRC3,Cell death,Apoptosis
HT-1197,PIK3CB_PIK3CD,PARP1,3.0,3.0,3.0,10.0,54.00025059,3.0,0.5192992,14.67597148,20.68262,Bladder,MSS/MSI-L,Adherent,PIK3CB;PIK3CD,Oncogenic signal,AKT/PI3K,PARP1,DNA repair,DNA Damage Response
C32,MAP2K_1,IGFR_4,3.0,10.0,0.125885864,1.1588941,22.35968009,2.797960402,2.6436755,8.15120332,5.074641,melanoma,MSS/MSI-L,Adherent,MAP2K1;MAP2K2,Oncogenic signal,MAPK,IGF*R,Oncogenic signal,RTK
HCC70,MAP2K_1,FASN,1.0,1.0,0.330135662,0.6530727,43.04128946,0.0001,4.2105905,92.54,17.56783,breast,MSS/MSI-L,Adherent,MAP2K1;MAP2K2,Oncogenic signal,MAPK,FASN,Metabolism,Metabolism
DU-4475,PIM1,BCL2_BCL2L1,1.0,1.0,0.027606705,4.1483868,4.87261374,0.00016503,8.8559836,0.56,-0.4213918,breast,MSS/MSI-L,Suspension,PIM1,Oncogenic signal,STK,BCL2;BCL2L1,Cell death,Apoptosis
A549,PIK3C,ALK,3.0,3.0,2.429470439,1.2188717,29.45875767,1.436394726,2.7436756,0.0,17.66271,lung_NSCLC_adenocarcinoma,MSS/MSI-L,Adherent,PIK3C*,Oncogenic signal,AKT/PI3K,ALK,Oncogenic signal,AKT/PI3K
UM-UC-3,MAP2K_1,HSP90,3.0,0.3,0.245176773,3.7164188,58.34980602,0.20420332,3.2415273,0.0,6.221262,Bladder,MSS/MSI-L,Adherent,MAP2K1;MAP2K2,Oncogenic signal,MAPK,HSP90AA1,Cell death,Apoptosis
SW837,TKI,IGFR_3,3.0,10.0,1.668103154,1.1113379,44.30186416,10.0,0.3143486,44.12316146,19.76623,large_intestine,MSS/MSI-L,Adherent,KDR;EGFR;RET,Oncogenic signal,RTK,IGF*R,Oncogenic signal,RTK
LS-513,MAP2K_1,IGFR_3,0.3,10.0,0.082529236,1.1586487,17.22806241,0.381049891,1.3839774,6.55849877,24.84664,large_intestine,MSS/MSI-L,Adherent,MAP2K1;MAP2K2,Oncogenic signal,MAPK,IGF*R,Oncogenic signal,RTK
CAL-51,PIK3C,PARP1,1.0,3.0,1.0,3.718788,42.80310942,2.529077072,0.9153189,0.0,9.279671,breast,MSS/MSI-L,Adherent,PIK3C*,Oncogenic signal,AKT/PI3K,PARP1,DNA repair,DNA Damage Response
T-24,ATR_4,AKT,3.0,3.0,1.024919271,10.0,7.69795337,1.0,0.0,100.0,-26.02004,Bladder,MSS/MSI-L,Adherent,ATR,DNA repair,DNA Damage Response,AKT1;AKT2;AKT3,Oncogenic signal,AKT/PI3K
Calu-6,TOP2_2,IAP,3.0,1.0,0.614578909,1.711808,13.17630099,0.092939155,0.1,31.39127838,48.77588,lung_NSCLC_adenocarcinoma,MSS/MSI-L,Adherent,TOP2*,DNA repair,Chemo,NIAP;XIAP;BIRC2;BIRC3,Cell death,Apoptosis
MDA-MB-436,FGFR,ESR1,1.0,1.0,1.0,10.0,88.40019858,1.0,0.0,100.0,-16.33541,breast,MSS/MSI-L,Adherent,FGFR1;FGFR2;FGFR3,Oncogenic signal,RTK,ESR1,Oncogenic signal,Hormonal
HCC1806,PIK3CB_PIK3CD,AKT_1,1.0,1.0,1.0,0.0,100.0,0.250039084,1.9923195,29.99917061,47.79886,breast,MSS/MSI-L,Adherent,PIK3CB;PIK3CD,Oncogenic signal,AKT/PI3K,AKT*,Oncogenic signal,AKT/PI3K
LS-513,PIK3C,MAP2K_1,10.0,0.3,1.069097761,1.4424334,3.12422228,0.098113456,1.3920486,22.07024252,21.42163,large_intestine,MSS/MSI-L,Adherent,PIK3C*,Oncogenic signal,AKT/PI3K,MAP2K1;MAP2K2,Oncogenic signal,MAPK
HT-1197,PIK3C,Cisplatin,3.0,3.0,2.492251331,0.4118499,1.94718001,0.178387122,0.6071887,19.81974322,-9.310492,Bladder,MSS/MSI-L,Adherent,PIK3C*,Oncogenic signal,AKT/PI3K,DNA,DNA repair,Chemo
C32,PARP1,IAP,10.0,1.0,6.909842774,1.7739008,0.0,0.005422986,10.0,8.90000682,20.95271,melanoma,MSS/MSI-L,Adherent,PARP1,DNA repair,DNA Damage Response,NIAP;XIAP;BIRC2;BIRC3,Cell death,Apoptosis
DMS-114,FGFR,BCL2_BCL2L1_BCL2L2,3.0,3.0,0.162277276,2.3048242,13.9406136,3.0,0.4522001,46.50628312,-9.745648,lung_small_cell_carcinoma,MSS/MSI-L,Adherent,FGFR1;FGFR2;FGFR3,Oncogenic signal,RTK,BCL2;BCL2L1;BCL2L2,Cell death,Apoptosis
HCC1937,PIK3C_2,AKT,1.0,1.0,0.326713718,10.0,74.89965097,0.233448201,1.8318019,67.67169429,16.42842,breast,MSS/MSI-L,Adherent,PIK3C*,Oncogenic signal,AKT/PI3K,AKT1;AKT2;AKT3,Oncogenic signal,AKT/PI3K
DMS-114,PIK3CB,IAP,3.0,3.0,3.0,0.3230612,68.00802719,3.0,0.6667964,27.23677032,0.7853992,lung_small_cell_carcinoma,MSS/MSI-L,Adherent,PIK3CB,Oncogenic signal,AKT/PI3K,NIAP;XIAP;BIRC2;BIRC3,Cell death,Apoptosis
DMS-114,FGFR,Chloroquine,3.0,3.0,0.147586912,2.1049984,14.18123,3.0,0.4888226,31.52431682,-24.2455,lung_small_cell_carcinoma,MSS/MSI-L,Adherent,FGFR1;FGFR2;FGFR3,Oncogenic signal,RTK,Thiamine,other,other
NCI-SNU-16,FGFR,BCL2_BCL2L1_BCL2L2,0.01,3.0,0.008407923,2.0182078,0.0,3.0,1.6330276,6.2666575,9.711389,stomach,MSS/MSI-L,Suspension,FGFR1;FGFR2;FGFR3,Oncogenic signal,RTK,BCL2;BCL2L1;BCL2L2,Cell death,Apoptosis
MDA-MB-231,MAP2K_1,ESR1,1.0,1.0,0.316058807,1.6402465,46.46814817,1.0,0.0,100.0,10.08948,breast,MSS/MSI-L,Adherent,MAP2K1;MAP2K2,Oncogenic signal,MAPK,ESR1,Oncogenic signal,Hormonal
NCI-H522,PIK3CB,ALK_2,3.0,3.0,3.0,0.2834225,34.31823245,1.729657238,0.8382281,0.0,6.436748,lung_NSCLC_adenocarcinoma,MSS/MSI-L,Adherent,PIK3CB,Oncogenic signal,AKT/PI3K,ALK,Oncogenic signal,RTK
HT-1197,MAP2K_1,BCL2_BCL2L1,1.0,3.0,0.10469548,10.0,74.9499746,0.0003,0.1,91.13176403,1.756911,Bladder,MSS/MSI-L,Adherent,MAP2K1;MAP2K2,Oncogenic signal,MAPK,BCL2;BCL2L1,Cell death,Apoptosis
DMS-114,IAP,CHEK1,3.0,1.0,0.536660294,1.2492877,63.73419129,0.236737722,3.7675846,20.4625119,12.83989,lung_small_cell_carcinoma,MSS/MSI-L,Adherent,NIAP;XIAP;BIRC2;BIRC3,Cell death,Apoptosis,CHEK1,DNA repair,DNA Damage Response
MDA-MB-436,TNKS_PARP6,FGFR,1.0,1.0,0.000240208,0.507311,11.75790764,1.0,2.9981906,81.80420738,-3.767611,breast,MSS/MSI-L,Adherent,TNKS;PARP6,Oncogenic signal,Cell Cycle,FGFR1;FGFR2;FGFR3,Oncogenic signal,RTK
HCC1428,BCL2_BCL2L1,ADAM17,1.0,75.0,0.107896808,1.2636084,9.38694058,1.0,0.0,100.0,4.883253,breast,MSS/MSI-L,Adherent,BCL2;BCL2L1,Cell death,Apoptosis,ADAM17,Differentiation,EMT/migration
NCI-H1299,CSNK2A1_2,Carboplatin,0.1,3.0,0.024876125,2.6000662,10.16620372,3.0,1.8697169,3.93322047,0.9183681,lung_NSCLC_large cell,MSS/MSI-L,Adherent,CSNK2A1,Oncogenic signal,STK,DNA,DNA repair,Chemo
MCF7,AKT_1,AKT,1.0,1.0,0.068037778,2.0397005,48.51497261,0.340576565,10.0,75.39947607,17.58611,breast,MSS/MSI-L,Adherent,AKT*,Oncogenic signal,AKT/PI3K,AKT1;AKT2;AKT3,Oncogenic signal,AKT/PI3K
NCI-H1299,CarboTaxol,ATR_4,0.01,3.0,0.003051142,2.3951385,17.77042683,1.132615788,10.0,40.4964961,-22.27042,lung_NSCLC_large cell,MSS/MSI-L,Adherent,DNA,DNA repair,Chemo,ATR,DNA repair,DNA Damage Response
Hs-578-T,PIK3C,PARP1,1.0,3.0,0.634548055,0.4712632,0.0,2.280053142,0.2771101,0.0,-4.66841,breast,MSS/MSI-L,Adherent,PIK3C*,Oncogenic signal,AKT/PI3K,PARP1,DNA repair,DNA Damage Response
HCC1395,MTOR_1,FASN,1.0,1.0,0.487730165,0.9187586,15.66787448,0.223242189,5.493424,92.09807563,-0.7101762,breast,MSS/MSI-L,Adherent,MTOR,Oncogenic signal,AKT/PI3K,FASN,Metabolism,Metabolism
CAL-51,MTOR_1,ESR1,1.0,1.0,0.317725511,1.7850956,16.82081227,0.91773549,9.8529685,85.27926859,7.650171,breast,MSS/MSI-L,Adherent,MTOR,Oncogenic signal,AKT/PI3K,ESR1,Oncogenic signal,Hormonal
CAL-51,SLC16A4,BCL2_BCL2L1,1.0,1.0,1.0,0.0,100.0,1.0,1.2553758,88.16895291,7.46008,breast,MSS/MSI-L,Adherent,SLC16A3;SLC16A4,Metabolism,Metabolism,BCL2;BCL2L1,Cell death,Apoptosis
HCC1395,PIK3C,AKT_SGK,1.0,1.0,0.930618489,0.8843903,0.0,0.26329201,0.6940046,15.39027713,5.785685,breast,MSS/MSI-L,Adherent,PIK3C*,Oncogenic signal,AKT/PI3K,AKT*;SGK*,Oncogenic signal,AKT/PI3K
M14,SLC16A4,MTOR_1,1.0,1.0,0.101871836,10.0,82.14981133,1.0,0.6210712,20.110235,-20.13516,melanoma,MSS/MSI-L,Adherent,SLC16A3;SLC16A4,Metabolism,Metabolism,MTOR,Oncogenic signal,AKT/PI3K
NCI-H2228,IAP,ATR_4,0.3,3.0,0.012327898,0.3755482,5.06134662,1.002057378,2.0147108,37.68588262,-15.6591,lung_NSCLC_adenocarcinoma,MSS/MSI-L,Adherent,NIAP;XIAP;BIRC2;BIRC3,Cell death,Apoptosis,ATR,DNA repair,DNA Damage Response
NCI-H1703,MTOR_1,FGFR,1.0,3.0,0.165941973,0.9503775,7.89123883,2.064825438,1.2621054,0.0,32.70239,lung_NSCLC_adenocarcinoma,MSS/MSI-L,Adherent,MTOR,Oncogenic signal,AKT/PI3K,FGFR1;FGFR2;FGFR3,Oncogenic signal,RTK
MDA-MB-453,FASN,BCL2_BCL2L1,1.0,1.0,0.200993303,3.3213385,86.22850519,1.0,1.0022601,53.77814307,17.89438,breast,MSS/MSI-L,Adherent,FASN,Metabolism,Metabolism,BCL2;BCL2L1,Cell death,Apoptosis
HCC1187,EGFR,AKT_1,0.1,1.0,1.0,0.0,100.0,0.074495909,1.0467652,41.54414599,-10.01942,breast,MSS/MSI-L,Suspension,EGFR,Oncogenic signal,RTK,AKT*,Oncogenic signal,AKT/PI3K
MDA-MB-157,PIK3CB_PIK3CD,AKT_1,1.0,1.0,1.0,0.4215662,10.84153089,0.028485139,0.7229025,78.66067797,17.86787,breast,MSS/MSI-L,Adherent,PIK3CB;PIK3CD,Oncogenic signal,AKT/PI3K,AKT*,Oncogenic signal,AKT/PI3K
HCC1937,MAP2K_1,ADAM17,1.0,75.0,0.025349307,1.5962705,85.57410212,75.0,0.2035039,88.7905746,11.9905,breast,MSS/MSI-L,Adherent,MAP2K1;MAP2K2,Oncogenic signal,MAPK,ADAM17,Differentiation,EMT/migration
NCI-H1975,Topotecan,PIK3CB,1.0,3.0,0.154313758,3.758496,27.10247912,3.0,0.6106304,26.47234668,-18.37836,lung_NSCLC_adenocarcinoma,MSS/MSI-L,Adherent,TOP1;TOP1MT;DNA,DNA repair,Chemo,PIK3CB,Oncogenic signal,AKT/PI3K
BT-20,ERBB,AKT,3.0,3.0,0.013879472,0.8737687,76.19738339,1.180737562,0.9237286,1.90126474,75.40316,breast,MSS/MSI-L,Adherent,EGFR;ERBB*,Oncogenic signal,RTK,AKT1;AKT2;AKT3,Oncogenic signal,AKT/PI3K
NCI-H522,CSNK2A1_2,AKT,0.03,3.0,0.003040817,10.0,7.34964368,0.175966979,0.4201401,0.0,25.75817,lung_NSCLC_adenocarcinoma,MSS/MSI-L,Adherent,CSNK2A1,Oncogenic signal,STK,AKT1;AKT2;AKT3,Oncogenic signal,AKT/PI3K
NCI-H838,TNFSF10,CSNK2A1_2,0.03,0.1,1.0,0.0,100.0,0.007573649,2.4967638,4.00058481,-4.41386,lung_NSCLC_adenocarcinoma,MSS/MSI-L,Adherent,TNFSF10,Cell death,Apoptosis,CSNK2A1,Oncogenic signal,STK
RKO,MTOR,JAK,0.3,3.0,0.09634378,10.0,36.99926363,1.457962601,10.0,51.16413496,-16.49354,large_intestine,MSI-H,Adherent,MTOR,Oncogenic signal,AKT/PI3K,JAK1;JAK2,Oncogenic signal,Cell Cycle
TCCSUP,PIM1,MAP2K_1,3.0,3.0,0.975151034,1.6804126,91.08476694,3.0,0.3638775,40.87293584,36.85816,Bladder,MSS/MSI-L,Adherent,PIM1,Oncogenic signal,STK,MAP2K1;MAP2K2,Oncogenic signal,MAPK
SW780,HDAC_4,ATR_4,3.0,3.0,0.4801727,0.5520999,9.3888539,0.0003,0.1,80.34459892,17.07402,Bladder,MSS/MSI-L,Adherent,HDAC*,Differentiation,Epigenetic,ATR,DNA repair,DNA Damage Response
BFTC-905,FGFR,AKT,3.0,3.0,3.0,0.985901,15.6214829,0.085655436,1.1559938,27.52012385,-101.1725,Bladder,MSS/MSI-L,Adherent,FGFR1;FGFR2;FGFR3,Oncogenic signal,RTK,AKT1;AKT2;AKT3,Oncogenic signal,AKT/PI3K
HT-29,PTK2,IAP,10.0,1.0,0.454887585,1.7972209,4.11247229,1.0,10.0,94.80002624,57.69479,large_intestine,MSS/MSI-L,Adherent,PTK2*,Differentiation,EMT/migration,NIAP;XIAP;BIRC2;BIRC3,Cell death,Apoptosis
NCI-H358,MTOR_1,ALK_2,3.0,3.0,0.321661538,0.9577857,19.22887087,0.227408287,0.8919736,33.93516969,52.32034,lung_NSCLC_adenocarcinoma,MSS/MSI-L,Adherent,MTOR,Oncogenic signal,AKT/PI3K,ALK,Oncogenic signal,RTK
CAL-51,MAP2K_1,AKT_SGK,1.0,1.0,0.272117529,1.8105567,90.06982161,0.174338078,1.7927884,30.55668238,9.47785,breast,MSS/MSI-L,Adherent,MAP2K1;MAP2K2,Oncogenic signal,MAPK,AKT*;SGK*,Oncogenic signal,AKT/PI3K
NCI-H2170,IAP,CHEK1,3.0,1.0,3.0,0.466211,53.22534931,0.49298107,1.9769735,0.0,-28.3524,lung_NSCLC_squamous_cell_carcinoma,MSS/MSI-L,Adherent,NIAP;XIAP;BIRC2;BIRC3,Cell death,Apoptosis,CHEK1,DNA repair,DNA Damage Response
MDA-MB-436,SLC16A4,MTOR_1,1.0,1.0,0.340888139,10.0,92.19983281,0.163572367,1.9534984,23.06577722,-2.881406,breast,MSS/MSI-L,Adherent,SLC16A3;SLC16A4,Metabolism,Metabolism,MTOR,Oncogenic signal,AKT/PI3K
NCI-H2291,CarboTaxol,BCL2L1,0.3,3.0,0.003596467,3.1723844,51.58548977,0.097285459,1.2808749,22.64047671,107.0726,lung_NSCLC_adenocarcinoma,MSS/MSI-L,Adherent,DNA,DNA repair,Chemo,BCL2L1,Cell death,Apoptosis
TCCSUP,MAP2K_1,HSP90,3.0,0.3,3.0,0.2362614,21.79853491,0.155505207,2.0411511,0.0,16.31513,Bladder,MSS/MSI-L,Adherent,MAP2K1;MAP2K2,Oncogenic signal,MAPK,HSP90AA1,Cell death,Apoptosis
CAL-120,BCL2_BCL2L1,AKT_SGK,1.0,1.0,0.281953304,0.5031753,0.0,0.375635955,0.6455937,55.24909874,-4.552796,breast,MSS/MSI-L,Adherent,BCL2;BCL2L1,Cell death,Apoptosis,AKT*;SGK*,Oncogenic signal,AKT/PI3K
MDA-MB-468,PIK3C,PARP1,1.0,3.0,1.0,10.0,85.60026668,1.482761672,1.609723,0.0,10.54166,breast,MSS/MSI-L,Adherent,PIK3C*,Oncogenic signal,AKT/PI3K,PARP1,DNA repair,DNA Damage Response
MDA-MB-157,PIK3CA_4,PIK3C_2,1.0,1.0,1.0,0.8241298,55.56746761,0.293163704,10.0,57.29979973,11.72995,breast,MSS/MSI-L,Adherent,PIK3CA,Oncogenic signal,AKT/PI3K,PIK3C*,Oncogenic signal,AKT/PI3K
CAMA-1,AKT,ADAM17,1.0,75.0,0.126186031,0.993706,3.68853309,1.0,0.0,100.0,-6.972573,breast,MSS/MSI-L,Adherent,AKT1;AKT2;AKT3,Oncogenic signal,AKT/PI3K,ADAM17,Differentiation,EMT/migration
MDA-MB-436,MTOR_1,MAP2K_1,1.0,3.0,0.028739158,0.3536229,13.10906063,0.103238955,1.7156405,5.01018354,-8.660262,breast,MSS/MSI-L,Adherent,MTOR,Oncogenic signal,AKT/PI3K,MAP2K1;MAP2K2,Oncogenic signal,MAPK
HCC1419,ESR1_1,AKT_1,3.0,3.0,3.0,0.3190277,33.13885177,0.178712822,0.7958327,26.01135908,44.72711,breast,MSS/MSI-L,Adherent,ESR1,Oncogenic signal,Hormonal,AKT*,Oncogenic signal,AKT/PI3K
NCI-H358,Topotecan,PIK3CB,0.1,3.0,0.030668319,1.86092,26.07598144,0.583034543,10.0,88.2804403,20.58626,lung_NSCLC_adenocarcinoma,MSS/MSI-L,Adherent,TOP1;TOP1MT;DNA,DNA repair,Chemo,PIK3CB,Oncogenic signal,AKT/PI3K
TCCSUP,MAP2K_1,BCL2_BCL2L1,3.0,3.0,1.899005662,0.3147776,19.62201529,3.0,0.3370636,79.43218131,-9.472862,Bladder,MSS/MSI-L,Adherent,MAP2K1;MAP2K2,Oncogenic signal,MAPK,BCL2;BCL2L1,Cell death,Apoptosis
NCI-H1975,CarboTaxol,BCL2L1,0.01,3.0,0.002998346,10.0,27.79952812,0.609798554,1.6719887,78.83209083,37.79605,lung_NSCLC_adenocarcinoma,MSS/MSI-L,Adherent,DNA,DNA repair,Chemo,BCL2L1,Cell death,Apoptosis
BT-474,PIK3C,AKT_1,3.0,3.0,0.344870299,1.1573738,0.0,0.21038508,1.6730378,8.96182097,43.08746,breast,MSS/MSI-L,Adherent,PIK3C*,Oncogenic signal,AKT/PI3K,AKT*,Oncogenic signal,AKT/PI3K
CAMA-1,MTOR_1,MAP2K_1,1.0,3.0,0.13868813,2.1486873,16.51005308,1.444834134,1.4160773,91.77027254,-2.056456,breast,MSS/MSI-L,Adherent,MTOR,Oncogenic signal,AKT/PI3K,MAP2K1;MAP2K2,Oncogenic signal,MAPK
M14,MAP2K_1,FASN,1.0,1.0,0.219948831,0.7340054,0.0,0.065177882,0.5088835,63.31031367,13.93111,melanoma,MSS/MSI-L,Adherent,MAP2K1;MAP2K2,Oncogenic signal,MAPK,FASN,Metabolism,Metabolism
HCC1143,SLC16A4,MTOR_1,1.0,1.0,1.0,10.0,85.00004023,0.297778138,1.4520859,35.40165613,-10.00178,breast,MSS/MSI-L,Adherent,SLC16A3;SLC16A4,Metabolism,Metabolism,MTOR,Oncogenic signal,AKT/PI3K
NCI-H2170,Vinorelbine,IAP,0.03,3.0,0.010481153,2.4017518,43.07347215,3.0,0.2672873,61.11311313,35.43825,lung_NSCLC_squamous_cell_carcinoma,MSS/MSI-L,Adherent,microtubule;TUBB,DNA repair,Chemo,NIAP;XIAP;BIRC2;BIRC3,Cell death,Apoptosis
NCI-H838,Topotecan,PIK3CB,0.3,3.0,0.083221175,1.6185315,0.0,3.0,0.6942182,52.43138108,19.76374,lung_NSCLC_adenocarcinoma,MSS/MSI-L,Adherent,TOP1;TOP1MT;DNA,DNA repair,Chemo,PIK3CB,Oncogenic signal,AKT/PI3K
MDA-MB-157,ALK_IGFR,AKT_1,1.0,1.0,0.307132348,1.968389,20.9001159,1.0,0.4464034,38.76478737,6.202819,breast,MSS/MSI-L,Adherent,ALK;IGF*R,Oncogenic signal,AKT/PI3K,AKT*,Oncogenic signal,AKT/PI3K
KMS-11,MTOR_1,FGFR,1.0,0.03,0.335520848,10.0,34.19880117,0.03,10.0,10.40028443,0.2484452,myeloma,,Suspension,MTOR,Oncogenic signal,AKT/PI3K,FGFR1;FGFR2;FGFR3,Oncogenic signal,RTK
CAMA-1,BCL2L1,AKT,3.0,3.0,1.106463174,10.0,90.99957826,0.061472264,0.5483672,0.0,16.64859,breast,MSS/MSI-L,Adherent,BCL2L1,Cell death,Apoptosis,AKT1;AKT2;AKT3,Oncogenic signal,AKT/PI3K
BT-20,MAP2K_1,ERBB,1.0,1.0,0.026321976,0.7874488,52.44039043,0.169858448,1.0686219,69.72838867,26.87017,breast,MSS/MSI-L,Adherent,MAP2K1;MAP2K2,Oncogenic signal,MAPK,EGFR;ERBB*,Oncogenic signal,RTK
MDA-MB-453,PIK3C,Chloroquine,3.0,10.0,1.044043155,1.23629,0.0,1.093351428,1.5624803,86.19593264,-16.45687,breast,MSS/MSI-L,Adherent,PIK3C*,Oncogenic signal,AKT/PI3K,Thiamine,other,other
MDA-MB-231,PIK3C,AKT_SGK,1.0,1.0,0.214675064,1.1063543,70.52960912,1.0,0.5757226,55.12899224,16.45965,breast,MSS/MSI-L,Adherent,PIK3C*,Oncogenic signal,AKT/PI3K,AKT*;SGK*,Oncogenic signal,AKT/PI3K
BT-20,FGFR,ERBB,1.0,1.0,1.0,0.4606182,79.33349144,0.2672081,10.0,70.2992931,-1.81518,breast,MSS/MSI-L,Adherent,FGFR1;FGFR2;FGFR3,Oncogenic signal,RTK,EGFR;ERBB*,Oncogenic signal,RTK
NCI-H1703,Vinorelbine,BCL2L1,0.03,3.0,0.019754927,2.9429378,0.0,1.0,0.0,100.0,20.74381,lung_NSCLC_adenocarcinoma,MSS/MSI-L,Adherent,microtubule;TUBB,DNA repair,Chemo,BCL2L1,Cell death,Apoptosis
NCI-H747,PTK2,IAP,3.0,1.0,0.396067446,1.5643898,21.30304872,0.006220492,0.3983897,48.44546905,49.03739,large_intestine,MSS/MSI-L,Adherent,PTK2*,Differentiation,EMT/migration,NIAP;XIAP;BIRC2;BIRC3,Cell death,Apoptosis
BFTC-905,Gemcitabine,ATM,0.1,3.0,0.001119269,4.9677712,1.2667002,1.193956035,1.418521,45.12582576,2.02294,Bladder,MSS/MSI-L,Adherent,DNA;RRM1;TYMS;CMPK1,Cell death,Chemo,ATM,DNA repair,DNA Damage Response
BT-474,Chloroquine,AKT,1.0,1.0,1.0,0.0,100.0,0.176227079,2.051174,12.49023594,5.878045,breast,MSS/MSI-L,Adherent,Thiamine,other,other,AKT1;AKT2;AKT3,Oncogenic signal,AKT/PI3K
SW948,MTOR,JAK,0.3,3.0,0.104098637,1.9519196,5.69675967,1.05960748,10.0,12.29732772,-31.07631,large_intestine,MSS/MSI-L,Adherent,MTOR,Oncogenic signal,AKT/PI3K,JAK1;JAK2,Oncogenic signal,Cell Cycle
HT-1197,IAP,BCL2_BCL2L1,3.0,3.0,3.0,1.1182587,9.9207005,0.0003,0.1,78.85103811,76.29174,Bladder,MSS/MSI-L,Adherent,NIAP;XIAP;BIRC2;BIRC3,Cell death,Apoptosis,BCL2;BCL2L1,Cell death,Apoptosis
RKO,IGFR_3,IAP,10.0,1.0,10.0,10.0,78.40000727,1.0,0.3341029,69.19620717,48.43133,large_intestine,MSI-H,Adherent,IGF*R,Oncogenic signal,RTK,NIAP;XIAP;BIRC2;BIRC3,Cell death,Apoptosis
NCI-H838,IAP,BCL2L1,1.0,3.0,0.005939465,0.5840547,17.62679532,3.0,0.7003682,84.4858545,66.47357,lung_NSCLC_adenocarcinoma,MSS/MSI-L,Adherent,NIAP;XIAP;BIRC2;BIRC3,Cell death,Apoptosis,BCL2L1,Cell death,Apoptosis
BT-549,FGFR,BCL2_BCL2L1,1.0,1.0,0.051786327,1.0576636,61.98757292,0.097162595,1.1351065,82.11154525,3.005945,breast,MSS/MSI-L,Adherent,FGFR1;FGFR2;FGFR3,Oncogenic signal,RTK,BCL2;BCL2L1,Cell death,Apoptosis
KMS-11,TNF,IAP,0.1,3.0,0.1,1.7375781,67.91764998,1.0,0.0,100.0,0.7656868,myeloma,,Suspension,TNFA,Cell death,Apoptosis,NIAP;XIAP;BIRC2;BIRC3,Cell death,Apoptosis
NCI-H1563,PIK3CA_3,CSNK2A1_2,3.0,0.03,3.0,10.0,72.00100905,0.009221474,0.9488677,0.0,6.83887,lung_NSCLC_adenocarcinoma,MSS/MSI-L,Adherent,PIK3CA,Oncogenic signal,AKT/PI3K,CSNK2A1,Oncogenic signal,STK
CAMA-1,FGFR,ESR1,1.0,1.0,1.0,0.0,100.0,0.090733973,1.2074337,54.26704057,38.30885,breast,MSS/MSI-L,Adherent,FGFR1;FGFR2;FGFR3,Oncogenic signal,RTK,ESR1,Oncogenic signal,Hormonal
HCC38,MAP2K_1,FASN,1.0,1.0,1.0,0.3073067,60.20677051,0.01453119,10.0,93.75171299,7.464531,breast,MSS/MSI-L,Adherent,MAP2K1;MAP2K2,Oncogenic signal,MAPK,FASN,Metabolism,Metabolism
CAL-51,AKT_1,AKT,1.0,1.0,0.350374087,2.8549052,61.35838442,0.703133704,0.663661,0.0,-14.69828,breast,MSS/MSI-L,Adherent,AKT*,Oncogenic signal,AKT/PI3K,AKT1;AKT2;AKT3,Oncogenic signal,AKT/PI3K
BT-549,SLC16A4,PIK3CB_PIK3CD,1.0,1.0,1.0,0.0,100.0,0.11213835,0.8978881,44.44187504,14.73477,breast,MSS/MSI-L,Adherent,SLC16A3;SLC16A4,Metabolism,Metabolism,PIK3CB;PIK3CD,Oncogenic signal,AKT/PI3K
MDA-MB-436,MTOR_1,ESR1_1,1.0,3.0,0.1089987,0.5179892,18.23898311,0.294710161,10.0,91.54995499,-14.06975,breast,MSS/MSI-L,Adherent,MTOR,Oncogenic signal,AKT/PI3K,ESR1,Oncogenic signal,Hormonal
DU-4475,EGFR,BCL2_BCL2L1,0.1,1.0,0.051332792,0.1,48.84154763,0.0001,1.0729221,0.27794819,-0.1559158,breast,MSS/MSI-L,Suspension,EGFR,Oncogenic signal,RTK,BCL2;BCL2L1,Cell death,Apoptosis
CAMA-1,ERBB,AKT,3.0,3.0,1.0,0.0,100.0,0.070916385,0.554179,0.0,10.14614,breast,MSS/MSI-L,Adherent,EGFR;ERBB*,Oncogenic signal,RTK,AKT1;AKT2;AKT3,Oncogenic signal,AKT/PI3K
MDA-MB-157,PIK3CA_4,MTOR_1,1.0,1.0,0.12299791,10.0,78.54893908,0.380215713,0.6184697,19.70950646,22.97838,breast,MSS/MSI-L,Adherent,PIK3CA,Oncogenic signal,AKT/PI3K,MTOR,Oncogenic signal,AKT/PI3K
HCC1395,BCL2_BCL2L1,AKT_SGK,1.0,1.0,1.0,0.2100488,87.61500303,0.229543809,0.8220139,24.03390383,-0.5806124,breast,MSS/MSI-L,Adherent,BCL2;BCL2L1,Cell death,Apoptosis,AKT*;SGK*,Oncogenic signal,AKT/PI3K
HCC1806,MTOR_1,ALK_IGFR,1.0,1.0,0.238087169,1.2235345,0.0,0.316964275,10.0,34.39932185,36.16877,breast,MSS/MSI-L,Adherent,MTOR,Oncogenic signal,AKT/PI3K,ALK;IGF*R,Oncogenic signal,AKT/PI3K
HT-1197,ATR_4,AKT,3.0,1.0,3.0,0.7437595,18.50990044,0.119006782,1.1677708,48.62600643,-12.90671,Bladder,MSS/MSI-L,Adherent,ATR,DNA repair,DNA Damage Response,AKT1;AKT2;AKT3,Oncogenic signal,AKT/PI3K
BT-20,PIK3C_2,AKT_1,1.0,1.0,0.82045955,1.2603112,0.0,0.133655076,2.1350658,67.79497061,20.30305,breast,MSS/MSI-L,Adherent,PIK3C*,Oncogenic signal,AKT/PI3K,AKT*,Oncogenic signal,AKT/PI3K
BT-20,MAP2K_1,BCL2_BCL2L1,1.0,1.0,0.115954315,0.7561764,47.76404012,0.38505742,10.0,80.29858774,14.85647,breast,MSS/MSI-L,Adherent,MAP2K1;MAP2K2,Oncogenic signal,MAPK,BCL2;BCL2L1,Cell death,Apoptosis
SW837,PARP1,IAP,10.0,1.0,2.139356691,2.2539491,1.91812684,0.064423064,1.8803256,84.73359569,52.40726,large_intestine,MSS/MSI-L,Adherent,PARP1,DNA repair,DNA Damage Response,NIAP;XIAP;BIRC2;BIRC3,Cell death,Apoptosis
HT-1197,PIM1,MAP2K_1,3.0,1.0,0.0003,0.1,73.58900404,0.163405061,0.4758558,55.39452042,44.8883,Bladder,MSS/MSI-L,Adherent,PIM1,Oncogenic signal,STK,MAP2K1;MAP2K2,Oncogenic signal,MAPK
MCF7,PIK3C,AKT_1,3.0,3.0,0.249367469,1.9217669,10.24825611,0.069189801,2.5198701,47.46902383,15.63769,breast,MSS/MSI-L,Adherent,PIK3C*,Oncogenic signal,AKT/PI3K,AKT*,Oncogenic signal,AKT/PI3K
BT-549,MAP2K_1,BCL2_BCL2L1,1.0,1.0,0.110053864,0.7629776,86.23786178,0.30952187,10.0,85.79984277,19.35662,breast,MSS/MSI-L,Adherent,MAP2K1;MAP2K2,Oncogenic signal,MAPK,BCL2;BCL2L1,Cell death,Apoptosis
BT-474,PIK3C,MTOR_1,3.0,1.0,0.418865651,1.6486113,0.0,0.115328025,2.3825113,23.31901751,-6.713923,breast,MSS/MSI-L,Adherent,PIK3C*,Oncogenic signal,AKT/PI3K,MTOR,Oncogenic signal,AKT/PI3K
EVSA-T,PIK3C,ESR1_1,3.0,3.0,0.606962127,1.2967884,0.0,3.0,0.2993546,24.39941325,3.834551,breast,MSS/MSI-L,Adherent,PIK3C*,Oncogenic signal,AKT/PI3K,ESR1,Oncogenic signal,Hormonal
DMS-114,CarboTaxol,BCL2,0.01,3.0,0.001558236,2.9032436,10.97230323,1.090997085,10.0,93.89974943,12.01625,lung_small_cell_carcinoma,MSS/MSI-L,Adherent,DNA,DNA repair,Chemo,BCL2,Cell death,Apoptosis
NCI-H1563,CSNK2A1_2,CarboTaxol,0.03,0.003,0.01019018,1.1103502,0.0,0.001022886,1.3884954,0.0,-18.09395,lung_NSCLC_adenocarcinoma,MSS/MSI-L,Adherent,CSNK2A1,Oncogenic signal,STK,DNA,DNA repair,Chemo
KATOIII,FGFR,ERBB,0.01,3.0,0.003634138,10.0,16.69664972,1.038881066,10.0,72.39928163,7.404942,stomach,MSS/MSI-L,Semi-Adherent,FGFR1;FGFR2;FGFR3,Oncogenic signal,RTK,EGFR;ERBB*,Oncogenic signal,RTK
HT-29,TKI,MAP2K_1,3.0,3.0,3.0,0.2639249,63.96685585,0.093707971,1.1775495,19.83033601,65.47378,large_intestine,MSS/MSI-L,Adherent,KDR;EGFR;RET,Oncogenic signal,RTK,MAP2K1;MAP2K2,Oncogenic signal,MAPK
T47D,AKT_1,AKT,1.0,1.0,0.025096451,1.8278286,47.5203891,0.110554203,10.0,41.84885791,-2.04992,breast,MSS/MSI-L,Adherent,AKT*,Oncogenic signal,AKT/PI3K,AKT1;AKT2;AKT3,Oncogenic signal,AKT/PI3K
HCC1806,FASN,BCL2_BCL2L1,1.0,1.0,0.294043963,10.0,91.99989556,1.0,10.0,81.40011129,8.153521,breast,MSS/MSI-L,Adherent,FASN,Metabolism,Metabolism,BCL2;BCL2L1,Cell death,Apoptosis
MFM-223,PIP5K1,PIK3C,1.0,1.0,0.295536028,10.0,91.99978325,0.865648921,1.0294038,0.0,-3.792947,breast,MSS/MSI-L,Adherent,PIP5K1*,Metabolism,Metabolism,PIK3C*,Oncogenic signal,AKT/PI3K
HCC1187,PIP5K1,AKT,1.0,1.0,1.0,0.0,100.0,0.322112882,10.0,66.59958896,-22.8494,breast,MSS/MSI-L,Suspension,PIP5K1*,Metabolism,Metabolism,AKT1;AKT2;AKT3,Oncogenic signal,AKT/PI3K
VM-CUB-1,PIK3CB_PIK3CD,EG5,3.0,0.003,3.0,0.7267092,51.76596659,0.003,0.9717768,79.17010818,-7.814339,Bladder,MSS/MSI-L,Adherent,PIK3CB;PIK3CD,Oncogenic signal,AKT/PI3K,KIF11,Differentiation,EMT/migration
HCC1187,MAP2K_1,ADAM17,1.0,75.0,0.2216958,0.4144753,21.95251432,1.0,0.0,100.0,-15.21563,breast,MSS/MSI-L,Suspension,MAP2K1;MAP2K2,Oncogenic signal,MAPK,ADAM17,Differentiation,EMT/migration
HT-1376,FGFR,Cisplatin,3.0,3.0,3.0,10.0,62.40056241,0.940159555,2.0672411,28.83284979,-12.92327,Bladder,MSS/MSI-L,Adherent,FGFR1;FGFR2;FGFR3,Oncogenic signal,RTK,DNA,DNA repair,Chemo
NCI-H838,Vinorelbine,IAP,0.1,1.0,0.021007627,3.6267184,3.76496031,0.01065066,0.534412,10.54868788,37.46558,lung_NSCLC_adenocarcinoma,MSS/MSI-L,Adherent,microtubule;TUBB,DNA repair,Chemo,NIAP;XIAP;BIRC2;BIRC3,Cell death,Apoptosis
HCC1569,IAP,BCL2L1,3.0,3.0,3.0,0.1085743,8.08198875,0.658420637,0.358655,0.0,90.18785,breast,MSI-H,Adherent,NIAP;XIAP;BIRC2;BIRC3,Cell death,Apoptosis,BCL2L1,Cell death,Apoptosis
COLO-205,MAP2K_1,IGFR_4,1.0,10.0,0.055138885,1.2653017,7.60726095,0.362235121,1.0855799,3.4939913,50.60462,large_intestine,MSS/MSI-L,Suspension,MAP2K1;MAP2K2,Oncogenic signal,MAPK,IGF*R,Oncogenic signal,RTK
KMS-11,Proteasome_2,FGFR,0.03,0.03,0.001257984,4.1614957,0.40867474,0.028550895,1.7398386,0.0,-15.55902,myeloma,,Suspension,Proteasome,Cell death,Apoptosis,FGFR1;FGFR2;FGFR3,Oncogenic signal,RTK
DU-4475,PIM1,MAP2K_1,1.0,1.0,0.055957145,1.910887,0.0,0.026683405,2.427816,0.0,12.87147,breast,MSS/MSI-L,Suspension,PIM1,Oncogenic signal,STK,MAP2K1;MAP2K2,Oncogenic signal,MAPK
NCI-H358,PIK3C,IAP,3.0,3.0,0.616998896,1.1705845,63.26403798,0.0003,0.1,82.56541709,5.12031,lung_NSCLC_adenocarcinoma,MSS/MSI-L,Adherent,PIK3C*,Oncogenic signal,AKT/PI3K,NIAP;XIAP;BIRC2;BIRC3,Cell death,Apoptosis
MDA-MB-157,EGFR,BCL2_BCL2L1,0.1,1.0,1.0,0.0,100.0,0.176485883,10.0,94.61056546,20.6187,breast,MSS/MSI-L,Adherent,EGFR,Oncogenic signal,RTK,BCL2;BCL2L1,Cell death,Apoptosis
TCCSUP,MTOR_1,ATR_4,1.0,3.0,0.34838908,1.5570528,43.20503087,0.749438483,2.0477599,17.33583942,-0.8029354,Bladder,MSS/MSI-L,Adherent,MTOR,Oncogenic signal,AKT/PI3K,ATR,DNA repair,DNA Damage Response
MDA-MB-231,BCL2_BCL2L1,AKT_SGK,1.0,1.0,0.252354328,1.6734163,57.23560017,0.197337626,2.9290757,81.35193204,15.08877,breast,MSS/MSI-L,Adherent,BCL2;BCL2L1,Cell death,Apoptosis,AKT*;SGK*,Oncogenic signal,AKT/PI3K
HCC1428,BCL2_BCL2L1,ATR_4,1.0,1.0,0.1048531,0.6791594,0.0,1.0,0.5900947,2.92267033,29.95521,breast,MSS/MSI-L,Adherent,BCL2;BCL2L1,Cell death,Apoptosis,ATR,DNA repair,DNA Damage Response
HCC1395,FGFR,EGFR,1.0,0.1,0.013034717,2.1859059,48.96726959,0.067389365,1.2753036,90.21014932,51.98533,breast,MSS/MSI-L,Adherent,FGFR1;FGFR2;FGFR3,Oncogenic signal,RTK,EGFR,Oncogenic signal,RTK
NCI-H2291,EGFR_2,ALK,1.0,3.0,0.139072259,10.0,85.94680567,1.819871464,0.828984,0.0,22.79193,lung_NSCLC_adenocarcinoma,MSS/MSI-L,Adherent,EGFR,Oncogenic signal,RTK,ALK,Oncogenic signal,AKT/PI3K
MDA-MB-453,ERBB,AKT,1.0,1.0,0.287265943,10.0,55.99917864,0.304807933,2.5079252,33.73623533,39.78023,breast,MSS/MSI-L,Adherent,EGFR;ERBB*,Oncogenic signal,RTK,AKT1;AKT2;AKT3,Oncogenic signal,AKT/PI3K
HCC1428,PIK3CA_4,BCL2_BCL2L1,1.0,1.0,0.26558024,10.0,93.39756652,0.101600797,0.7225156,0.0,-1.859749,breast,MSS/MSI-L,Adherent,PIK3CA,Oncogenic signal,AKT/PI3K,BCL2;BCL2L1,Cell death,Apoptosis
HCC1937,PIK3CA_4,PIK3C_2,1.0,1.0,1.0,0.9652696,79.33793412,0.36798324,3.2713014,70.20917098,10.2543,breast,MSS/MSI-L,Adherent,PIK3CA,Oncogenic signal,AKT/PI3K,PIK3C*,Oncogenic signal,AKT/PI3K
MDA-MB-231,SLC16A4,BCL2_BCL2L1,1.0,1.0,0.25713205,1.6857585,37.54311111,0.33877285,2.3622161,57.76191056,35.91136,breast,MSS/MSI-L,Adherent,SLC16A3;SLC16A4,Metabolism,Metabolism,BCL2;BCL2L1,Cell death,Apoptosis
MDA-MB-468,MAP2K_1,ESR1,1.0,1.0,0.135672413,2.916042,90.38676114,1.0,10.0,94.20010659,-0.6210341,breast,MSS/MSI-L,Adherent,MAP2K1;MAP2K2,Oncogenic signal,MAPK,ESR1,Oncogenic signal,Hormonal
NCI-H23,Gemcitabine,CSNK2A1_2,0.01,0.1,0.001481829,2.7753045,11.67364707,0.008058968,1.2169744,6.60024922,-25.08975,lung_NSCLC_adenocarcinoma,MSS/MSI-L,Adherent,DNA;RRM1;TYMS;CMPK1,Cell death,Chemo,CSNK2A1,Oncogenic signal,STK
UACC-812,HDAC_4,AKT,1.0,1.0,1.0,2.6302895,46.81159364,1.0,2.1290049,2.08014303,-22.21899,breast,MSS/MSI-L,Adherent,HDAC*,Differentiation,Epigenetic,AKT1;AKT2;AKT3,Oncogenic signal,AKT/PI3K
MDA-MB-468,PIK3CA_4,BCL2_BCL2L1,1.0,1.0,1.0,0.0,100.0,0.322252115,1.0192265,43.67631531,-3.593691,breast,MSS/MSI-L,Adherent,PIK3CA,Oncogenic signal,AKT/PI3K,BCL2;BCL2L1,Cell death,Apoptosis
MDA-MB-157,PIP5K1,PIK3C,1.0,1.0,1.0,0.0,100.0,1.0,0.4033255,12.45950944,-17.13851,breast,MSS/MSI-L,Adherent,PIP5K1*,Metabolism,Metabolism,PIK3C*,Oncogenic signal,AKT/PI3K
MCF7,PIK3C,BCL2L1,3.0,3.0,0.153224045,1.222832,8.30909228,0.005810252,0.1,48.74587552,7.370791,breast,MSS/MSI-L,Adherent,PIK3C*,Oncogenic signal,AKT/PI3K,BCL2L1,Cell death,Apoptosis
HCC1806,SLC16A4,MTOR_1,1.0,1.0,1.0,0.0,100.0,0.235925504,1.0705437,0.23824651,-5.832176,breast,MSS/MSI-L,Adherent,SLC16A3;SLC16A4,Metabolism,Metabolism,MTOR,Oncogenic signal,AKT/PI3K
NCI-H520,CSNK2A1_2,AKT,0.03,3.0,0.007807537,0.9154605,0.0,0.54896783,0.9130528,34.54187734,15.52841,lung_NSCLC_squamous_cell_carcinoma,MSS/MSI-L,Adherent,CSNK2A1,Oncogenic signal,STK,AKT1;AKT2;AKT3,Oncogenic signal,AKT/PI3K
HCC1419,PIK3C,ESR1_1,3.0,3.0,0.612648946,2.4335107,33.5790084,3.0,0.1834778,63.67611737,49.42004,breast,MSS/MSI-L,Adherent,PIK3C*,Oncogenic signal,AKT/PI3K,ESR1,Oncogenic signal,Hormonal
HT-29,IGFR_3,IAP,10.0,1.0,0.215012159,0.3117246,0.0,1.0,0.7649599,65.92960451,7.795645,large_intestine,MSS/MSI-L,Adherent,IGF*R,Oncogenic signal,RTK,NIAP;XIAP;BIRC2;BIRC3,Cell death,Apoptosis
CAMA-1,PIK3C,ESR1_1,3.0,3.0,0.620957519,0.9706899,3.91742228,0.0003,0.1,4.92405603,19.46396,breast,MSS/MSI-L,Adherent,PIK3C*,Oncogenic signal,AKT/PI3K,ESR1,Oncogenic signal,Hormonal
HCC1806,MAP2K_1,ERBB,1.0,1.0,0.294223526,1.338853,29.93877001,1.0,0.0,100.0,50.84485,breast,MSS/MSI-L,Adherent,MAP2K1;MAP2K2,Oncogenic signal,MAPK,EGFR;ERBB*,Oncogenic signal,RTK
MDA-MB-157,MTOR_1,ALK_IGFR,1.0,1.0,1.0,0.5304844,2.90465884,0.740550966,0.9873129,0.0,35.26543,breast,MSS/MSI-L,Adherent,MTOR,Oncogenic signal,AKT/PI3K,ALK;IGF*R,Oncogenic signal,AKT/PI3K
BT-549,PIP5K1,PIK3CB_PIK3CD,1.0,1.0,1.0,0.0,100.0,0.740659793,0.5063993,0.0,-0.7228399,breast,MSS/MSI-L,Adherent,PIP5K1*,Metabolism,Metabolism,PIK3CB;PIK3CD,Oncogenic signal,AKT/PI3K
CAMA-1,BCL2_BCL2L1,ADAM17,1.0,75.0,1.0,0.3516074,65.8142818,0.0075,0.1,92.50811196,3.764896,breast,MSS/MSI-L,Adherent,BCL2;BCL2L1,Cell death,Apoptosis,ADAM17,Differentiation,EMT/migration
NCI-H838,CSNK2A1_2,AKT,0.1,3.0,0.008142171,2.8792242,6.2858984,0.399044916,0.8428802,0.0,51.20492,lung_NSCLC_adenocarcinoma,MSS/MSI-L,Adherent,CSNK2A1,Oncogenic signal,STK,AKT1;AKT2;AKT3,Oncogenic signal,AKT/PI3K
HCC70,ATR_4,AKT,1.0,1.0,1.0,10.0,62.60042077,0.205833849,1.9373916,11.90678328,6.567307,breast,MSS/MSI-L,Adherent,ATR,DNA repair,DNA Damage Response,AKT1;AKT2;AKT3,Oncogenic signal,AKT/PI3K
HT-1376,IAP,BCL2_BCL2L1,3.0,3.0,0.014368226,0.1830279,0.0,3.0,0.8120729,20.76031242,34.45161,Bladder,MSS/MSI-L,Adherent,NIAP;XIAP;BIRC2;BIRC3,Cell death,Apoptosis,BCL2;BCL2L1,Cell death,Apoptosis
NCI-H520,Topotecan,IAP,0.03,3.0,0.011453326,2.730016,43.3934255,1.0,0.0,100.0,17.98231,lung_NSCLC_squamous_cell_carcinoma,MSS/MSI-L,Adherent,TOP1;TOP1MT;DNA,DNA repair,Chemo,NIAP;XIAP;BIRC2;BIRC3,Cell death,Apoptosis
VM-CUB-1,PIK3C,HSP90,3.0,0.3,2.185806926,1.848524,0.0,0.157199896,2.7673402,0.0,0.4810218,Bladder,MSS/MSI-L,Adherent,PIK3C*,Oncogenic signal,AKT/PI3K,HSP90AA1,Cell death,Apoptosis
NCI-H1793,PIK3C,ALK,3.0,3.0,0.538466703,1.0651058,7.57324334,1.392176274,1.2105259,0.0,37.3037,lung_NSCLC_adenocarcinoma,MSS/MSI-L,Adherent,PIK3C*,Oncogenic signal,AKT/PI3K,ALK,Oncogenic signal,AKT/PI3K
NCI-H1299,PIK3C,ALK,3.0,3.0,1.37159876,1.1750201,20.2826165,1.791355903,1.6016339,0.0,43.47491,lung_NSCLC_large cell,MSS/MSI-L,Adherent,PIK3C*,Oncogenic signal,AKT/PI3K,ALK,Oncogenic signal,AKT/PI3K
NCI-H838,CSNK2A1_2,BCL2,0.1,3.0,0.007516347,2.8331899,5.20697375,3.0,0.7943412,62.37099187,-0.7409979,lung_NSCLC_adenocarcinoma,MSS/MSI-L,Adherent,CSNK2A1,Oncogenic signal,STK,BCL2,Cell death,Apoptosis
T47D,MAP2K_1,HSP90,1.0,1.0,1.0,0.2719306,66.32106193,0.062450751,4.0430371,29.68444913,-6.579028,breast,MSS/MSI-L,Adherent,MAP2K1;MAP2K2,Oncogenic signal,MAPK,HSP90AA1,Cell death,Apoptosis
BT-549,PIM1,MAP2K_1,1.0,1.0,0.022135217,0.6466811,71.61540999,0.014322326,1.4189195,83.39300345,22.0379,breast,MSS/MSI-L,Adherent,PIM1,Oncogenic signal,STK,MAP2K1;MAP2K2,Oncogenic signal,MAPK
HCC1937,PIK3CB_PIK3CD,ADAM17,1.0,75.0,1.0,0.3704842,49.71116821,1.894158009,0.3333439,89.12822405,21.94186,breast,MSS/MSI-L,Adherent,PIK3CB;PIK3CD,Oncogenic signal,AKT/PI3K,ADAM17,Differentiation,EMT/migration
NCI-H358,CSNK2A1_2,BCL2,0.1,3.0,0.010364557,2.9603302,16.00887811,2.894967511,1.0988359,65.33494489,15.49042,lung_NSCLC_adenocarcinoma,MSS/MSI-L,Adherent,CSNK2A1,Oncogenic signal,STK,BCL2,Cell death,Apoptosis
SW780,Gemcitabine,BCL2_BCL2L1,0.1,0.3,0.001773938,2.783559,11.38417788,0.023642214,0.7411053,12.02451461,48.43938,Bladder,MSS/MSI-L,Adherent,DNA;RRM1;TYMS;CMPK1,Cell death,Chemo,BCL2;BCL2L1,Cell death,Apoptosis
HCC1187,SLC16A4,PIK3CB_PIK3CD,1.0,1.0,1.0,0.0,100.0,0.335045627,10.0,78.2996002,5.336116,breast,MSS/MSI-L,Suspension,SLC16A3;SLC16A4,Metabolism,Metabolism,PIK3CB;PIK3CD,Oncogenic signal,AKT/PI3K
MDA-MB-453,MTOR_1,ESR1_1,1.0,3.0,0.069021477,1.4244908,7.43241608,3.0,0.9229471,44.00939287,20.34692,breast,MSS/MSI-L,Adherent,MTOR,Oncogenic signal,AKT/PI3K,ESR1,Oncogenic signal,Hormonal
NCI-H1793,MAP2K_1,BRAF_M2,3.0,3.0,0.169707583,0.5525507,24.91002329,1.70261933,1.2573363,58.40729322,54.01353,lung_NSCLC_adenocarcinoma,MSS/MSI-L,Adherent,MAP2K1;MAP2K2,Oncogenic signal,MAPK,BRAF_V600E,Oncogenic signal,MAPK
HCC1428,MTOR_1,FASN,1.0,1.0,1.0,0.703363,3.47072975,0.179885401,10.0,80.76269379,0.7984304,breast,MSS/MSI-L,Adherent,MTOR,Oncogenic signal,AKT/PI3K,FASN,Metabolism,Metabolism
NCI-H1703,CarboTaxol,BCL2L1,0.01,3.0,0.002390729,3.2493995,7.5097785,0.018417272,0.3281692,89.34856119,15.65201,lung_NSCLC_adenocarcinoma,MSS/MSI-L,Adherent,DNA,DNA repair,Chemo,BCL2L1,Cell death,Apoptosis
J82,PIK3CB_PIK3CD,PARP1,3.0,3.0,2.158028825,0.5225036,0.0,3.0,0.5988558,49.75631957,9.786006,Bladder,MSS/MSI-L,Adherent,PIK3CB;PIK3CD,Oncogenic signal,AKT/PI3K,PARP1,DNA repair,DNA Damage Response
NCI-H358,Vinorelbine,BCL2L1,0.03,3.0,0.010964736,10.0,54.69807209,0.068872868,0.6224078,87.19696834,60.42145,lung_NSCLC_adenocarcinoma,MSS/MSI-L,Adherent,microtubule;TUBB,DNA repair,Chemo,BCL2L1,Cell death,Apoptosis
RKO,MAP2K_1,BCL2,3.0,3.0,1.156267885,4.1921486,61.40361959,3.0,10.0,72.60048765,51.79689,large_intestine,MSI-H,Adherent,MAP2K1;MAP2K2,Oncogenic signal,MAPK,BCL2,Cell death,Apoptosis
HCC1428,MAP2K_1,ERBB,1.0,1.0,1.0,0.0,100.0,0.316011569,10.0,88.19985653,-11.90144,breast,MSS/MSI-L,Adherent,MAP2K1;MAP2K2,Oncogenic signal,MAPK,EGFR;ERBB*,Oncogenic signal,RTK
TCCSUP,IAP,CHEK1,0.03,1.0,0.000255534,0.782033,70.09566479,0.208180521,3.5281542,4.98272189,-9.259832,Bladder,MSS/MSI-L,Adherent,NIAP;XIAP;BIRC2;BIRC3,Cell death,Apoptosis,CHEK1,DNA repair,DNA Damage Response
BFTC-905,MTOR_1,MAP2K_1,3.0,3.0,0.331944799,1.9827952,27.82696614,1.577157833,1.2351959,0.0,35.94197,Bladder,MSS/MSI-L,Adherent,MTOR,Oncogenic signal,AKT/PI3K,MAP2K1;MAP2K2,Oncogenic signal,MAPK
T-24,HDAC_4,ATR_4,3.0,3.0,1.156135733,10.0,10.99356815,1.110207587,10.0,8.4955866,-33.44685,Bladder,MSS/MSI-L,Adherent,HDAC*,Differentiation,Epigenetic,ATR,DNA repair,DNA Damage Response
HCC1806,ERBB,AKT,1.0,1.0,1.0,0.0,100.0,0.413476142,10.0,71.69586645,8.39154,breast,MSS/MSI-L,Adherent,EGFR;ERBB*,Oncogenic signal,RTK,AKT1;AKT2;AKT3,Oncogenic signal,AKT/PI3K
HT-1376,PIK3C,IAP,3.0,3.0,1.835689008,0.6687409,0.0,0.092887256,0.2442189,0.0,32.08956,Bladder,MSS/MSI-L,Adherent,PIK3C*,Oncogenic signal,AKT/PI3K,NIAP;XIAP;BIRC2;BIRC3,Cell death,Apoptosis
NCI-H358,PIK3C,ALK,3.0,3.0,2.979001659,0.7369254,0.0,0.420903451,1.1222803,10.79612678,13.08704,lung_NSCLC_adenocarcinoma,MSS/MSI-L,Adherent,PIK3C*,Oncogenic signal,AKT/PI3K,ALK,Oncogenic signal,AKT/PI3K
NCI-H358,EGFR_2,ALK,1.0,3.0,0.629146514,0.980034,74.96343418,1.101511055,0.9472723,0.0,62.12286,lung_NSCLC_adenocarcinoma,MSS/MSI-L,Adherent,EGFR,Oncogenic signal,RTK,ALK,Oncogenic signal,AKT/PI3K
RT4,WNT,FGFR,3.0,3.0,0.970238159,2.9650624,0.0,0.278082469,1.0204617,32.07378146,57.92375,Bladder,MSS/MSI-L,Adherent,WNT*;TNKS,Differentiation,EMT/migration,FGFR1;FGFR2;FGFR3,Oncogenic signal,RTK
NCI-H2228,Vinorelbine,BCL2L1,0.1,3.0,0.056111953,1.214668,0.0,0.310913382,0.6874681,36.73122038,17.36241,lung_NSCLC_adenocarcinoma,MSS/MSI-L,Adherent,microtubule;TUBB,DNA repair,Chemo,BCL2L1,Cell death,Apoptosis
MFM-223,BCL2_BCL2L1,ATR_4,1.0,1.0,0.734221037,1.6536417,38.88514667,1.0,10.0,51.20014425,-23.0305,breast,MSS/MSI-L,Adherent,BCL2;BCL2L1,Cell death,Apoptosis,ATR,DNA repair,DNA Damage Response
A549,Vinorelbine,BCL2_2,0.1,3.0,0.090578343,10.0,0.0,1.0,0.0,100.0,-5.017739,lung_NSCLC_adenocarcinoma,MSS/MSI-L,Adherent,microtubule;TUBB,DNA repair,Chemo,BCL2,Cell death,Apoptosis
HCC1395,MAP2K_1,ESR1,1.0,1.0,0.095793838,2.040157,80.8140491,1.0,0.0,100.0,-3.405475,breast,MSS/MSI-L,Adherent,MAP2K1;MAP2K2,Oncogenic signal,MAPK,ESR1,Oncogenic signal,Hormonal
BT-20,BCL2_2,AKT_1,3.0,3.0,3.0,10.0,83.80069151,0.957644142,1.4871023,39.63998689,25.53357,breast,MSS/MSI-L,Adherent,BCL2,Cell death,Apoptosis,AKT*,Oncogenic signal,AKT/PI3K
NCI-H1793,PIK3CB,ALK_2,3.0,3.0,1.978762366,0.4246334,39.28721136,3.0,0.4826529,27.52509737,72.96756,lung_NSCLC_adenocarcinoma,MSS/MSI-L,Adherent,PIK3CB,Oncogenic signal,AKT/PI3K,ALK,Oncogenic signal,RTK
NCI-H1975,MTOR_1,ALK,3.0,3.0,0.279734765,1.499594,15.0985533,0.278266755,1.4586649,4.33055238,6.614022,lung_NSCLC_adenocarcinoma,MSS/MSI-L,Adherent,MTOR,Oncogenic signal,AKT/PI3K,ALK,Oncogenic signal,AKT/PI3K
HCC38,PIP5K1,PIK3CB_PIK3CD,1.0,1.0,1.0,0.0,100.0,1.0,1.0558201,16.35780541,-24.36761,breast,MSS/MSI-L,Adherent,PIP5K1*,Metabolism,Metabolism,PIK3CB;PIK3CD,Oncogenic signal,AKT/PI3K
TCCSUP,FGFR,Cisplatin,3.0,3.0,0.042387053,0.4859193,44.66240871,0.413467445,1.9770327,11.51203003,12.23501,Bladder,MSS/MSI-L,Adherent,FGFR1;FGFR2;FGFR3,Oncogenic signal,RTK,DNA,DNA repair,Chemo
Hs-578-T,AKT,ADAM17,1.0,75.0,1.0,0.2589885,17.70170573,0.540880381,4.8514643,73.49569225,11.60918,breast,MSS/MSI-L,Adherent,AKT1;AKT2;AKT3,Oncogenic signal,AKT/PI3K,ADAM17,Differentiation,EMT/migration
HCC1395,PIK3C,AKT_1,1.0,1.0,0.929061869,1.1455543,0.0,1.0,0.6358116,0.0,29.40432,breast,MSS/MSI-L,Adherent,PIK3C*,Oncogenic signal,AKT/PI3K,AKT*,Oncogenic signal,AKT/PI3K
CAMA-1,PIK3C,AKT_SGK,1.0,1.0,0.366858535,10.0,62.69835192,0.111583083,1.511844,9.15322177,21.99741,breast,MSS/MSI-L,Adherent,PIK3C*,Oncogenic signal,AKT/PI3K,AKT*;SGK*,Oncogenic signal,AKT/PI3K
NCI-H522,PIK3C,ADAM17,3.0,10.0,2.936227553,0.4925634,0.0,10.0,0.3880009,33.363397,30.65238,lung_NSCLC_adenocarcinoma,MSS/MSI-L,Adherent,PIK3C*,Oncogenic signal,AKT/PI3K,ADAM17,Differentiation,EMT/migration
NCI-H1975,MAP2K_1,BRAF_M,3.0,3.0,1.491423058,1.0599733,29.98725112,1.349337607,10.0,93.69786529,-5.738417,lung_NSCLC_adenocarcinoma,MSS/MSI-L,Adherent,MAP2K1;MAP2K2,Oncogenic signal,MAPK,BRAF_mut,Oncogenic signal,MAPK
NCI-H1793,Vinorelbine,IAP,0.1,3.0,0.020716895,3.2852805,8.37327388,3.0,0.6001999,48.26503679,50.66944,lung_NSCLC_adenocarcinoma,MSS/MSI-L,Adherent,microtubule;TUBB,DNA repair,Chemo,NIAP;XIAP;BIRC2;BIRC3,Cell death,Apoptosis
RT4,MTOR_1,FGFR,1.0,3.0,1.0,10.0,1.00023851,0.304767889,1.0411062,32.99463673,-18.80834,Bladder,MSS/MSI-L,Adherent,MTOR,Oncogenic signal,AKT/PI3K,FGFR1;FGFR2;FGFR3,Oncogenic signal,RTK
NCI-H23,TOP2,Doxorubicin,3.0,0.1,3.0,0.874108,20.70878475,0.015070334,1.0030535,3.93509535,36.10596,lung_NSCLC_adenocarcinoma,MSS/MSI-L,Adherent,TOP2*;PRKDC,DNA repair,DNA Damage Response,TOP*;DNMT1,DNA repair,Chemo
BT-20,IAP,BCL2L1,3.0,3.0,3.0,0.2413087,54.24787282,3.0,0.1555315,50.03301287,102.0156,breast,MSS/MSI-L,Adherent,NIAP;XIAP;BIRC2;BIRC3,Cell death,Apoptosis,BCL2L1,Cell death,Apoptosis
HT-1376,PARP1,Gemcitabine,3.0,0.1,3.0,10.0,85.20011504,0.008580482,4.2099336,26.27498825,3.237665,Bladder,MSS/MSI-L,Adherent,PARP1,DNA repair,DNA Damage Response,DNA;RRM1;TYMS;CMPK1,Cell death,Chemo
SW948,IGFR_4,IAP,10.0,1.0,0.421382002,0.7211358,0.14612405,0.194423904,2.9279121,70.56331133,31.86629,large_intestine,MSS/MSI-L,Adherent,IGF*R,Oncogenic signal,RTK,NIAP;XIAP;BIRC2;BIRC3,Cell death,Apoptosis
NCI-H1975,Topotecan,IAP,1.0,3.0,0.172765537,3.9883464,26.82166153,3.0,0.2344737,52.33273472,43.21767,lung_NSCLC_adenocarcinoma,MSS/MSI-L,Adherent,TOP1;TOP1MT;DNA,DNA repair,Chemo,NIAP;XIAP;BIRC2;BIRC3,Cell death,Apoptosis
A549,CSNK2A1_2,Carboplatin,0.1,3.0,0.015112221,4.462467,9.72153814,1.0,0.0,100.0,12.49549,lung_NSCLC_adenocarcinoma,MSS/MSI-L,Adherent,CSNK2A1,Oncogenic signal,STK,DNA,DNA repair,Chemo
HT-1376,Gemcitabine,BCL2_BCL2L1,0.1,3.0,0.001919818,1.0700655,14.90210217,0.912318042,10.0,51.99945684,-45.04011,Bladder,MSS/MSI-L,Adherent,DNA;RRM1;TYMS;CMPK1,Cell death,Chemo,BCL2;BCL2L1,Cell death,Apoptosis
HCC70,SLC16A4,MTOR_1,1.0,1.0,0.0001,0.1,93.3035161,0.513922428,0.9042372,0.0,-9.897938,breast,MSS/MSI-L,Adherent,SLC16A3;SLC16A4,Metabolism,Metabolism,MTOR,Oncogenic signal,AKT/PI3K
MDA-MB-453,AKT_1,AKT,1.0,1.0,0.082560013,1.2547904,7.78983772,0.208187586,1.3756132,20.85674966,17.30208,breast,MSS/MSI-L,Adherent,AKT*,Oncogenic signal,AKT/PI3K,AKT1;AKT2;AKT3,Oncogenic signal,AKT/PI3K
HCC1395,PIK3C,PARP1,1.0,3.0,0.120929428,10.0,31.44810834,0.088829668,0.5448042,11.49835169,-23.04499,breast,MSS/MSI-L,Adherent,PIK3C*,Oncogenic signal,AKT/PI3K,PARP1,DNA repair,DNA Damage Response
MDA-MB-157,FASN,BCL2_BCL2L1,1.0,1.0,1.0,0.0,100.0,1.0,10.0,90.00012293,28.63123,breast,MSS/MSI-L,Adherent,FASN,Metabolism,Metabolism,BCL2;BCL2L1,Cell death,Apoptosis
HCC1187,MAP2K_1,ERBB,1.0,1.0,0.030887989,0.9517728,54.13664512,1.0,0.0,100.0,23.4533,breast,MSS/MSI-L,Suspension,MAP2K1;MAP2K2,Oncogenic signal,MAPK,EGFR;ERBB*,Oncogenic signal,RTK
NCI-H1975,CSNK2A1_2,ALK,0.03,3.0,0.02107602,2.481064,0.0,0.517870956,1.234519,0.0,15.75259,lung_NSCLC_adenocarcinoma,MSS/MSI-L,Adherent,CSNK2A1,Oncogenic signal,STK,ALK,Oncogenic signal,AKT/PI3K
HCC38,PIK3C,MTOR_1,1.0,1.0,0.282912426,10.0,76.49991733,1.0,0.8552195,40.90091056,11.51026,breast,MSS/MSI-L,Adherent,PIK3C*,Oncogenic signal,AKT/PI3K,MTOR,Oncogenic signal,AKT/PI3K
A549,EGFR_2,ALK,1.0,3.0,1.0,0.0,100.0,1.479930367,2.699951,0.0,25.55663,lung_NSCLC_adenocarcinoma,MSS/MSI-L,Adherent,EGFR,Oncogenic signal,RTK,ALK,Oncogenic signal,AKT/PI3K
UM-UC-3,MAP2K_1,ATR_4,3.0,3.0,0.233862621,3.5270297,56.35948649,0.887166609,2.5387576,51.38204981,-10.43963,Bladder,MSS/MSI-L,Adherent,MAP2K1;MAP2K2,Oncogenic signal,MAPK,ATR,DNA repair,DNA Damage Response
HCC38,MTOR_1,FASN,1.0,1.0,1.0,1.4401542,53.68241595,1.0,0.0,100.0,-9.105909,breast,MSS/MSI-L,Adherent,MTOR,Oncogenic signal,AKT/PI3K,FASN,Metabolism,Metabolism
NCI-H1975,CarboTaxol,ATR_4,0.01,3.0,0.00281682,3.8975545,25.67226321,3.0,1.6182478,58.18133487,-2.987985,lung_NSCLC_adenocarcinoma,MSS/MSI-L,Adherent,DNA,DNA repair,Chemo,ATR,DNA repair,DNA Damage Response
UM-UC-3,PARP1,Cisplatin,3.0,3.0,3.0,1.0422456,61.72682727,1.341750458,2.6224512,0.0,25.22937,Bladder,MSS/MSI-L,Adherent,PARP1,DNA repair,DNA Damage Response,DNA,DNA repair,Chemo
HT-29,PIK3CB,IAP,10.0,1.0,1.0,0.0,100.0,1.0,10.0,80.40024814,-30.98399,large_intestine,MSS/MSI-L,Adherent,PIK3CB,Oncogenic signal,AKT/PI3K,NIAP;XIAP;BIRC2;BIRC3,Cell death,Apoptosis
NCI-H2170,PIK3C,IAP,3.0,3.0,0.290049723,1.0480843,36.26417178,3.0,0.2098245,61.25947653,16.68108,lung_NSCLC_squamous_cell_carcinoma,MSS/MSI-L,Adherent,PIK3C*,Oncogenic signal,AKT/PI3K,NIAP;XIAP;BIRC2;BIRC3,Cell death,Apoptosis
MDA-MB-436,MTOR_1,ERBB,1.0,3.0,0.047902677,0.884528,38.06224221,3.0,0.4702753,81.4992278,9.996269,breast,MSS/MSI-L,Adherent,MTOR,Oncogenic signal,AKT/PI3K,EGFR;ERBB*,Oncogenic signal,RTK
NCI-H226,IAP,CHEK1,3.0,1.0,0.0004594,0.1,7.12544988,0.315490593,10.0,27.79928847,13.69409,lung_NSCLC_squamous_cell_carcinoma,MSS/MSI-L,Adherent,NIAP;XIAP;BIRC2;BIRC3,Cell death,Apoptosis,CHEK1,DNA repair,DNA Damage Response
HT-1197,PIM1,EG5,3.0,3.0,0.542583926,10.0,91.19140898,0.0003,0.1,43.9163598,45.1207,Bladder,MSS/MSI-L,Adherent,PIM1,Oncogenic signal,STK,KIF11,Differentiation,EMT/migration
J82,HDAC_4,ATR_4,3.0,3.0,1.258491572,1.9426033,14.88693781,1.177027885,10.0,58.49641242,-24.4257,Bladder,MSS/MSI-L,Adherent,HDAC*,Differentiation,Epigenetic,ATR,DNA repair,DNA Damage Response
CAMA-1,SLC16A4,MAP2K_1,1.0,1.0,1.0,0.0,100.0,1.0,0.0,100.0,-22.20093,breast,MSS/MSI-L,Adherent,SLC16A3;SLC16A4,Metabolism,Metabolism,MAP2K1;MAP2K2,Oncogenic signal,MAPK
647-V,HDAC_4,ATR_4,3.0,3.0,1.793152918,1.5497052,0.0,3.0,10.0,52.80012878,-19.95509,Bladder,MSS/MSI-L,Adherent,HDAC*,Differentiation,Epigenetic,ATR,DNA repair,DNA Damage Response
MDA-MB-453,MAP2K_1,BCL2_BCL2L1,1.0,1.0,1.0,0.0,100.0,0.31557151,10.0,89.09986673,-20.59789,breast,MSS/MSI-L,Adherent,MAP2K1;MAP2K2,Oncogenic signal,MAPK,BCL2;BCL2L1,Cell death,Apoptosis
NCI-H522,PIK3CB,IAP,3.0,0.3,3.0,1.3473396,21.32548056,0.013557852,0.2998187,0.0,29.00382,lung_NSCLC_adenocarcinoma,MSS/MSI-L,Adherent,PIK3CB,Oncogenic signal,AKT/PI3K,NIAP;XIAP;BIRC2;BIRC3,Cell death,Apoptosis
HCC1395,MAP2K_1,ERBB,1.0,1.0,0.200027023,0.8027332,79.57496107,1.0,0.0,100.0,18.32448,breast,MSS/MSI-L,Adherent,MAP2K1;MAP2K2,Oncogenic signal,MAPK,EGFR;ERBB*,Oncogenic signal,RTK
J82,PIK3C,HSP90,3.0,3.0,0.606824264,1.6022355,35.89244734,0.079131655,1.3905767,12.79588427,7.070468,Bladder,MSS/MSI-L,Adherent,PIK3C*,Oncogenic signal,AKT/PI3K,HSP90AA1,Cell death,Apoptosis
CAL-148,PIK3CA_4,AKT,1.0,1.0,1.0,0.9774867,25.19258049,0.135184258,1.2394181,0.0,9.595285,breast,MSS/MSI-L,Suspension,PIK3CA,Oncogenic signal,AKT/PI3K,AKT1;AKT2;AKT3,Oncogenic signal,AKT/PI3K
J82,FGFR,ERBB,3.0,3.0,0.485298921,0.4013465,45.39587961,0.0003,0.1,83.73521545,40.04342,Bladder,MSS/MSI-L,Adherent,FGFR1;FGFR2;FGFR3,Oncogenic signal,RTK,EGFR;ERBB*,Oncogenic signal,RTK
DU-4475,MTOR_1,MAP2K_1,1.0,1.0,0.193761125,1.6763064,2.48676002,0.016921128,2.1492999,0.0,-1.77395,breast,MSS/MSI-L,Suspension,MTOR,Oncogenic signal,AKT/PI3K,MAP2K1;MAP2K2,Oncogenic signal,MAPK
T47D,PIK3C,Chloroquine,3.0,10.0,0.235029556,0.9789888,15.39980902,10.0,0.1407211,82.66092519,-14.80213,breast,MSS/MSI-L,Adherent,PIK3C*,Oncogenic signal,AKT/PI3K,Thiamine,other,other
NCI-H522,IAP,Doxorubicin,0.3,0.1,0.000602675,0.3946537,26.3893567,0.020758851,2.1681262,8.32714493,42.23113,lung_NSCLC_adenocarcinoma,MSS/MSI-L,Adherent,NIAP;XIAP;BIRC2;BIRC3,Cell death,Apoptosis,TOP*;DNMT1,DNA repair,Chemo
MDA-MB-157,MTOR_1,ADAM17,1.0,75.0,0.178030361,2.3292531,56.43730479,1.0,0.0,100.0,41.926,breast,MSS/MSI-L,Adherent,MTOR,Oncogenic signal,AKT/PI3K,ADAM17,Differentiation,EMT/migration
DU-4475,MTOR_1,ESR1,1.0,1.0,0.352598931,1.6744564,0.0,1.0,10.0,81.40001649,-1.132942,breast,MSS/MSI-L,Suspension,MTOR,Oncogenic signal,AKT/PI3K,ESR1,Oncogenic signal,Hormonal
HCC1187,PIK3CA_4,AKT,1.0,1.0,0.155579677,1.4474161,51.59351453,1.0,0.8931202,20.73036674,2.609344,breast,MSS/MSI-L,Suspension,PIK3CA,Oncogenic signal,AKT/PI3K,AKT1;AKT2;AKT3,Oncogenic signal,AKT/PI3K
Hs-578-T,EGFR,AKT_1,0.1,1.0,1.0,0.0,100.0,0.112009924,10.0,45.34893869,-38.83305,breast,MSS/MSI-L,Adherent,EGFR,Oncogenic signal,RTK,AKT*,Oncogenic signal,AKT/PI3K
UM-UC-3,PIM1,MAP2K_1,3.0,3.0,1.0,0.0,100.0,0.276385532,10.0,57.64987021,-3.875798,Bladder,MSS/MSI-L,Adherent,PIM1,Oncogenic signal,STK,MAP2K1;MAP2K2,Oncogenic signal,MAPK
HT-1376,MAP2K_1,BCL2_BCL2L1,3.0,3.0,0.192241119,0.8588929,41.27108347,1.369584921,1.6342222,52.94980218,-16.7077,Bladder,MSS/MSI-L,Adherent,MAP2K1;MAP2K2,Oncogenic signal,MAPK,BCL2;BCL2L1,Cell death,Apoptosis
HCC1428,SLC16A4,MAP2K_1,1.0,1.0,0.0001,0.1,86.79852296,1.0,0.0,100.0,-8.056862,breast,MSS/MSI-L,Adherent,SLC16A3;SLC16A4,Metabolism,Metabolism,MAP2K1;MAP2K2,Oncogenic signal,MAPK
SW780,PIM1,EG5,3.0,0.003,1.0,0.0,100.0,1.0,0.0,100.0,-11.5801,Bladder,MSS/MSI-L,Adherent,PIM1,Oncogenic signal,STK,KIF11,Differentiation,EMT/migration
HCC1187,BCL2_BCL2L1,AKT_1,1.0,1.0,1.0,0.0,100.0,0.086370823,1.7403915,50.16878554,-1.40555,breast,MSS/MSI-L,Suspension,BCL2;BCL2L1,Cell death,Apoptosis,AKT*,Oncogenic signal,AKT/PI3K
MDA-MB-436,MTOR_1,ALK_IGFR,1.0,1.0,0.135386709,1.2881012,23.77975696,0.319981093,10.0,63.09955966,18.19243,breast,MSS/MSI-L,Adherent,MTOR,Oncogenic signal,AKT/PI3K,ALK;IGF*R,Oncogenic signal,AKT/PI3K
HCC1569,PIK3C,Chloroquine,3.0,10.0,0.357115825,0.7919289,28.62010062,10.0,0.1544758,30.22589957,-5.273958,breast,MSI-H,Adherent,PIK3C*,Oncogenic signal,AKT/PI3K,Thiamine,other,other
HT-1376,Gemcitabine,ATM,0.1,3.0,0.004604623,1.6449825,20.1735471,0.311695308,10.0,81.99991317,-9.291977,Bladder,MSS/MSI-L,Adherent,DNA;RRM1;TYMS;CMPK1,Cell death,Chemo,ATM,DNA repair,DNA Damage Response
MDA-MB-468,FGFR,ESR1,1.0,1.0,0.397485938,10.0,94.69947799,1.0,0.0,100.0,5.945125,breast,MSS/MSI-L,Adherent,FGFR1;FGFR2;FGFR3,Oncogenic signal,RTK,ESR1,Oncogenic signal,Hormonal
HCC1806,MAP2K_1,FASN,1.0,1.0,0.275193827,1.3659331,34.73786969,1.0,2.9761784,90.80220515,39.26589,breast,MSS/MSI-L,Adherent,MAP2K1;MAP2K2,Oncogenic signal,MAPK,FASN,Metabolism,Metabolism
HCC1395,MTOR_1,ADAM17,1.0,75.0,0.696868982,0.7587955,0.0,47.61171748,0.1,76.01912514,3.001454,breast,MSS/MSI-L,Adherent,MTOR,Oncogenic signal,AKT/PI3K,ADAM17,Differentiation,EMT/migration
CAMA-1,PARP1,HSP90,1.0,1.0,0.0001,0.1,82.77636779,0.109900735,0.8344671,0.0,-15.87145,breast,MSS/MSI-L,Adherent,PARP1,DNA repair,DNA Damage Response,HSP90AA1,Cell death,Apoptosis
T-24,Gemcitabine,ATM,0.1,3.0,0.001822055,5.7935188,50.06639995,1.330845539,0.924346,38.22108749,27.85968,Bladder,MSS/MSI-L,Adherent,DNA;RRM1;TYMS;CMPK1,Cell death,Chemo,ATM,DNA repair,DNA Damage Response
MDA-MB-436,FASN,BCL2_BCL2L1,1.0,1.0,1.0,0.0,100.0,0.308756372,10.0,85.29988146,0.5523007,breast,MSS/MSI-L,Adherent,FASN,Metabolism,Metabolism,BCL2;BCL2L1,Cell death,Apoptosis
HCC1395,MTOR_1,ERBB,1.0,1.0,0.516375485,0.7605263,6.9515642,1.0,0.3948379,77.11870643,-0.3383981,breast,MSS/MSI-L,Adherent,MTOR,Oncogenic signal,AKT/PI3K,EGFR;ERBB*,Oncogenic signal,RTK
A549,MAP2K_1,BRAF_M,3.0,3.0,3.0,0.650081,53.5808106,1.0,0.0,100.0,-26.34301,lung_NSCLC_adenocarcinoma,MSS/MSI-L,Adherent,MAP2K1;MAP2K2,Oncogenic signal,MAPK,BRAF_mut,Oncogenic signal,MAPK
SW837,PIK3C,IAP,10.0,1.0,0.629974767,1.0864387,46.51173742,0.213341117,1.2868918,57.83080975,42.66763,large_intestine,MSS/MSI-L,Adherent,PIK3C*,Oncogenic signal,AKT/PI3K,NIAP;XIAP;BIRC2;BIRC3,Cell death,Apoptosis
HCC1937,AKT,ADAM17,1.0,75.0,1.0,0.7718302,41.52955424,1.677923529,1.1194872,92.18802938,32.16552,breast,MSS/MSI-L,Adherent,AKT1;AKT2;AKT3,Oncogenic signal,AKT/PI3K,ADAM17,Differentiation,EMT/migration
NCI-H3122,TOP2_2,PIM1,3.0,3.0,0.216809307,1.2845056,0.0,1.0,0.0,100.0,25.8169,lung_NSCLC_adenocarcinoma,MSS/MSI-L,Adherent,TOP2*,DNA repair,Chemo,PIM1,Oncogenic signal,STK
MDA-MB-157,PIM1,BCL2_BCL2L1,1.0,1.0,1.0,0.0,100.0,1.0,10.0,84.2002741,-0.6100437,breast,MSS/MSI-L,Adherent,PIM1,Oncogenic signal,STK,BCL2;BCL2L1,Cell death,Apoptosis
CAL-120,PIM1,BCL2_BCL2L1,1.0,1.0,1.0,0.0,100.0,0.317059621,0.6446565,22.45965652,34.40956,breast,MSS/MSI-L,Adherent,PIM1,Oncogenic signal,STK,BCL2;BCL2L1,Cell death,Apoptosis
Hs-578-T,PIK3CB_PIK3CD,AKT_1,1.0,1.0,0.373842746,10.0,64.89812609,0.281136077,10.0,48.69924582,50.65994,breast,MSS/MSI-L,Adherent,PIK3CB;PIK3CD,Oncogenic signal,AKT/PI3K,AKT*,Oncogenic signal,AKT/PI3K
NCI-H2170,IAP,Doxorubicin,3.0,0.1,0.052064911,0.8087504,75.25475816,0.1,0.7344699,11.68191998,18.70155,lung_NSCLC_squamous_cell_carcinoma,MSS/MSI-L,Adherent,NIAP;XIAP;BIRC2;BIRC3,Cell death,Apoptosis,TOP*;DNMT1,DNA repair,Chemo
BT-20,ESR1_1,AKT_1,3.0,3.0,1.44767486,10.0,79.28582678,1.692116,0.905353,22.05266733,-12.6923,breast,MSS/MSI-L,Adherent,ESR1,Oncogenic signal,Hormonal,AKT*,Oncogenic signal,AKT/PI3K
BT-20,MAP2K_1,EGFR,1.0,0.1,0.129993535,0.9991397,49.261173,0.015227843,1.3736771,76.15891357,53.61903,breast,MSS/MSI-L,Adherent,MAP2K1;MAP2K2,Oncogenic signal,MAPK,EGFR,Oncogenic signal,RTK
MDA-MB-157,TNKS_PARP6,AKT,1.0,1.0,0.015730975,2.2246454,15.50519469,0.155114541,3.7858126,87.44125501,13.26256,breast,MSS/MSI-L,Adherent,TNKS;PARP6,Oncogenic signal,Cell Cycle,AKT1;AKT2;AKT3,Oncogenic signal,AKT/PI3K
MDA-MB-157,SLC16A4,PIK3CB_PIK3CD,1.0,1.0,1.0,0.0,100.0,1.0,0.4954002,14.3969025,5.939979,breast,MSS/MSI-L,Adherent,SLC16A3;SLC16A4,Metabolism,Metabolism,PIK3CB;PIK3CD,Oncogenic signal,AKT/PI3K
CAL-120,FGFR,BCL2_BCL2L1,1.0,1.0,1.0,0.4345507,48.12085357,0.102566763,1.4958327,33.27189408,19.23609,breast,MSS/MSI-L,Adherent,FGFR1;FGFR2;FGFR3,Oncogenic signal,RTK,BCL2;BCL2L1,Cell death,Apoptosis
HCC1143,TNKS_PARP6,AKT,1.0,1.0,0.02754324,1.7769189,24.93406231,0.681899924,0.8244991,57.54800351,11.85188,breast,MSS/MSI-L,Adherent,TNKS;PARP6,Oncogenic signal,Cell Cycle,AKT1;AKT2;AKT3,Oncogenic signal,AKT/PI3K
HT-29,MTOR,JAK,0.3,3.0,0.184531863,2.6229463,19.64663075,1.087289687,10.0,22.89697826,-48.12893,large_intestine,MSS/MSI-L,Adherent,MTOR,Oncogenic signal,AKT/PI3K,JAK1;JAK2,Oncogenic signal,Cell Cycle
NCI-H226,PIK3CB,IAP,3.0,3.0,3.0,0.8690747,36.90021247,0.0003,0.1,12.92215099,35.57842,lung_NSCLC_squamous_cell_carcinoma,MSS/MSI-L,Adherent,PIK3CB,Oncogenic signal,AKT/PI3K,NIAP;XIAP;BIRC2;BIRC3,Cell death,Apoptosis
Calu-6,CSNK2A1_2,ALK,0.03,3.0,0.008788121,1.8198712,6.37976753,1.226084171,10.0,38.39199094,15.53071,lung_NSCLC_adenocarcinoma,MSS/MSI-L,Adherent,CSNK2A1,Oncogenic signal,STK,ALK,Oncogenic signal,AKT/PI3K
MDA-MB-436,MTOR_1,ADAM17,1.0,75.0,0.195210716,3.1610905,28.63606438,1.0,0.0,100.0,6.743824,breast,MSS/MSI-L,Adherent,MTOR,Oncogenic signal,AKT/PI3K,ADAM17,Differentiation,EMT/migration
BT-20,PIK3C,ESR1_1,3.0,0.1,1.023124978,10.0,41.99876028,1.0,0.0,100.0,47.01936,breast,MSS/MSI-L,Adherent,PIK3C*,Oncogenic signal,AKT/PI3K,ESR1,Oncogenic signal,Hormonal
T-24,PARP1,Cisplatin,3.0,3.0,2.894576245,2.0898349,0.0,2.253887283,4.9137334,0.0,22.3704,Bladder,MSS/MSI-L,Adherent,PARP1,DNA repair,DNA Damage Response,DNA,DNA repair,Chemo
BT-549,EGFR,AKT_1,0.1,1.0,1.0,0.0,100.0,0.257308337,1.606107,45.32375694,13.3856,breast,MSS/MSI-L,Adherent,EGFR,Oncogenic signal,RTK,AKT*,Oncogenic signal,AKT/PI3K
NCI-H2291,CSNK2A1_2,AKT,0.01,3.0,0.002230086,1.0109184,11.73690642,1.344380406,1.3443365,78.075191,8.86138,lung_NSCLC_adenocarcinoma,MSS/MSI-L,Adherent,CSNK2A1,Oncogenic signal,STK,AKT1;AKT2;AKT3,Oncogenic signal,AKT/PI3K
HCC70,MTOR_1,ESR1,1.0,1.0,0.286185367,1.7963175,34.27996636,1.0,0.0,100.0,9.591303,breast,MSS/MSI-L,Adherent,MTOR,Oncogenic signal,AKT/PI3K,ESR1,Oncogenic signal,Hormonal
HT-29,PIK3C,IAP,10.0,1.0,0.256178473,0.8706738,1.45854777,1.0,10.0,78.20012497,2.621549,large_intestine,MSS/MSI-L,Adherent,PIK3C*,Oncogenic signal,AKT/PI3K,NIAP;XIAP;BIRC2;BIRC3,Cell death,Apoptosis
KATOIII,TNF,IAP,0.1,3.0,1.23e-05,0.1,50.84358665,0.013876776,0.9813306,53.92769257,134.1807,stomach,MSS/MSI-L,Semi-Adherent,TNFA,Cell death,Apoptosis,NIAP;XIAP;BIRC2;BIRC3,Cell death,Apoptosis
MDA-MB-157,MAP2K_1,AKT_SGK,1.0,1.0,0.05358002,0.7850413,61.34298969,1.0,0.4592922,61.18589165,11.18523,breast,MSS/MSI-L,Adherent,MAP2K1;MAP2K2,Oncogenic signal,MAPK,AKT*;SGK*,Oncogenic signal,AKT/PI3K
LS-513,IGFR_4,BCL2,10.0,3.0,0.137347975,1.962853,10.7896748,0.792046309,2.0154405,23.65654457,27.75629,large_intestine,MSS/MSI-L,Adherent,IGF*R,Oncogenic signal,RTK,BCL2,Cell death,Apoptosis
MCF7,PIK3C_MTOR,FGFR,1.0,1.0,0.063229003,1.6689853,1.40011821,1.0,0.0,100.0,8.495394,breast,MSS/MSI-L,Adherent,PIK3C*;MTOR,Oncogenic signal,AKT/PI3K,FGFR1;FGFR2;FGFR3,Oncogenic signal,RTK
MDA-MB-453,Chloroquine,AKT_1,10.0,3.0,0.29366834,10.0,84.63328415,0.21558547,0.5853244,19.85337451,-0.3049197,breast,MSS/MSI-L,Adherent,Thiamine,other,other,AKT*,Oncogenic signal,AKT/PI3K
DU-4475,MAP2K_1,BCL2_BCL2L1,1.0,1.0,0.017093304,1.6576022,0.0,0.006158834,10.0,0.52499724,0.3758422,breast,MSS/MSI-L,Suspension,MAP2K1;MAP2K2,Oncogenic signal,MAPK,BCL2;BCL2L1,Cell death,Apoptosis
HCC1395,ATR_4,AKT,1.0,1.0,0.427889725,1.6634124,0.0,0.472202348,0.963088,27.85527052,-1.068869,breast,MSS/MSI-L,Adherent,ATR,DNA repair,DNA Damage Response,AKT1;AKT2;AKT3,Oncogenic signal,AKT/PI3K
MDA-MB-231,TNKS_PARP6,MTOR_1,1.0,1.0,0.04789947,1.5342719,19.36707157,0.360435849,1.135491,25.9025588,9.893072,breast,MSS/MSI-L,Adherent,TNKS;PARP6,Oncogenic signal,Cell Cycle,MTOR,Oncogenic signal,AKT/PI3K
MDA-MB-468,BCL2_BCL2L1,ADAM17,1.0,75.0,1.0,0.505492,25.21283178,1.0,0.0,100.0,-8.476032,breast,MSS/MSI-L,Adherent,BCL2;BCL2L1,Cell death,Apoptosis,ADAM17,Differentiation,EMT/migration
CAL-148,MAP2K_1,EGFR,1.0,0.1,0.007127925,1.5945627,81.40696124,0.009612811,1.860557,88.88424212,-4.482228,breast,MSS/MSI-L,Suspension,MAP2K1;MAP2K2,Oncogenic signal,MAPK,EGFR,Oncogenic signal,RTK
HCC1143,MAP2K_1,ADAM17,1.0,75.0,0.043476892,1.4064031,67.02537454,0.737686901,10.0,89.09999872,16.41538,breast,MSS/MSI-L,Adherent,MAP2K1;MAP2K2,Oncogenic signal,MAPK,ADAM17,Differentiation,EMT/migration
NCI-SNU-16,FGFR,Chloroquine,0.01,3.0,0.004205411,10.0,37.18913399,1.170368182,10.0,83.69866791,6.92986,stomach,MSS/MSI-L,Suspension,FGFR1;FGFR2;FGFR3,Oncogenic signal,RTK,Thiamine,other,other
SW780,PIM1,PIK3C,3.0,3.0,1.0,0.0,100.0,3.0,10.0,85.80068538,-14.7265,Bladder,MSS/MSI-L,Adherent,PIM1,Oncogenic signal,STK,PIK3C*,Oncogenic signal,AKT/PI3K
HCC38,MAP2K_1,ESR1,1.0,1.0,1.0,10.0,87.20002824,1.0,0.0,100.0,25.55532,breast,MSS/MSI-L,Adherent,MAP2K1;MAP2K2,Oncogenic signal,MAPK,ESR1,Oncogenic signal,Hormonal
MDA-MB-453,Chloroquine,AKT,10.0,3.0,0.265877254,1.2219601,88.64101648,3.0,0.3594185,16.82841978,20.20307,breast,MSS/MSI-L,Adherent,Thiamine,other,other,AKT1;AKT2;AKT3,Oncogenic signal,AKT/PI3K
MCF7,HDAC_4,AKT,1.0,1.0,1.0,1.514885,22.29937194,0.651475867,1.8038703,52.78416987,11.36335,breast,MSS/MSI-L,Adherent,HDAC*,Differentiation,Epigenetic,AKT1;AKT2;AKT3,Oncogenic signal,AKT/PI3K
RT4,FGFR,BCL2_BCL2L1,3.0,3.0,0.676138494,0.695311,9.63190028,1.975967193,1.1010618,0.0,41.82546,Bladder,MSS/MSI-L,Adherent,FGFR1;FGFR2;FGFR3,Oncogenic signal,RTK,BCL2;BCL2L1,Cell death,Apoptosis
647-V,TNF,AKT,0.1,3.0,1.0,0.0,100.0,0.644962969,1.3851476,0.0,10.83863,Bladder,MSS/MSI-L,Adherent,TNFA,Cell death,Apoptosis,AKT1;AKT2;AKT3,Oncogenic signal,AKT/PI3K
MDA-MB-468,ATR_4,AKT,1.0,1.0,0.467279068,10.0,74.48734375,0.305173609,10.0,48.39960725,16.51386,breast,MSS/MSI-L,Adherent,ATR,DNA repair,DNA Damage Response,AKT1;AKT2;AKT3,Oncogenic signal,AKT/PI3K
HCC1954,PIK3C,Chloroquine,3.0,10.0,0.851048674,2.168424,14.57855184,0.032938033,0.5293516,80.7307386,-11.06434,breast,MSS/MSI-L,Adherent,PIK3C*,Oncogenic signal,AKT/PI3K,Thiamine,other,other
NCI-H1703,EGFR_2,ALK,1.0,3.0,1.0,0.0,100.0,0.520257629,2.1095493,9.26130768,8.65842,lung_NSCLC_adenocarcinoma,MSS/MSI-L,Adherent,EGFR,Oncogenic signal,RTK,ALK,Oncogenic signal,AKT/PI3K
NCI-H3122,TNFSF10,CSNK2A1_2,0.03,0.1,1.0,0.0,100.0,0.005817031,3.3024736,5.19621996,-7.164226,lung_NSCLC_adenocarcinoma,MSS/MSI-L,Adherent,TNFSF10,Cell death,Apoptosis,CSNK2A1,Oncogenic signal,STK
CAL-51,SLC16A4,MAP2K_1,1.0,1.0,1.0,0.1742365,82.29581594,1.0,0.1817477,83.00654575,2.168591,breast,MSS/MSI-L,Adherent,SLC16A3;SLC16A4,Metabolism,Metabolism,MAP2K1;MAP2K2,Oncogenic signal,MAPK
MDA-MB-436,ALK_IGFR,AKT,1.0,1.0,0.309843016,10.0,59.99960109,0.439220148,1.921319,75.08282118,-0.8797212,breast,MSS/MSI-L,Adherent,ALK;IGF*R,Oncogenic signal,AKT/PI3K,AKT1;AKT2;AKT3,Oncogenic signal,AKT/PI3K
CAL-120,PIK3CA_4,ERBB,1.0,1.0,0.037179605,10.0,82.79981388,0.0001,0.1,85.66275794,-30.30016,breast,MSS/MSI-L,Adherent,PIK3CA,Oncogenic signal,AKT/PI3K,EGFR;ERBB*,Oncogenic signal,RTK
NCI-H1975,PIK3C,ADAM17,3.0,10.0,0.471511356,1.0924009,11.0603869,10.0,10.0,80.60000942,-2.276951,lung_NSCLC_adenocarcinoma,MSS/MSI-L,Adherent,PIK3C*,Oncogenic signal,AKT/PI3K,ADAM17,Differentiation,EMT/migration
HCC38,ALK_IGFR,AKT_1,1.0,1.0,1.0,10.0,71.80006596,1.0,0.523235,55.38267402,33.64842,breast,MSS/MSI-L,Adherent,ALK;IGF*R,Oncogenic signal,AKT/PI3K,AKT*,Oncogenic signal,AKT/PI3K
MFM-223,AKT_1,AKT,1.0,1.0,0.216130871,1.1743659,14.46998387,0.165307885,1.1014474,3.59609066,7.25458,breast,MSS/MSI-L,Adherent,AKT*,Oncogenic signal,AKT/PI3K,AKT1;AKT2;AKT3,Oncogenic signal,AKT/PI3K
SW900,IAP,ATR_4,3.0,3.0,0.503086669,0.158884,0.0,1.337763917,1.6684421,16.74777155,9.767912,lung_NSCLC_squamous_cell_carcinoma,MSS/MSI-L,Adherent,NIAP;XIAP;BIRC2;BIRC3,Cell death,Apoptosis,ATR,DNA repair,DNA Damage Response
HCC1143,SLC16A4,PIK3CB_PIK3CD,1.0,1.0,1.0,0.0,100.0,1.0,0.6082763,30.23352324,3.361126,breast,MSS/MSI-L,Adherent,SLC16A3;SLC16A4,Metabolism,Metabolism,PIK3CB;PIK3CD,Oncogenic signal,AKT/PI3K
MDA-MB-415,MTOR_1,ESR1_3,1.0,3.0,0.081283987,1.3408494,14.97716836,0.374800804,10.0,88.69977759,32.21889,breast,MSS/MSI-L,Adherent,MTOR,Oncogenic signal,AKT/PI3K,ESR1,Oncogenic signal,Hormonal
NCI-H2170,SYK,CSNK2A1_2,3.0,0.03,1.0,0.0,100.0,0.009912166,10.0,16.09868643,39.0889,lung_NSCLC_squamous_cell_carcinoma,MSS/MSI-L,Adherent,SYK,Oncogenic signal,Cell Cycle,CSNK2A1,Oncogenic signal,STK
A549,CSNK2A1_2,BCL2,0.1,3.0,0.015562849,5.6593809,11.39482729,0.114476035,0.9387489,10.96781573,-1.423261,lung_NSCLC_adenocarcinoma,MSS/MSI-L,Adherent,CSNK2A1,Oncogenic signal,STK,BCL2,Cell death,Apoptosis
HT-1376,PIM1,BCL2_BCL2L1,3.0,3.0,0.055116566,2.0776748,66.12445611,0.147391609,1.2581053,46.57548858,-20.24113,Bladder,MSS/MSI-L,Adherent,PIM1,Oncogenic signal,STK,BCL2;BCL2L1,Cell death,Apoptosis
J82,MTOR_1,FGFR,3.0,3.0,0.498238315,1.1210478,17.92678473,3.0,0.363919,8.81156332,21.13484,Bladder,MSS/MSI-L,Adherent,MTOR,Oncogenic signal,AKT/PI3K,FGFR1;FGFR2;FGFR3,Oncogenic signal,RTK
HCC70,CSNK2A1_2,AKT,0.1,3.0,1e-05,0.1,3.48618581,0.906913115,4.680062,20.3067041,-5.610764,breast,MSS/MSI-L,Adherent,CSNK2A1,Oncogenic signal,STK,AKT1;AKT2;AKT3,Oncogenic signal,AKT/PI3K
HCC1937,SLC16A4,MAP2K_1,1.0,1.0,1.0,0.0,100.0,0.108312161,10.0,63.90025273,-25.9294,breast,MSS/MSI-L,Adherent,SLC16A3;SLC16A4,Metabolism,Metabolism,MAP2K1;MAP2K2,Oncogenic signal,MAPK
NCI-H2085,TOP2,ALK_2,3.0,3.0,0.202356674,2.6760203,19.81521485,2.360150777,1.04188,0.0,14.85956,lung_NSCLC_adenocarcinoma,MSS/MSI-L,Adherent,TOP2*;PRKDC,DNA repair,DNA Damage Response,ALK,Oncogenic signal,RTK
BT-549,PIK3CB_PIK3CD,ADAM17,1.0,75.0,0.566041301,0.4499586,0.0,0.0075,0.1,93.2391889,3.480756,breast,MSS/MSI-L,Adherent,PIK3CB;PIK3CD,Oncogenic signal,AKT/PI3K,ADAM17,Differentiation,EMT/migration
MDA-MB-436,ESR1,AKT_1,1.0,1.0,1.0,0.0,100.0,0.209500176,10.0,91.68876846,-10.63758,breast,MSS/MSI-L,Adherent,ESR1,Oncogenic signal,Hormonal,AKT*,Oncogenic signal,AKT/PI3K
BT-20,PIK3C_2,AKT,1.0,1.0,0.859817884,1.2863173,0.0,1.0,0.7339212,44.03727212,3.443067,breast,MSS/MSI-L,Adherent,PIK3C*,Oncogenic signal,AKT/PI3K,AKT1;AKT2;AKT3,Oncogenic signal,AKT/PI3K
MDA-MB-436,TNKS_PARP6,PIK3CB_PIK3CD,1.0,1.0,0.002501779,1.111445,14.22595651,0.18867753,1.8846494,69.60799016,11.58376,breast,MSS/MSI-L,Adherent,TNKS;PARP6,Oncogenic signal,Cell Cycle,PIK3CB;PIK3CD,Oncogenic signal,AKT/PI3K
SW780,PARP1,EG5,3.0,0.003,1.0,0.0,100.0,0.003,10.0,90.0001759,3.447342,Bladder,MSS/MSI-L,Adherent,PARP1,DNA repair,DNA Damage Response,KIF11,Differentiation,EMT/migration
CAMA-1,Proteasome_2,FGFR,1.0,1.0,0.004810408,2.7922099,11.21240525,1.0,0.0,100.0,4.602385,breast,MSS/MSI-L,Adherent,Proteasome,Cell death,Apoptosis,FGFR1;FGFR2;FGFR3,Oncogenic signal,RTK
NCI-H520,Proteasome_2,FGFR,0.1,3.0,0.002729956,2.6992541,3.65286146,3.0,0.4121204,22.83861814,4.850328,lung_NSCLC_squamous_cell_carcinoma,MSS/MSI-L,Adherent,Proteasome,Cell death,Apoptosis,FGFR1;FGFR2;FGFR3,Oncogenic signal,RTK
BT-20,TNKS_PARP6,PIK3CB_PIK3CD,1.0,1.0,0.038707903,1.7459817,0.0,1.0,0.7802174,57.76521336,2.139844,breast,MSS/MSI-L,Adherent,TNKS;PARP6,Oncogenic signal,Cell Cycle,PIK3CB;PIK3CD,Oncogenic signal,AKT/PI3K
BT-20,BCL2_BCL2L1,AKT_SGK,1.0,1.0,0.951752966,1.3557006,60.20730467,0.16818708,1.4341998,67.44045129,6.61977,breast,MSS/MSI-L,Adherent,BCL2;BCL2L1,Cell death,Apoptosis,AKT*;SGK*,Oncogenic signal,AKT/PI3K
A549,PIK3CB,IAP,3.0,3.0,1.0,0.0,100.0,3.0,0.2087474,61.47458918,7.526779,lung_NSCLC_adenocarcinoma,MSS/MSI-L,Adherent,PIK3CB,Oncogenic signal,AKT/PI3K,NIAP;XIAP;BIRC2;BIRC3,Cell death,Apoptosis
TCCSUP,Gemcitabine,ATM,0.1,3.0,0.002890789,2.3723411,7.29039202,0.881918361,10.0,83.29987575,16.46099,Bladder,MSS/MSI-L,Adherent,DNA;RRM1;TYMS;CMPK1,Cell death,Chemo,ATM,DNA repair,DNA Damage Response
MDA-MB-415,EGFR_2,AKT_1,3.0,3.0,1.0,0.0,100.0,0.192985332,1.5193649,40.32136795,4.117219,breast,MSS/MSI-L,Adherent,EGFR,Oncogenic signal,RTK,AKT*,Oncogenic signal,AKT/PI3K
NCI-H23,CSNK2A1_2,Carboplatin,0.1,3.0,0.006951043,1.4460336,11.59601846,1.496817471,1.6053296,18.34581348,-12.56483,lung_NSCLC_adenocarcinoma,MSS/MSI-L,Adherent,CSNK2A1,Oncogenic signal,STK,DNA,DNA repair,Chemo
CAL-51,PIK3C_2,AKT_1,1.0,1.0,0.756050481,1.9125467,0.0,0.339475526,10.0,76.89952545,27.4007,breast,MSS/MSI-L,Adherent,PIK3C*,Oncogenic signal,AKT/PI3K,AKT*,Oncogenic signal,AKT/PI3K
CAL-51,MAP2K_1,ATR_4,1.0,1.0,1.0,0.791895,76.54695195,0.269547679,4.0532365,3.42683175,9.969917,breast,MSS/MSI-L,Adherent,MAP2K1;MAP2K2,Oncogenic signal,MAPK,ATR,DNA repair,DNA Damage Response
HCC1143,MTOR_1,ALK_IGFR,1.0,1.0,0.242929699,2.214288,49.01613094,1.0,0.0,100.0,8.677618,breast,MSS/MSI-L,Adherent,MTOR,Oncogenic signal,AKT/PI3K,ALK;IGF*R,Oncogenic signal,AKT/PI3K
HCC1419,PARP1,HSP90,1.0,1.0,1.0,0.0,100.0,0.081791038,1.4430096,11.50480735,7.10163,breast,MSS/MSI-L,Adherent,PARP1,DNA repair,DNA Damage Response,HSP90AA1,Cell death,Apoptosis
NCI-H358,IAP,BCL2L1,3.0,3.0,0.021423164,1.4039148,83.63325048,0.19245185,4.4106952,87.40993223,5.632736,lung_NSCLC_adenocarcinoma,MSS/MSI-L,Adherent,NIAP;XIAP;BIRC2;BIRC3,Cell death,Apoptosis,BCL2L1,Cell death,Apoptosis
UM-UC-3,PIK3C,MAP2K_1,3.0,3.0,1.158393313,2.766307,39.6551135,0.238598183,4.2539188,56.82925993,22.10123,Bladder,MSS/MSI-L,Adherent,PIK3C*,Oncogenic signal,AKT/PI3K,MAP2K1;MAP2K2,Oncogenic signal,MAPK
KU-19-19,PIM1,BCL2_BCL2L1,3.0,3.0,1.0,0.0,100.0,0.846831771,1.7709729,73.72717765,-39.87597,Bladder,MSS/MSI-L,Adherent,PIM1,Oncogenic signal,STK,BCL2;BCL2L1,Cell death,Apoptosis
HCC1806,BCL2_BCL2L1,ATR_4,1.0,1.0,1.0,0.0,100.0,0.326058677,10.0,10.89875595,8.510357,breast,MSS/MSI-L,Adherent,BCL2;BCL2L1,Cell death,Apoptosis,ATR,DNA repair,DNA Damage Response
C32,IAP,CHEK1,1.0,1.0,0.001645061,2.1373024,11.37463611,0.600844231,2.9125887,0.0,-1.498488,melanoma,MSS/MSI-L,Adherent,NIAP;XIAP;BIRC2;BIRC3,Cell death,Apoptosis,CHEK1,DNA repair,DNA Damage Response
HCC38,PIK3C,AKT_SGK,1.0,1.0,1.0,1.0017042,31.22366309,0.274414952,10.0,79.69862134,-6.047598,breast,MSS/MSI-L,Adherent,PIK3C*,Oncogenic signal,AKT/PI3K,AKT*;SGK*,Oncogenic signal,AKT/PI3K
HCT-116,MAP2K_1,BRAF_M2,3.0,3.0,0.225124954,1.1725516,14.25263277,0.753386654,1.9386495,9.67397343,97.72453,large_intestine,MSI-H,Adherent,MAP2K1;MAP2K2,Oncogenic signal,MAPK,BRAF_V600E,Oncogenic signal,MAPK
BFTC-905,MAP2K_1,HSP90,3.0,3.0,1.590871996,1.2008583,0.0,0.123365261,2.0524849,0.24206233,35.24843,Bladder,MSS/MSI-L,Adherent,MAP2K1;MAP2K2,Oncogenic signal,MAPK,HSP90AA1,Cell death,Apoptosis
MDA-MB-157,BCL2_BCL2L1,ADAM17,1.0,75.0,0.333916014,0.6913991,76.91744732,0.0075,4.2347996,90.9,-2.891425,breast,MSS/MSI-L,Adherent,BCL2;BCL2L1,Cell death,Apoptosis,ADAM17,Differentiation,EMT/migration
Calu-6,TOP2,ALK_2,3.0,3.0,3.0,1.1745023,61.53529261,2.966069829,2.4532744,0.0,7.700639,lung_NSCLC_adenocarcinoma,MSS/MSI-L,Adherent,TOP2*;PRKDC,DNA repair,DNA Damage Response,ALK,Oncogenic signal,RTK
647-V,FGFR,Cisplatin,3.0,3.0,1.0,0.0,100.0,1.547590548,3.6369297,0.0,1.529579,Bladder,MSS/MSI-L,Adherent,FGFR1;FGFR2;FGFR3,Oncogenic signal,RTK,DNA,DNA repair,Chemo
MDA-MB-453,EGFR,AKT_1,0.1,1.0,0.059930122,0.5131004,0.0,0.064469903,0.8818056,3.10565974,35.65096,breast,MSS/MSI-L,Adherent,EGFR,Oncogenic signal,RTK,AKT*,Oncogenic signal,AKT/PI3K
NCI-H2291,MAP2K_1,BRAF_M2,3.0,3.0,1.209457483,0.4847802,0.0,2.21732375,0.7242576,0.0,123.4286,lung_NSCLC_adenocarcinoma,MSS/MSI-L,Adherent,MAP2K1;MAP2K2,Oncogenic signal,MAPK,BRAF_V600E,Oncogenic signal,MAPK
NCI-H522,PIK3CA_3,IAP,3.0,0.3,3.0,0.3251707,19.61149187,0.000975858,0.2075666,0.0,13.52077,lung_NSCLC_adenocarcinoma,MSS/MSI-L,Adherent,PIK3CA,Oncogenic signal,AKT/PI3K,NIAP;XIAP;BIRC2;BIRC3,Cell death,Apoptosis
SW620,TKI,MAP2K_1,3.0,0.3,0.0003,0.1,92.32255995,0.101422427,10.0,54.59911271,12.82171,large_intestine,MSS/MSI-L,Adherent,KDR;EGFR;RET,Oncogenic signal,RTK,MAP2K1;MAP2K2,Oncogenic signal,MAPK
DU-4475,PIK3CA_4,MTOR_1,1.0,1.0,0.127870708,2.7837922,59.48821595,0.041619647,4.5643361,13.72025925,-35.60649,breast,MSS/MSI-L,Suspension,PIK3CA,Oncogenic signal,AKT/PI3K,MTOR,Oncogenic signal,AKT/PI3K
KATOIII,MTOR_3,FGFR,3.0,0.01,0.343296366,0.227492,0.0,0.005145566,10.0,22.19889975,-6.632685,stomach,MSS/MSI-L,Semi-Adherent,MTOR,Oncogenic signal,AKT/PI3K,FGFR1;FGFR2;FGFR3,Oncogenic signal,RTK
HCC38,FGFR,AKT,1.0,1.0,0.102276552,10.0,76.79976406,1.0,10.0,74.2002999,-24.15664,breast,MSS/MSI-L,Adherent,FGFR1;FGFR2;FGFR3,Oncogenic signal,RTK,AKT1;AKT2;AKT3,Oncogenic signal,AKT/PI3K
CAL-120,PIP5K1,PIK3C,1.0,1.0,1.0,10.0,78.00002123,0.5487669,0.8364029,61.4979605,-21.33009,breast,MSS/MSI-L,Adherent,PIP5K1*,Metabolism,Metabolism,PIK3C*,Oncogenic signal,AKT/PI3K
HCC1143,ESR1,AKT_1,1.0,1.0,1.0,0.0,100.0,0.168050497,0.8434343,68.44974961,-13.36032,breast,MSS/MSI-L,Adherent,ESR1,Oncogenic signal,Hormonal,AKT*,Oncogenic signal,AKT/PI3K
BT-20,PIK3C,AKT_SGK,1.0,1.0,0.791208448,0.735046,0.0,1.0,0.7916566,24.58346624,17.68523,breast,MSS/MSI-L,Adherent,PIK3C*,Oncogenic signal,AKT/PI3K,AKT*;SGK*,Oncogenic signal,AKT/PI3K
HCC1937,MTOR_1,ESR1,1.0,1.0,0.877923176,1.267568,68.08851009,1.0,0.0,100.0,9.233516,breast,MSS/MSI-L,Adherent,MTOR,Oncogenic signal,AKT/PI3K,ESR1,Oncogenic signal,Hormonal
HCC1143,BCL2_BCL2L1,ADAM17,1.0,75.0,0.115309253,10.0,57.19879477,0.0075,0.1,80.12808895,3.369319,breast,MSS/MSI-L,Adherent,BCL2;BCL2L1,Cell death,Apoptosis,ADAM17,Differentiation,EMT/migration
BT-549,PIK3CB_PIK3CD,AKT_1,1.0,1.0,0.118769953,0.8396577,32.20073443,0.229595877,1.1164911,42.5877428,33.42216,breast,MSS/MSI-L,Adherent,PIK3CB;PIK3CD,Oncogenic signal,AKT/PI3K,AKT*,Oncogenic signal,AKT/PI3K
CAL-51,TNKS_PARP6,FGFR,1.0,1.0,0.022666523,2.0544368,0.9237398,1.0,0.7464146,61.44362439,-1.230031,breast,MSS/MSI-L,Adherent,TNKS;PARP6,Oncogenic signal,Cell Cycle,FGFR1;FGFR2;FGFR3,Oncogenic signal,RTK
HCC1806,PIK3C,MAP2K_1,1.0,1.0,0.29182152,2.9235418,15.56200075,0.238927673,1.2073694,10.59138188,48.79275,breast,MSS/MSI-L,Adherent,PIK3C*,Oncogenic signal,AKT/PI3K,MAP2K1;MAP2K2,Oncogenic signal,MAPK
BT-20,MTOR_1,ESR1_3,1.0,3.0,0.110073969,1.9843095,36.43332744,3.0,10.0,88.60050091,7.238992,breast,MSS/MSI-L,Adherent,MTOR,Oncogenic signal,AKT/PI3K,ESR1,Oncogenic signal,Hormonal
Hs-578-T,SLC16A4,PIK3CB_PIK3CD,1.0,1.0,0.685166344,1.1382987,87.53563214,1.0,1.4295755,44.47132282,10.72172,breast,MSS/MSI-L,Adherent,SLC16A3;SLC16A4,Metabolism,Metabolism,PIK3CB;PIK3CD,Oncogenic signal,AKT/PI3K
HCC38,MAP2K_1,EGFR,1.0,0.1,0.180378708,10.0,91.04395416,0.001721459,10.0,94.14506548,17.32624,breast,MSS/MSI-L,Adherent,MAP2K1;MAP2K2,Oncogenic signal,MAPK,EGFR,Oncogenic signal,RTK
Calu-6,IAP,BCL2L1,1.0,3.0,0.0001,0.1,49.42616098,0.017069104,1.5430734,69.50050453,62.02191,lung_NSCLC_adenocarcinoma,MSS/MSI-L,Adherent,NIAP;XIAP;BIRC2;BIRC3,Cell death,Apoptosis,BCL2L1,Cell death,Apoptosis
MDA-MB-453,MAP2K_3,BRAF_M2,0.3,3.0,0.072312474,1.566113,26.5371895,1.30996117,10.0,87.29679978,95.24409,breast,MSS/MSI-L,Adherent,MAP2K*,Oncogenic signal,MAPK,BRAF_V600E,Oncogenic signal,MAPK
MCF7,MTOR_1,FGFR,0.3,3.0,0.087848982,1.2621362,0.0,1.585734977,2.6416989,40.83989289,14.21441,breast,MSS/MSI-L,Adherent,MTOR,Oncogenic signal,AKT/PI3K,FGFR1;FGFR2;FGFR3,Oncogenic signal,RTK
Hs-578-T,TNKS_PARP6,PIK3CB_PIK3CD,1.0,1.0,0.026029024,1.7826349,14.81175335,0.200358148,1.1438656,69.37445516,11.30772,breast,MSS/MSI-L,Adherent,TNKS;PARP6,Oncogenic signal,Cell Cycle,PIK3CB;PIK3CD,Oncogenic signal,AKT/PI3K
NCI-H1793,CSNK2A1_2,BCL2,0.1,3.0,0.011102358,2.2607682,8.72239927,0.364732707,1.4789872,33.68148717,38.79548,lung_NSCLC_adenocarcinoma,MSS/MSI-L,Adherent,CSNK2A1,Oncogenic signal,STK,BCL2,Cell death,Apoptosis
MDA-MB-157,PIM1,MAP2K_1,1.0,1.0,1.0,1.3620048,72.48386053,0.033728477,1.7717515,76.71531342,39.50186,breast,MSS/MSI-L,Adherent,PIM1,Oncogenic signal,STK,MAP2K1;MAP2K2,Oncogenic signal,MAPK
BT-549,EGFR,AKT,0.1,1.0,0.018083132,10.0,93.45323468,0.393967533,0.7926283,31.09143836,0.1641945,breast,MSS/MSI-L,Adherent,EGFR,Oncogenic signal,RTK,AKT1;AKT2;AKT3,Oncogenic signal,AKT/PI3K
UACC-812,PARP1,HSP90,1.0,1.0,0.162221361,1.8190798,92.8789479,0.049801914,10.0,0.0,5.267524,breast,MSS/MSI-L,Adherent,PARP1,DNA repair,DNA Damage Response,HSP90AA1,Cell death,Apoptosis
UM-UC-3,MAP2K_1,BCL2_BCL2L1,3.0,3.0,0.212141144,3.3289814,58.01048195,0.375647163,0.8543311,31.68710617,-16.08685,Bladder,MSS/MSI-L,Adherent,MAP2K1;MAP2K2,Oncogenic signal,MAPK,BCL2;BCL2L1,Cell death,Apoptosis
SW48,PTK2,IAP,1.0,1.0,0.288218006,1.5544156,6.23671009,0.006582714,1.0175076,87.89929585,0.9745206,large_intestine,MSI-H,Adherent,PTK2*,Differentiation,EMT/migration,NIAP;XIAP;BIRC2;BIRC3,Cell death,Apoptosis
SW900,PIK3C,ADAM17,3.0,10.0,0.829767654,0.8372512,19.32602658,10.0,1.4708023,54.91031182,11.75751,lung_NSCLC_squamous_cell_carcinoma,MSS/MSI-L,Adherent,PIK3C*,Oncogenic signal,AKT/PI3K,ADAM17,Differentiation,EMT/migration
SW48,MAP2K_1,IGFR_3,3.0,10.0,0.109774691,1.6971818,30.09266991,0.445491499,1.3530426,24.55039381,57.35804,large_intestine,MSI-H,Adherent,MAP2K1;MAP2K2,Oncogenic signal,MAPK,IGF*R,Oncogenic signal,RTK
NCI-H1703,PIK3CB,ALK_2,3.0,3.0,1.729328496,0.5803739,0.0,1.472227846,1.7735331,0.0,20.98278,lung_NSCLC_adenocarcinoma,MSS/MSI-L,Adherent,PIK3CB,Oncogenic signal,AKT/PI3K,ALK,Oncogenic signal,RTK
HCC70,SLC16A4,BCL2_BCL2L1,1.0,1.0,0.995869031,9.9999448,89.81085975,1.0,0.0,100.0,-23.02506,breast,MSS/MSI-L,Adherent,SLC16A3;SLC16A4,Metabolism,Metabolism,BCL2;BCL2L1,Cell death,Apoptosis
CAMA-1,PIK3C,MAP2K_3,3.0,0.3,2.26928314,2.4260073,0.0,0.3,0.8198701,36.36310933,-20.02647,breast,MSS/MSI-L,Adherent,PIK3C*,Oncogenic signal,AKT/PI3K,MAP2K*,Oncogenic signal,MAPK
TCCSUP,PIK3CB_PIK3CD,EG5,3.0,0.003,3.0,0.5767795,34.87887098,0.002758905,10.0,0.0,4.998987,Bladder,MSS/MSI-L,Adherent,PIK3CB;PIK3CD,Oncogenic signal,AKT/PI3K,KIF11,Differentiation,EMT/migration
MCF7,MTOR_1,ERBB,1.0,3.0,0.034622454,0.8468937,3.45157505,0.003754087,0.548522,65.54669229,8.461941,breast,MSS/MSI-L,Adherent,MTOR,Oncogenic signal,AKT/PI3K,EGFR;ERBB*,Oncogenic signal,RTK
CAMA-1,PIP5K1,AKT,1.0,1.0,0.400556318,10.0,90.49898961,0.126079252,1.3424664,12.49773864,4.095683,breast,MSS/MSI-L,Adherent,PIP5K1*,Metabolism,Metabolism,AKT1;AKT2;AKT3,Oncogenic signal,AKT/PI3K
HCC1187,PIK3C,AKT_1,1.0,1.0,0.28421544,10.0,27.99943777,0.142855051,2.3550871,45.54347266,39.19775,breast,MSS/MSI-L,Suspension,PIK3C*,Oncogenic signal,AKT/PI3K,AKT*,Oncogenic signal,AKT/PI3K
NCI-H23,TNFSF10,CSNK2A1_2,0.03,0.1,0.005605057,10.0,90.40620788,0.007800708,1.5087365,9.29263792,-12.0481,lung_NSCLC_adenocarcinoma,MSS/MSI-L,Adherent,TNFSF10,Cell death,Apoptosis,CSNK2A1,Oncogenic signal,STK
MDA-MB-231,MTOR_1,FGFR,1.0,1.0,0.347292964,1.4256854,36.12757031,1.0,0.0,100.0,18.34433,breast,MSS/MSI-L,Adherent,MTOR,Oncogenic signal,AKT/PI3K,FGFR1;FGFR2;FGFR3,Oncogenic signal,RTK
MDA-MB-453,FGFR,ESR1,1.0,1.0,0.16526813,4.3120132,26.32158906,0.016757465,4.4527382,94.60530849,-8.991057,breast,MSS/MSI-L,Adherent,FGFR1;FGFR2;FGFR3,Oncogenic signal,RTK,ESR1,Oncogenic signal,Hormonal
HCC1428,PIP5K1,PIK3CB_PIK3CD,1.0,1.0,1.0,0.0,100.0,0.148447379,10.0,90.20102439,3.228754,breast,MSS/MSI-L,Adherent,PIP5K1*,Metabolism,Metabolism,PIK3CB;PIK3CD,Oncogenic signal,AKT/PI3K
MDA-MB-468,FASN,BCL2_BCL2L1,1.0,1.0,0.093557241,10.0,88.94988095,0.902379259,0.6597072,38.64076151,45.53811,breast,MSS/MSI-L,Adherent,FASN,Metabolism,Metabolism,BCL2;BCL2L1,Cell death,Apoptosis
HCC1143,BCL2_BCL2L1,AKT_1,1.0,1.0,0.787129499,0.8235477,25.86238824,0.170486776,1.6919151,74.27195398,6.718205,breast,MSS/MSI-L,Adherent,BCL2;BCL2L1,Cell death,Apoptosis,AKT*,Oncogenic signal,AKT/PI3K
MDA-MB-436,MTOR_1,FGFR,1.0,1.0,0.141328283,0.8992341,10.82836125,0.100872139,0.7395487,86.27551428,1.270647,breast,MSS/MSI-L,Adherent,MTOR,Oncogenic signal,AKT/PI3K,FGFR1;FGFR2;FGFR3,Oncogenic signal,RTK
MDA-MB-453,PIK3CB_PIK3CD,ALK_IGFR,1.0,1.0,0.136281059,1.4447749,32.96805293,0.276385811,2.7081657,19.90485282,-4.536145,breast,MSS/MSI-L,Adherent,PIK3CB;PIK3CD,Oncogenic signal,AKT/PI3K,ALK;IGF*R,Oncogenic signal,AKT/PI3K
VM-CUB-1,MAP2K_1,BCL2_BCL2L1,3.0,3.0,0.29412974,2.2461362,78.41553125,0.095586047,1.9034955,84.01795967,-7.307753,Bladder,MSS/MSI-L,Adherent,MAP2K1;MAP2K2,Oncogenic signal,MAPK,BCL2;BCL2L1,Cell death,Apoptosis
VCaP,ERBB,AKT,3.0,1.0,0.814719284,2.5650621,77.34244917,0.437596829,1.3963082,57.87553132,5.142114,prostate,MSS/MSI-L,Adherent,EGFR;ERBB*,Oncogenic signal,RTK,AKT1;AKT2;AKT3,Oncogenic signal,AKT/PI3K
UM-UC-3,PIK3C,PARP1,3.0,3.0,2.041264877,1.3054026,1.76857985,3.0,0.5549015,71.73484566,12.73148,Bladder,MSS/MSI-L,Adherent,PIK3C*,Oncogenic signal,AKT/PI3K,PARP1,DNA repair,DNA Damage Response
CAMA-1,ATR_4,AKT,1.0,1.0,1.0,10.0,23.60008975,0.125483572,1.5666822,15.02685206,-3.447737,breast,MSS/MSI-L,Adherent,ATR,DNA repair,DNA Damage Response,AKT1;AKT2;AKT3,Oncogenic signal,AKT/PI3K
HCC1143,ALK_IGFR,AKT_1,1.0,1.0,1.0,10.0,90.80007786,1.0,0.7327306,45.0818772,14.53491,breast,MSS/MSI-L,Adherent,ALK;IGF*R,Oncogenic signal,AKT/PI3K,AKT*,Oncogenic signal,AKT/PI3K
22RV1,FGFR,AKT,3.0,1.0,3.0,1.1124338,28.23322981,0.245768687,4.036008,64.68045585,-3.384268,prostate,MSI-H,Adherent,FGFR1;FGFR2;FGFR3,Oncogenic signal,RTK,AKT1;AKT2;AKT3,Oncogenic signal,AKT/PI3K
VM-CUB-1,PIK3C,IAP,3.0,0.03,2.444144809,1.2451249,0.0,0.001871821,0.7602373,65.2025987,14.95352,Bladder,MSS/MSI-L,Adherent,PIK3C*,Oncogenic signal,AKT/PI3K,NIAP;XIAP;BIRC2;BIRC3,Cell death,Apoptosis
TCCSUP,PIK3C,IAP,1.0,0.03,0.354546906,1.9684013,49.66197667,0.000329688,0.7131896,74.00090929,29.79253,Bladder,MSS/MSI-L,Adherent,PIK3C*,Oncogenic signal,AKT/PI3K,NIAP;XIAP;BIRC2;BIRC3,Cell death,Apoptosis
MDA-MB-157,SLC16A4,BCL2_BCL2L1,1.0,1.0,1.0,10.0,75.40005672,1.0,0.0,100.0,41.782,breast,MSS/MSI-L,Adherent,SLC16A3;SLC16A4,Metabolism,Metabolism,BCL2;BCL2L1,Cell death,Apoptosis
NCI-H2085,CSNK2A1_2,BCL2,0.03,3.0,0.012434981,0.83565,0.0,1.312273713,1.5414195,13.99286917,22.06791,lung_NSCLC_adenocarcinoma,MSS/MSI-L,Adherent,CSNK2A1,Oncogenic signal,STK,BCL2,Cell death,Apoptosis
NCI-H520,SYK,CSNK2A1_2,3.0,0.03,2.978470303,10.0,0.0,0.006172933,1.6645574,20.94312267,-23.97568,lung_NSCLC_squamous_cell_carcinoma,MSS/MSI-L,Adherent,SYK,Oncogenic signal,Cell Cycle,CSNK2A1,Oncogenic signal,STK
LS-513,TKI,IGFR_3,3.0,10.0,0.923072419,2.4345542,65.99144381,0.265471511,2.4592881,12.98538057,25.20136,large_intestine,MSS/MSI-L,Adherent,KDR;EGFR;RET,Oncogenic signal,RTK,IGF*R,Oncogenic signal,RTK
MDA-MB-157,FGFR,AKT,1.0,1.0,0.032313358,2.0290003,34.19172492,0.197096176,10.0,84.28574708,13.30299,breast,MSS/MSI-L,Adherent,FGFR1;FGFR2;FGFR3,Oncogenic signal,RTK,AKT1;AKT2;AKT3,Oncogenic signal,AKT/PI3K
VM-CUB-1,MAP2K_1,ATR_4,3.0,3.0,0.355139415,1.4213066,69.47239212,3.0,10.0,14.60037271,-12.77849,Bladder,MSS/MSI-L,Adherent,MAP2K1;MAP2K2,Oncogenic signal,MAPK,ATR,DNA repair,DNA Damage Response
MDA-MB-231,MAP2K_1,BCL2_BCL2L1,1.0,1.0,0.873365868,0.6010485,0.0,1.0,0.7631534,10.41841247,-1.035023,breast,MSS/MSI-L,Adherent,MAP2K1;MAP2K2,Oncogenic signal,MAPK,BCL2;BCL2L1,Cell death,Apoptosis
COLO-205,PTK2,IAP,3.0,1.0,0.505807039,1.9336665,0.0,1.0,0.4695847,51.47087129,48.58531,large_intestine,MSS/MSI-L,Suspension,PTK2*,Differentiation,EMT/migration,NIAP;XIAP;BIRC2;BIRC3,Cell death,Apoptosis
HCC1143,PIK3C,PARP1,1.0,3.0,0.222628784,1.5694615,51.33507696,0.938671111,10.0,77.79979831,11.57123,breast,MSS/MSI-L,Adherent,PIK3C*,Oncogenic signal,AKT/PI3K,PARP1,DNA repair,DNA Damage Response
M14,ESR1,AKT_1,1.0,1.0,0.038486457,1.0853417,86.76157065,1.0,0.4504276,50.34340797,-2.980538,melanoma,MSS/MSI-L,Adherent,ESR1,Oncogenic signal,Hormonal,AKT*,Oncogenic signal,AKT/PI3K
MFM-223,SLC16A4,MTOR_1,1.0,1.0,1.0,0.0,100.0,0.209087522,2.5700303,29.70394423,-0.9842621,breast,MSS/MSI-L,Adherent,SLC16A3;SLC16A4,Metabolism,Metabolism,MTOR,Oncogenic signal,AKT/PI3K
MDA-MB-453,MTOR_1,ERBB,1.0,3.0,0.075188868,2.2003422,10.96763568,3.0,0.6133918,16.05737997,20.87591,breast,MSS/MSI-L,Adherent,MTOR,Oncogenic signal,AKT/PI3K,EGFR;ERBB*,Oncogenic signal,RTK
Calu-6,PIK3CA_3,IAP,3.0,1.0,0.549159322,0.7977347,84.81191336,0.0001,0.1,46.15852243,19.14654,lung_NSCLC_adenocarcinoma,MSS/MSI-L,Adherent,PIK3CA,Oncogenic signal,AKT/PI3K,NIAP;XIAP;BIRC2;BIRC3,Cell death,Apoptosis
MDA-MB-468,PIK3CA_4,MTOR_1,1.0,1.0,1.0,0.0,100.0,0.414999611,1.4045873,68.63292382,-4.813704,breast,MSS/MSI-L,Adherent,PIK3CA,Oncogenic signal,AKT/PI3K,MTOR,Oncogenic signal,AKT/PI3K
NCI-H2085,Vinorelbine,IAP,3.0,3.0,0.009259856,0.7405117,54.07242566,0.979075626,0.3880411,0.0,85.78378,lung_NSCLC_adenocarcinoma,MSS/MSI-L,Adherent,microtubule;TUBB,DNA repair,Chemo,NIAP;XIAP;BIRC2;BIRC3,Cell death,Apoptosis
CAMA-1,MAP2K_1,BRAF_M2,3.0,3.0,3.0,0.3932891,71.15963267,3.0,0.3675118,58.96374424,15.82581,breast,MSS/MSI-L,Adherent,MAP2K1;MAP2K2,Oncogenic signal,MAPK,BRAF_V600E,Oncogenic signal,MAPK
NCI-H23,Topotecan,PIK3CB,0.1,3.0,0.005425791,0.7184187,62.11324385,0.723316076,0.7765152,54.40302208,-1.396695,lung_NSCLC_adenocarcinoma,MSS/MSI-L,Adherent,TOP1;TOP1MT;DNA,DNA repair,Chemo,PIK3CB,Oncogenic signal,AKT/PI3K
HT-1197,MTOR_1,ATR_4,3.0,3.0,0.50413119,0.8646546,22.8975914,1.606964632,10.0,42.08759687,-11.3501,Bladder,MSS/MSI-L,Adherent,MTOR,Oncogenic signal,AKT/PI3K,ATR,DNA repair,DNA Damage Response
RT4,FGFR,BCL2_BCL2L1_BCL2L2,3.0,3.0,0.438983493,0.8996963,24.86835461,3.0,1.4623864,48.16167043,39.77216,Bladder,MSS/MSI-L,Adherent,FGFR1;FGFR2;FGFR3,Oncogenic signal,RTK,BCL2;BCL2L1;BCL2L2,Cell death,Apoptosis
HCC1143,MAP2K_1,ERBB,1.0,1.0,0.118651306,0.6051671,41.69691614,0.024765711,0.9241656,66.08451067,59.8119,breast,MSS/MSI-L,Adherent,MAP2K1;MAP2K2,Oncogenic signal,MAPK,EGFR;ERBB*,Oncogenic signal,RTK
CAL-148,MAP2K_1,FASN,1.0,1.0,0.051272701,0.5961554,85.30271578,1.0,0.0,100.0,22.76802,breast,MSS/MSI-L,Suspension,MAP2K1;MAP2K2,Oncogenic signal,MAPK,FASN,Metabolism,Metabolism
BT-20,SLC16A4,BCL2_BCL2L1,1.0,1.0,0.193133917,1.6118652,88.76658301,0.334724942,1.4918195,78.18516311,12.81252,breast,MSS/MSI-L,Adherent,SLC16A3;SLC16A4,Metabolism,Metabolism,BCL2;BCL2L1,Cell death,Apoptosis
NCI-H1793,SYK,CSNK2A1_2,3.0,0.1,1.424075243,0.6364631,0.0,0.010352652,1.6933825,7.24401911,61.05855,lung_NSCLC_adenocarcinoma,MSS/MSI-L,Adherent,SYK,Oncogenic signal,Cell Cycle,CSNK2A1,Oncogenic signal,STK
CAL-51,BCL2_BCL2L1,ADAM17,1.0,75.0,1.0,0.5285235,75.60857726,75.0,0.5435993,83.52707301,6.826433,breast,MSS/MSI-L,Adherent,BCL2;BCL2L1,Cell death,Apoptosis,ADAM17,Differentiation,EMT/migration
MDA-MB-468,PIK3C,MTOR_1,3.0,1.0,1.009981455,10.0,37.49882278,0.141170363,1.9261798,18.65901803,-30.89876,breast,MSS/MSI-L,Adherent,PIK3C*,Oncogenic signal,AKT/PI3K,MTOR,Oncogenic signal,AKT/PI3K
NCI-H1299,Vinorelbine,BCL2_2,0.3,3.0,0.054199024,2.1015099,21.58976083,1.0,0.0,100.0,16.40498,lung_NSCLC_large cell,MSS/MSI-L,Adherent,microtubule;TUBB,DNA repair,Chemo,BCL2,Cell death,Apoptosis
HCC1187,MTOR_1,ALK_IGFR,1.0,1.0,0.2703595,10.0,11.89900183,0.122556253,2.1417496,50.85931322,13.26753,breast,MSS/MSI-L,Suspension,MTOR,Oncogenic signal,AKT/PI3K,ALK;IGF*R,Oncogenic signal,AKT/PI3K
HCC1806,PIP5K1,PIK3CB_PIK3CD,1.0,1.0,1.0,0.0,100.0,1.0,0.0,100.0,-14.63024,breast,MSS/MSI-L,Adherent,PIP5K1*,Metabolism,Metabolism,PIK3CB;PIK3CD,Oncogenic signal,AKT/PI3K
T-24,PIK3C,HSP90,3.0,0.3,0.972519686,10.0,67.49950925,0.072100023,3.2759173,7.01708292,-13.32454,Bladder,MSS/MSI-L,Adherent,PIK3C*,Oncogenic signal,AKT/PI3K,HSP90AA1,Cell death,Apoptosis
TCCSUP,MAP2K_1,ATR_4,3.0,3.0,3.0,0.4484916,24.13100673,0.706090879,2.2309853,19.39614188,0.5084117,Bladder,MSS/MSI-L,Adherent,MAP2K1;MAP2K2,Oncogenic signal,MAPK,ATR,DNA repair,DNA Damage Response
BT-20,Chloroquine,AKT_1,3.0,3.0,0.648056956,1.243215,53.3920437,0.896469339,0.8392781,19.48791758,21.74764,breast,MSS/MSI-L,Adherent,Thiamine,other,other,AKT*,Oncogenic signal,AKT/PI3K
CAL-148,PIK3C,AKT_SGK,1.0,1.0,0.303624563,10.0,48.29961574,0.108677809,1.3384894,0.0,19.81082,breast,MSS/MSI-L,Suspension,PIK3C*,Oncogenic signal,AKT/PI3K,AKT*;SGK*,Oncogenic signal,AKT/PI3K
DU-4475,FGFR,ADAM17,1.0,75.0,0.100523783,0.7482343,82.59319334,21.93696412,2.163361,34.61597091,-14.39873,breast,MSS/MSI-L,Suspension,FGFR1;FGFR2;FGFR3,Oncogenic signal,RTK,ADAM17,Differentiation,EMT/migration
CAL-51,EGFR,AKT,0.1,1.0,1.0,0.0,100.0,0.362111803,1.3026298,26.55750988,-4.151493,breast,MSS/MSI-L,Adherent,EGFR,Oncogenic signal,RTK,AKT1;AKT2;AKT3,Oncogenic signal,AKT/PI3K
NCI-H2228,TOP2,Doxorubicin,3.0,0.1,0.000335729,0.134654,0.0,0.03071563,0.6758748,0.0,11.00254,lung_NSCLC_adenocarcinoma,MSS/MSI-L,Adherent,TOP2*;PRKDC,DNA repair,DNA Damage Response,TOP*;DNMT1,DNA repair,Chemo
SW900,Vinorelbine,BCL2_2,0.1,3.0,0.031058422,0.7869186,0.0,3.0,0.25768,58.50695535,-39.80699,lung_NSCLC_squamous_cell_carcinoma,MSS/MSI-L,Adherent,microtubule;TUBB,DNA repair,Chemo,BCL2,Cell death,Apoptosis
NCI-H226,Topotecan,BCL2,0.3,3.0,0.04382589,0.9165898,0.0,3.0,0.7330244,20.32200418,46.71664,lung_NSCLC_squamous_cell_carcinoma,MSS/MSI-L,Adherent,TOP1;TOP1MT;DNA,DNA repair,Chemo,BCL2,Cell death,Apoptosis
TCCSUP,PIM1,PIK3C,3.0,1.0,0.750460433,4.9304596,89.1880076,0.302114271,3.3050199,56.48404495,44.5578,Bladder,MSS/MSI-L,Adherent,PIM1,Oncogenic signal,STK,PIK3C*,Oncogenic signal,AKT/PI3K
NCI-H1703,CarboTaxol,ATR_4,0.01,3.0,0.00236734,3.1265767,7.76946945,0.581683843,1.8865337,12.78967632,-13.78664,lung_NSCLC_adenocarcinoma,MSS/MSI-L,Adherent,DNA,DNA repair,Chemo,ATR,DNA repair,DNA Damage Response
HCC1500,Proteasome_2,FGFR,1.0,1.0,0.008096657,10.0,0.0,0.070812452,0.968439,54.19923362,6.785091,breast,MSS/MSI-L,Adherent,Proteasome,Cell death,Apoptosis,FGFR1;FGFR2;FGFR3,Oncogenic signal,RTK
NCI-H226,CarboTaxol,ATR_4,0.01,3.0,0.001733303,2.7741472,22.73255057,1.302861691,1.9966718,26.52216934,9.070451,lung_NSCLC_squamous_cell_carcinoma,MSS/MSI-L,Adherent,DNA,DNA repair,Chemo,ATR,DNA repair,DNA Damage Response
CAL-120,AKT_1,AKT,1.0,1.0,0.03459917,0.7021456,86.97430966,0.205462749,0.5997523,30.82795025,3.684652,breast,MSS/MSI-L,Adherent,AKT*,Oncogenic signal,AKT/PI3K,AKT1;AKT2;AKT3,Oncogenic signal,AKT/PI3K
HCC1187,TNKS_PARP6,MTOR_1,1.0,1.0,0.017129454,1.9066356,4.2402009,0.268381138,10.0,12.59869868,5.883256,breast,MSS/MSI-L,Suspension,TNKS;PARP6,Oncogenic signal,Cell Cycle,MTOR,Oncogenic signal,AKT/PI3K
CAL-51,MAP2K_1,FASN,1.0,1.0,1.0,0.8252497,74.0592209,1.0,0.4910121,65.08069376,-1.687803,breast,MSS/MSI-L,Adherent,MAP2K1;MAP2K2,Oncogenic signal,MAPK,FASN,Metabolism,Metabolism
HCC1428,AKT_1,AKT,1.0,1.0,0.0001,0.1,84.31880972,0.00813195,10.0,90.42501465,9.317672,breast,MSS/MSI-L,Adherent,AKT*,Oncogenic signal,AKT/PI3K,AKT1;AKT2;AKT3,Oncogenic signal,AKT/PI3K
NCI-H1703,Topotecan,PIK3CB,0.1,3.0,0.06876649,2.446461,0.0,2.279181804,0.5295713,0.0,6.193549,lung_NSCLC_adenocarcinoma,MSS/MSI-L,Adherent,TOP1;TOP1MT;DNA,DNA repair,Chemo,PIK3CB,Oncogenic signal,AKT/PI3K
HCC1954,CSNK2A1_2,AKT,0.1,3.0,0.01468437,1.5005423,0.0,0.099929169,0.4198502,0.0,-20.88213,breast,MSS/MSI-L,Adherent,CSNK2A1,Oncogenic signal,STK,AKT1;AKT2;AKT3,Oncogenic signal,AKT/PI3K
HCC1954,PIK3C,MTOR_1,3.0,1.0,1.01513354,10.0,14.59831665,0.095819313,10.0,20.8494768,31.8205,breast,MSS/MSI-L,Adherent,PIK3C*,Oncogenic signal,AKT/PI3K,MTOR,Oncogenic signal,AKT/PI3K
HT-1197,FGFR,AKT,3.0,1.0,1.000008501,10.0,78.39957291,0.099497542,2.5309997,58.53845263,-3.891046,Bladder,MSS/MSI-L,Adherent,FGFR1;FGFR2;FGFR3,Oncogenic signal,RTK,AKT1;AKT2;AKT3,Oncogenic signal,AKT/PI3K
CAL-51,SLC16A4,MTOR_1,1.0,1.0,0.19459499,2.7625863,93.40781194,0.236502418,1.9279356,25.37922791,10.26145,breast,MSS/MSI-L,Adherent,SLC16A3;SLC16A4,Metabolism,Metabolism,MTOR,Oncogenic signal,AKT/PI3K
NCI-H1299,IAP,ATR_4,1.0,3.0,0.069336659,0.9728287,33.64007252,1.146518007,10.0,41.3961028,23.14916,lung_NSCLC_large cell,MSS/MSI-L,Adherent,NIAP;XIAP;BIRC2;BIRC3,Cell death,Apoptosis,ATR,DNA repair,DNA Damage Response
SW900,EGFR_2,ALK,1.0,3.0,1.0,0.4001994,55.99851327,1.453886255,0.5300693,0.0,15.63059,lung_NSCLC_squamous_cell_carcinoma,MSS/MSI-L,Adherent,EGFR,Oncogenic signal,RTK,ALK,Oncogenic signal,AKT/PI3K
MDA-MB-468,EGFR,AKT_1,0.1,1.0,0.040987363,0.9559652,58.08535914,1.0,0.7419602,11.03481013,69.06695,breast,MSS/MSI-L,Adherent,EGFR,Oncogenic signal,RTK,AKT*,Oncogenic signal,AKT/PI3K
NCI-H522,Vinorelbine,BCL2_2,0.01,3.0,0.003753507,10.0,68.79826782,3.0,0.4343812,70.79628391,-16.24268,lung_NSCLC_adenocarcinoma,MSS/MSI-L,Adherent,microtubule;TUBB,DNA repair,Chemo,BCL2,Cell death,Apoptosis
MFM-223,FGFR,AKT_SGK,1.0,1.0,0.098941607,0.9535425,18.46315845,0.105223598,1.3491604,11.51599662,18.88901,breast,MSS/MSI-L,Adherent,FGFR1;FGFR2;FGFR3,Oncogenic signal,RTK,AKT*;SGK*,Oncogenic signal,AKT/PI3K
MDA-MB-157,PIK3C_2,AKT_1,1.0,1.0,1.0,0.6439381,21.75297314,0.110544697,10.0,65.34964095,-7.4713,breast,MSS/MSI-L,Adherent,PIK3C*,Oncogenic signal,AKT/PI3K,AKT*,Oncogenic signal,AKT/PI3K
NCI-H2170,PIK3CB,IAP,3.0,3.0,3.0,0.3327288,64.6281062,3.0,0.4805591,47.6016227,10.56155,lung_NSCLC_squamous_cell_carcinoma,MSS/MSI-L,Adherent,PIK3CB,Oncogenic signal,AKT/PI3K,NIAP;XIAP;BIRC2;BIRC3,Cell death,Apoptosis
NCI-H522,CSNK2A1_2,Carboplatin,0.03,3.0,0.004552515,4.2111218,7.10148029,2.808466488,1.3489433,0.0,20.15778,lung_NSCLC_adenocarcinoma,MSS/MSI-L,Adherent,CSNK2A1,Oncogenic signal,STK,DNA,DNA repair,Chemo
NCI-H1437,Topotecan,IAP,0.1,1.0,0.057305905,1.1156023,0.0,0.0001,0.1,53.61059083,18.65037,lung_NSCLC_adenocarcinoma,MSS/MSI-L,Adherent,TOP1;TOP1MT;DNA,DNA repair,Chemo,NIAP;XIAP;BIRC2;BIRC3,Cell death,Apoptosis
MDA-MB-157,MAP2K_1,EGFR,1.0,0.1,0.043613945,2.8570593,78.02605306,1.0,0.0,100.0,30.31395,breast,MSS/MSI-L,Adherent,MAP2K1;MAP2K2,Oncogenic signal,MAPK,EGFR,Oncogenic signal,RTK
MDA-MB-157,MAP2K_1,BCL2_BCL2L1,1.0,1.0,0.039941184,1.5098947,64.28179021,1.0,0.2164985,82.11828684,5.45353,breast,MSS/MSI-L,Adherent,MAP2K1;MAP2K2,Oncogenic signal,MAPK,BCL2;BCL2L1,Cell death,Apoptosis
NCI-H2228,IAP,Doxorubicin,0.3,0.1,0.003133106,0.6944565,26.85995998,0.035541657,0.6654352,0.0,37.0483,lung_NSCLC_adenocarcinoma,MSS/MSI-L,Adherent,NIAP;XIAP;BIRC2;BIRC3,Cell death,Apoptosis,TOP*;DNMT1,DNA repair,Chemo
Hs-578-T,BCL2_BCL2L1,AKT_SGK,1.0,1.0,1.0,0.3618156,71.62146764,0.179870453,1.5255034,34.63459522,19.10105,breast,MSS/MSI-L,Adherent,BCL2;BCL2L1,Cell death,Apoptosis,AKT*;SGK*,Oncogenic signal,AKT/PI3K
NCI-H520,FGFR,AKT,3.0,3.0,0.069450068,3.4037957,68.08554204,0.349319928,1.4734397,37.47236707,51.87377,lung_NSCLC_squamous_cell_carcinoma,MSS/MSI-L,Adherent,FGFR1;FGFR2;FGFR3,Oncogenic signal,RTK,AKT1;AKT2;AKT3,Oncogenic signal,AKT/PI3K
MDA-MB-436,PIP5K1,AKT,1.0,1.0,1.0,10.0,94.20008514,0.299489335,2.5950608,73.60009077,-4.615945,breast,MSS/MSI-L,Adherent,PIP5K1*,Metabolism,Metabolism,AKT1;AKT2;AKT3,Oncogenic signal,AKT/PI3K
HCC38,BCL2_BCL2L1,ATR_4,1.0,1.0,0.161452397,2.2837906,7.58756056,0.34120254,0.9284739,0.0,-12.10795,breast,MSS/MSI-L,Adherent,BCL2;BCL2L1,Cell death,Apoptosis,ATR,DNA repair,DNA Damage Response
BT-20,MTOR_1,ERBB,1.0,1.0,0.303612689,1.3102269,17.26390679,0.163462809,3.2425911,67.24134533,7.107197,breast,MSS/MSI-L,Adherent,MTOR,Oncogenic signal,AKT/PI3K,EGFR;ERBB*,Oncogenic signal,RTK
HCC1187,MAP2K_1,BCL2_BCL2L1,1.0,1.0,0.011109779,0.9663252,51.45662141,1.0,0.0,100.0,-8.885992,breast,MSS/MSI-L,Suspension,MAP2K1;MAP2K2,Oncogenic signal,MAPK,BCL2;BCL2L1,Cell death,Apoptosis
MDA-MB-231,PIK3CA_4,AKT,1.0,1.0,0.293974105,10.0,91.09994438,1.0,0.8885027,72.06671095,-1.718373,breast,MSS/MSI-L,Adherent,PIK3CA,Oncogenic signal,AKT/PI3K,AKT1;AKT2;AKT3,Oncogenic signal,AKT/PI3K
BT-20,FGFR,AKT_SGK,1.0,1.0,1.0,1.5848531,66.77179576,1.0,1.2620162,21.746171,19.64844,breast,MSS/MSI-L,Adherent,FGFR1;FGFR2;FGFR3,Oncogenic signal,RTK,AKT*;SGK*,Oncogenic signal,AKT/PI3K
MDA-MB-231,MTOR_1,ESR1,1.0,1.0,0.439341073,1.1089629,21.0862109,1.0,0.0,100.0,14.12636,breast,MSS/MSI-L,Adherent,MTOR,Oncogenic signal,AKT/PI3K,ESR1,Oncogenic signal,Hormonal
MDA-MB-453,PIK3CA_4,PIK3C_2,1.0,1.0,0.165314472,1.0350254,0.0,0.359187991,1.9841012,0.0,-1.126951,breast,MSS/MSI-L,Adherent,PIK3CA,Oncogenic signal,AKT/PI3K,PIK3C*,Oncogenic signal,AKT/PI3K
UM-UC-3,PIK3C,HSP90,3.0,0.3,2.016544618,1.4169645,5.36801888,0.160491061,2.9947902,0.0,-4.968216,Bladder,MSS/MSI-L,Adherent,PIK3C*,Oncogenic signal,AKT/PI3K,HSP90AA1,Cell death,Apoptosis
CAMA-1,TNKS_PARP6,MTOR_1,1.0,1.0,0.0274908,1.7626486,22.62512171,0.330449544,2.5521483,20.1386716,0.3666923,breast,MSS/MSI-L,Adherent,TNKS;PARP6,Oncogenic signal,Cell Cycle,MTOR,Oncogenic signal,AKT/PI3K
C32,TKI,IGFR_3,3.0,10.0,3.0,2.8288357,39.61688493,9.541732588,4.967909,0.0,-4.845865,melanoma,MSS/MSI-L,Adherent,KDR;EGFR;RET,Oncogenic signal,RTK,IGF*R,Oncogenic signal,RTK
MDA-MB-231,SLC16A4,FGFR,1.0,1.0,0.250066358,2.018459,42.8064373,1.0,0.0,100.0,8.948521,breast,MSS/MSI-L,Adherent,SLC16A3;SLC16A4,Metabolism,Metabolism,FGFR1;FGFR2;FGFR3,Oncogenic signal,RTK
NCI-H520,TNFSF10,CSNK2A1_2,0.03,0.03,1.0,0.0,100.0,0.006865065,1.5855805,17.57105283,-4.959348,lung_NSCLC_squamous_cell_carcinoma,MSS/MSI-L,Adherent,TNFSF10,Cell death,Apoptosis,CSNK2A1,Oncogenic signal,STK
HCC1143,PIP5K1,PIK3CB_PIK3CD,1.0,1.0,0.014726503,1.2779344,82.69463008,0.262626331,1.5236974,67.1100577,-19.1748,breast,MSS/MSI-L,Adherent,PIP5K1*,Metabolism,Metabolism,PIK3CB;PIK3CD,Oncogenic signal,AKT/PI3K
SW837,PIK3CB,IAP,10.0,1.0,1.132809296,0.6574268,84.17865345,0.20423205,2.1992969,73.00018608,5.737254,large_intestine,MSS/MSI-L,Adherent,PIK3CB,Oncogenic signal,AKT/PI3K,NIAP;XIAP;BIRC2;BIRC3,Cell death,Apoptosis
BT-20,SLC16A4,MAP2K_1,1.0,1.0,1.0,0.583705,73.61487793,1.0,0.4516731,4.97287542,14.30177,breast,MSS/MSI-L,Adherent,SLC16A3;SLC16A4,Metabolism,Metabolism,MAP2K1;MAP2K2,Oncogenic signal,MAPK
HCC1419,AKT_1,AKT,1.0,1.0,0.047452401,1.8277365,38.13383498,0.292130913,10.0,43.99965124,15.77021,breast,MSS/MSI-L,Adherent,AKT*,Oncogenic signal,AKT/PI3K,AKT1;AKT2;AKT3,Oncogenic signal,AKT/PI3K
NCI-H226,TOP2,ALK_2,3.0,3.0,2.88165774,2.084269,0.0,1.289816035,1.0681904,0.0,42.49975,lung_NSCLC_squamous_cell_carcinoma,MSS/MSI-L,Adherent,TOP2*;PRKDC,DNA repair,DNA Damage Response,ALK,Oncogenic signal,RTK
BT-474,PIK3C,ESR1_1,3.0,3.0,0.626068687,1.8026778,0.0,0.0003,0.1,62.99703512,61.02119,breast,MSS/MSI-L,Adherent,PIK3C*,Oncogenic signal,AKT/PI3K,ESR1,Oncogenic signal,Hormonal
DMS-114,TOP2_2,PIM1,3.0,3.0,0.637077289,1.3609924,0.0,0.778399883,4.9033162,85.7805032,44.70102,lung_small_cell_carcinoma,MSS/MSI-L,Adherent,TOP2*,DNA repair,Chemo,PIM1,Oncogenic signal,STK
HCC1419,PIK3C,AKT_1,3.0,3.0,0.429024238,1.0287799,13.87841669,0.13305282,0.8472827,29.24266318,35.4976,breast,MSS/MSI-L,Adherent,PIK3C*,Oncogenic signal,AKT/PI3K,AKT*,Oncogenic signal,AKT/PI3K
DU-4475,EGFR,AKT,0.1,1.0,0.019229042,10.0,82.76719406,0.582621234,0.5089232,0.0,6.553296,breast,MSS/MSI-L,Suspension,EGFR,Oncogenic signal,RTK,AKT1;AKT2;AKT3,Oncogenic signal,AKT/PI3K
CAL-51,AKT,ADAM17,1.0,75.0,1.0,0.7269842,11.15084267,75.0,0.3750427,76.65647869,0.3154222,breast,MSS/MSI-L,Adherent,AKT1;AKT2;AKT3,Oncogenic signal,AKT/PI3K,ADAM17,Differentiation,EMT/migration
SW48,JAK,IAP,3.0,1.0,0.67331293,1.5848742,0.0,0.0001,0.1,82.277743,-2.786328,large_intestine,MSI-H,Adherent,JAK1;JAK2,Oncogenic signal,Cell Cycle,NIAP;XIAP;BIRC2;BIRC3,Cell death,Apoptosis
HCC1954,EGFR_2,AKT_1,3.0,3.0,0.223736655,1.9575749,43.26745134,1.412989503,0.9118778,0.0,66.96092,breast,MSS/MSI-L,Adherent,EGFR,Oncogenic signal,RTK,AKT*,Oncogenic signal,AKT/PI3K
CAMA-1,SLC16A4,MTOR_1,1.0,1.0,1.0,0.0,100.0,0.537746376,1.3719224,0.0,5.515902,breast,MSS/MSI-L,Adherent,SLC16A3;SLC16A4,Metabolism,Metabolism,MTOR,Oncogenic signal,AKT/PI3K
HT-1197,PARP1,HDAC_4,3.0,3.0,3.0,0.4478073,13.43022846,1.029591632,1.4645972,2.77224068,1.82154,Bladder,MSS/MSI-L,Adherent,PARP1,DNA repair,DNA Damage Response,HDAC*,Differentiation,Epigenetic
MDA-MB-157,PIP5K1,PIK3CB_PIK3CD,1.0,1.0,1.0,0.0,100.0,0.697560716,0.3803066,17.27060396,-9.560019,breast,MSS/MSI-L,Adherent,PIP5K1*,Metabolism,Metabolism,PIK3CB;PIK3CD,Oncogenic signal,AKT/PI3K
NCI-H522,MTOR_1,ALK,3.0,3.0,0.110423941,0.9351451,28.16219078,0.968031559,0.863131,0.0,25.11231,lung_NSCLC_adenocarcinoma,MSS/MSI-L,Adherent,MTOR,Oncogenic signal,AKT/PI3K,ALK,Oncogenic signal,AKT/PI3K
HT-29,PTK2,MAP2K_1,10.0,3.0,0.666164507,4.5479469,7.22550623,0.089858669,1.2091545,23.54688391,2.434542,large_intestine,MSS/MSI-L,Adherent,PTK2*,Differentiation,EMT/migration,MAP2K1;MAP2K2,Oncogenic signal,MAPK
NCI-H3122,PIK3CB,ALK_2,3.0,3.0,0.037262849,10.0,87.32489704,0.04300968,1.9028715,0.0,35.25554,lung_NSCLC_adenocarcinoma,MSS/MSI-L,Adherent,PIK3CB,Oncogenic signal,AKT/PI3K,ALK,Oncogenic signal,RTK
HCC1937,PIK3CB_PIK3CD,AKT_1,1.0,1.0,1.0,0.3816037,44.90489642,0.728033868,0.7550818,52.27714621,33.16214,breast,MSS/MSI-L,Adherent,PIK3CB;PIK3CD,Oncogenic signal,AKT/PI3K,AKT*,Oncogenic signal,AKT/PI3K
MDA-MB-231,PIK3CA_4,PIK3C_2,1.0,1.0,1.0,0.6573465,76.14624843,1.0,1.3260866,29.93884242,9.045958,breast,MSS/MSI-L,Adherent,PIK3CA,Oncogenic signal,AKT/PI3K,PIK3C*,Oncogenic signal,AKT/PI3K
HCC1143,PIK3C_2,AKT_1,1.0,1.0,0.344056453,2.1956105,57.02929024,1.0,0.6784798,46.09945036,2.044941,breast,MSS/MSI-L,Adherent,PIK3C*,Oncogenic signal,AKT/PI3K,AKT*,Oncogenic signal,AKT/PI3K
NCI-H23,PIK3CA_3,IAP,3.0,1.0,3.0,0.785243,20.7673692,0.006788971,1.4636831,46.16671486,29.20975,lung_NSCLC_adenocarcinoma,MSS/MSI-L,Adherent,PIK3CA,Oncogenic signal,AKT/PI3K,NIAP;XIAP;BIRC2;BIRC3,Cell death,Apoptosis
MDA-MB-453,PIP5K1,AKT,1.0,1.0,0.316366403,10.0,94.59985668,0.278302757,1.2037865,18.36342366,6.07526,breast,MSS/MSI-L,Adherent,PIP5K1*,Metabolism,Metabolism,AKT1;AKT2;AKT3,Oncogenic signal,AKT/PI3K
CAL-148,PIP5K1,PIK3CB_PIK3CD,1.0,1.0,1.0,0.0,100.0,0.337679849,2.9631025,19.39552765,-10.30196,breast,MSS/MSI-L,Suspension,PIP5K1*,Metabolism,Metabolism,PIK3CB;PIK3CD,Oncogenic signal,AKT/PI3K
NCI-H838,CSNK2A1_2,Carboplatin,0.1,3.0,0.008272778,3.7110122,6.79267906,2.693913068,1.5999744,0.0,-1.941142,lung_NSCLC_adenocarcinoma,MSS/MSI-L,Adherent,CSNK2A1,Oncogenic signal,STK,DNA,DNA repair,Chemo
HCC1187,EGFR,BCL2_BCL2L1,0.1,1.0,1.0,0.0,100.0,1.0,0.0,100.0,-8.017595,breast,MSS/MSI-L,Suspension,EGFR,Oncogenic signal,RTK,BCL2;BCL2L1,Cell death,Apoptosis
CAL-120,MAP2K_1,EGFR,1.0,0.1,0.017951961,10.0,93.95309874,1.0,0.0,100.0,6.416326,breast,MSS/MSI-L,Adherent,MAP2K1;MAP2K2,Oncogenic signal,MAPK,EGFR,Oncogenic signal,RTK
LS-513,MAP2K_1,IGFR_4,0.3,10.0,0.103894677,1.6892988,23.47383026,0.121055458,1.6833024,9.35180891,10.56,large_intestine,MSS/MSI-L,Adherent,MAP2K1;MAP2K2,Oncogenic signal,MAPK,IGF*R,Oncogenic signal,RTK
MDA-MB-231,MTOR_1,ATR_4,1.0,1.0,0.709515367,0.7835275,0.0,1.0,10.0,60.60021681,-29.82461,breast,MSS/MSI-L,Adherent,MTOR,Oncogenic signal,AKT/PI3K,ATR,DNA repair,DNA Damage Response
MFM-223,EGFR,AKT,0.1,1.0,0.037109016,10.0,87.79939362,0.292691959,1.1361634,4.43343264,-22.871,breast,MSS/MSI-L,Adherent,EGFR,Oncogenic signal,RTK,AKT1;AKT2;AKT3,Oncogenic signal,AKT/PI3K
NCI-H522,PIK3C,ALK,3.0,3.0,2.678185515,0.7421142,12.95598574,1.455133921,1.6847307,0.0,27.61071,lung_NSCLC_adenocarcinoma,MSS/MSI-L,Adherent,PIK3C*,Oncogenic signal,AKT/PI3K,ALK,Oncogenic signal,AKT/PI3K
VM-CUB-1,PIK3C,PARP1,3.0,3.0,3.0,3.0056465,1.81419798,1.0,0.0,100.0,25.35557,Bladder,MSS/MSI-L,Adherent,PIK3C*,Oncogenic signal,AKT/PI3K,PARP1,DNA repair,DNA Damage Response
NCI-H1975,EGFR_2,ALK,1.0,3.0,0.323376613,3.7794389,87.4263093,0.54797456,1.274686,0.0,0.797784,lung_NSCLC_adenocarcinoma,MSS/MSI-L,Adherent,EGFR,Oncogenic signal,RTK,ALK,Oncogenic signal,AKT/PI3K
SW620,PIK3C,MAP2K_1,3.0,0.3,3.0,0.3411807,42.80085486,0.3,0.6553252,12.28290004,28.905,large_intestine,MSS/MSI-L,Adherent,PIK3C*,Oncogenic signal,AKT/PI3K,MAP2K1;MAP2K2,Oncogenic signal,MAPK
NCI-H1437,TOP2,Doxorubicin,3.0,0.3,0.449047795,3.3835681,33.28114562,0.012345255,2.7171299,9.80819151,-10.07995,lung_NSCLC_adenocarcinoma,MSS/MSI-L,Adherent,TOP2*;PRKDC,DNA repair,DNA Damage Response,TOP*;DNMT1,DNA repair,Chemo
MDA-MB-361,PIK3C_MTOR,FGFR,1.0,1.0,0.10637313,1.1026626,4.45221372,0.048188299,1.1684245,88.91778886,2.826144,breast,MSS/MSI-L,Adherent,PIK3C*;MTOR,Oncogenic signal,AKT/PI3K,FGFR1;FGFR2;FGFR3,Oncogenic signal,RTK
NCI-H2085,CarboTaxol,ATR_4,1.0,3.0,0.00908262,10.0,41.12491913,1.190733503,10.0,67.6968648,2.527115,lung_NSCLC_adenocarcinoma,MSS/MSI-L,Adherent,DNA,DNA repair,Chemo,ATR,DNA repair,DNA Damage Response
NCI-H1437,CarboTaxol,BCL2L1,0.003,3.0,0.00112076,1.0724686,0.0,0.180776827,1.1139149,74.18521764,12.14456,lung_NSCLC_adenocarcinoma,MSS/MSI-L,Adherent,DNA,DNA repair,Chemo,BCL2L1,Cell death,Apoptosis
MDA-MB-453,PIK3C,MAP2K_3,3.0,0.3,0.725841015,0.6585443,8.4384959,1.0,0.0,100.0,-46.61906,breast,MSS/MSI-L,Adherent,PIK3C*,Oncogenic signal,AKT/PI3K,MAP2K*,Oncogenic signal,MAPK
HCC70,PIK3CB_PIK3CD,PARP1,1.0,3.0,0.118887782,0.9539354,0.0,0.561011455,10.0,92.29867482,1.029495,breast,MSS/MSI-L,Adherent,PIK3CB;PIK3CD,Oncogenic signal,AKT/PI3K,PARP1,DNA repair,DNA Damage Response
NCI-H1793,PIK3C,ADAM17,3.0,10.0,0.57493283,0.9984146,5.43699364,0.0926637,10.0,74.6249566,53.52265,lung_NSCLC_adenocarcinoma,MSS/MSI-L,Adherent,PIK3C*,Oncogenic signal,AKT/PI3K,ADAM17,Differentiation,EMT/migration
NCI-H1793,MTOR_1,ALK_2,3.0,3.0,0.083484386,1.073343,18.8102014,3.0,0.7137626,24.51641872,57.63945,lung_NSCLC_adenocarcinoma,MSS/MSI-L,Adherent,MTOR,Oncogenic signal,AKT/PI3K,ALK,Oncogenic signal,RTK
NCI-H2228,PIK3CA_3,CSNK2A1_2,3.0,0.1,0.213391565,0.5891813,54.01807348,0.061233245,0.7123825,0.0,30.77961,lung_NSCLC_adenocarcinoma,MSS/MSI-L,Adherent,PIK3CA,Oncogenic signal,AKT/PI3K,CSNK2A1,Oncogenic signal,STK
MDA-MB-415,ERBB,AKT,3.0,3.0,1.0,0.0,100.0,0.001394273,0.3428545,5.93422118,7.746167,breast,MSS/MSI-L,Adherent,EGFR;ERBB*,Oncogenic signal,RTK,AKT1;AKT2;AKT3,Oncogenic signal,AKT/PI3K
NCI-H2228,PIK3CB,ALK_2,3.0,3.0,3.0,0.6207351,17.19878436,0.010570606,0.2609588,0.0,34.53177,lung_NSCLC_adenocarcinoma,MSS/MSI-L,Adherent,PIK3CB,Oncogenic signal,AKT/PI3K,ALK,Oncogenic signal,RTK
CAL-148,SLC16A4,MAP2K_1,1.0,1.0,1.0,0.0,100.0,0.03747424,10.0,90.7665511,30.3659,breast,MSS/MSI-L,Suspension,SLC16A3;SLC16A4,Metabolism,Metabolism,MAP2K1;MAP2K2,Oncogenic signal,MAPK
HCC38,MTOR_1,MAP2K_1,1.0,1.0,1.0,0.5380902,43.60465865,0.0001,0.1,88.55524637,4.534253,breast,MSS/MSI-L,Adherent,MTOR,Oncogenic signal,AKT/PI3K,MAP2K1;MAP2K2,Oncogenic signal,MAPK
CAL-148,SLC16A4,FGFR,1.0,1.0,1.0,0.0,100.0,1.0,0.0,100.0,-4.248202,breast,MSS/MSI-L,Suspension,SLC16A3;SLC16A4,Metabolism,Metabolism,FGFR1;FGFR2;FGFR3,Oncogenic signal,RTK
HCC1428,SLC16A4,PIK3CB_PIK3CD,1.0,1.0,0.085430823,0.4260729,88.90069501,1.0,10.0,91.60004008,7.800429,breast,MSS/MSI-L,Adherent,SLC16A3;SLC16A4,Metabolism,Metabolism,PIK3CB;PIK3CD,Oncogenic signal,AKT/PI3K
HCC1395,SLC16A4,BCL2_BCL2L1,1.0,1.0,0.292236473,10.0,93.09989427,1.0,2.11808,88.20313781,17.3869,breast,MSS/MSI-L,Adherent,SLC16A3;SLC16A4,Metabolism,Metabolism,BCL2;BCL2L1,Cell death,Apoptosis
NCI-H1437,IAP,BCL2L1,1.0,3.0,1.0,0.4196767,34.07536676,3.0,0.2687824,64.57176063,58.52006,lung_NSCLC_adenocarcinoma,MSS/MSI-L,Adherent,NIAP;XIAP;BIRC2;BIRC3,Cell death,Apoptosis,BCL2L1,Cell death,Apoptosis
CAMA-1,ESR1,AKT_1,1.0,1.0,0.054632006,1.3999442,56.8561087,0.317909498,10.0,29.79924442,33.99801,breast,MSS/MSI-L,Adherent,ESR1,Oncogenic signal,Hormonal,AKT*,Oncogenic signal,AKT/PI3K
T-24,IAP,CHEK1,1.0,1.0,1.0,0.5401121,71.20590009,0.261033914,10.0,1.09966134,33.94628,Bladder,MSS/MSI-L,Adherent,NIAP;XIAP;BIRC2;BIRC3,Cell death,Apoptosis,CHEK1,DNA repair,DNA Damage Response
RKO,PIK3C,IAP,10.0,1.0,1.610539666,2.495732,16.16149392,1.0,0.8004969,73.862529,41.28758,large_intestine,MSI-H,Adherent,PIK3C*,Oncogenic signal,AKT/PI3K,NIAP;XIAP;BIRC2;BIRC3,Cell death,Apoptosis
NCI-H520,TOP2_2,PIM1,3.0,3.0,2.794214042,1.1104363,0.0,1.0,0.0,100.0,77.16998,lung_NSCLC_squamous_cell_carcinoma,MSS/MSI-L,Adherent,TOP2*,DNA repair,Chemo,PIM1,Oncogenic signal,STK
MDA-MB-415,BCL2_2,AKT_1,3.0,3.0,3.0,10.0,64.80063028,0.276957501,1.2965311,43.02539522,14.28034,breast,MSS/MSI-L,Adherent,BCL2,Cell death,Apoptosis,AKT*,Oncogenic signal,AKT/PI3K
NCI-H2291,CSNK2A1_2,ALK,0.01,3.0,0.002252933,2.1396115,25.40129153,1.440152182,0.7961276,0.0,16.91483,lung_NSCLC_adenocarcinoma,MSS/MSI-L,Adherent,CSNK2A1,Oncogenic signal,STK,ALK,Oncogenic signal,AKT/PI3K
Hs-578-T,MAP2K_1,BCL2_BCL2L1,1.0,1.0,0.260598711,1.7016111,78.92818475,0.088659424,10.0,72.04958557,-28.52749,breast,MSS/MSI-L,Adherent,MAP2K1;MAP2K2,Oncogenic signal,MAPK,BCL2;BCL2L1,Cell death,Apoptosis
MDA-MB-436,PIK3CB_PIK3CD,ADAM17,1.0,75.0,0.286174654,1.0945051,63.13176947,1.0,0.0,100.0,3.653325,breast,MSS/MSI-L,Adherent,PIK3CB;PIK3CD,Oncogenic signal,AKT/PI3K,ADAM17,Differentiation,EMT/migration
EVSA-T,PIK3C,MAP2K_1,3.0,3.0,0.515766577,1.8796189,9.17950217,3.0,0.4602792,73.78310852,-0.7758993,breast,MSS/MSI-L,Adherent,PIK3C*,Oncogenic signal,AKT/PI3K,MAP2K1;MAP2K2,Oncogenic signal,MAPK
HCC1143,TNKS_PARP6,FGFR,1.0,1.0,0.030641429,1.7071686,24.36769259,1.0,0.0,100.0,0.5520839,breast,MSS/MSI-L,Adherent,TNKS;PARP6,Oncogenic signal,Cell Cycle,FGFR1;FGFR2;FGFR3,Oncogenic signal,RTK
Calu-6,Topotecan,IAP,0.1,1.0,0.034594017,1.6411234,21.62052441,0.0001,0.1,37.16916878,46.49813,lung_NSCLC_adenocarcinoma,MSS/MSI-L,Adherent,TOP1;TOP1MT;DNA,DNA repair,Chemo,NIAP;XIAP;BIRC2;BIRC3,Cell death,Apoptosis
HCC1187,MAP2K_1,ATR_4,1.0,1.0,0.037288204,0.7344054,49.1081666,1.0,1.8538812,11.42543362,-7.579501,breast,MSS/MSI-L,Suspension,MAP2K1;MAP2K2,Oncogenic signal,MAPK,ATR,DNA repair,DNA Damage Response
NCI-H3122,IAP,BCL2L1,0.3,3.0,0.3,0.227464,71.04845095,0.042019295,1.6438364,77.05499616,48.75784,lung_NSCLC_adenocarcinoma,MSS/MSI-L,Adherent,NIAP;XIAP;BIRC2;BIRC3,Cell death,Apoptosis,BCL2L1,Cell death,Apoptosis
647-V,Cisplatin,AKT,3.0,3.0,1.185152395,2.6478915,0.0,0.439128028,1.3582447,2.02497431,12.96846,Bladder,MSS/MSI-L,Adherent,DNA,DNA repair,Chemo,AKT1;AKT2;AKT3,Oncogenic signal,AKT/PI3K
NCI-H2228,PIK3C,ADAM17,1.0,10.0,0.604803834,0.9044603,12.20455346,8.080459472,2.0900931,0.0,38.74875,lung_NSCLC_adenocarcinoma,MSS/MSI-L,Adherent,PIK3C*,Oncogenic signal,AKT/PI3K,ADAM17,Differentiation,EMT/migration
HCC38,SLC16A4,MTOR_1,1.0,1.0,1.0,0.0,100.0,1.0,0.6067401,69.54839857,-29.67223,breast,MSS/MSI-L,Adherent,SLC16A3;SLC16A4,Metabolism,Metabolism,MTOR,Oncogenic signal,AKT/PI3K
HCC1395,MAP2K_1,EGFR,1.0,0.1,1.0,0.3222041,58.562585,0.000197199,0.4572,91.96002434,18.44785,breast,MSS/MSI-L,Adherent,MAP2K1;MAP2K2,Oncogenic signal,MAPK,EGFR,Oncogenic signal,RTK
M14,PIM1,PIK3C,1.0,1.0,1.0,0.21255,65.12962101,0.756605615,0.8819163,0.0,11.77574,melanoma,MSS/MSI-L,Adherent,PIM1,Oncogenic signal,STK,PIK3C*,Oncogenic signal,AKT/PI3K
HCC1806,ALK_IGFR,AKT,1.0,1.0,0.370427972,10.0,45.49734625,0.365587767,10.0,70.39873617,33.26235,breast,MSS/MSI-L,Adherent,ALK;IGF*R,Oncogenic signal,AKT/PI3K,AKT1;AKT2;AKT3,Oncogenic signal,AKT/PI3K
NCI-H1793,TOP2,ALK_2,3.0,3.0,2.088923611,1.1851309,0.0,3.0,0.7054285,25.04640108,38.39177,lung_NSCLC_adenocarcinoma,MSS/MSI-L,Adherent,TOP2*;PRKDC,DNA repair,DNA Damage Response,ALK,Oncogenic signal,RTK
CAL-148,FGFR,BCL2_BCL2L1,1.0,1.0,1.0,0.0,100.0,0.328788466,10.0,43.29915405,10.74788,breast,MSS/MSI-L,Suspension,FGFR1;FGFR2;FGFR3,Oncogenic signal,RTK,BCL2;BCL2L1,Cell death,Apoptosis
BFTC-905,ERBB,AKT,3.0,3.0,1.0,0.0,100.0,0.304681813,10.0,54.69988135,114.3452,Bladder,MSS/MSI-L,Adherent,EGFR;ERBB*,Oncogenic signal,RTK,AKT1;AKT2;AKT3,Oncogenic signal,AKT/PI3K
T-24,PARP1,HDAC_4,3.0,3.0,3.0,1.6022412,12.48910923,1.106931046,10.0,11.59586212,-16.14572,Bladder,MSS/MSI-L,Adherent,PARP1,DNA repair,DNA Damage Response,HDAC*,Differentiation,Epigenetic
T-24,PIK3C,Cisplatin,3.0,3.0,1.104154443,2.6407324,53.50628135,1.551424911,10.0,26.39944997,-1.497248,Bladder,MSS/MSI-L,Adherent,PIK3C*,Oncogenic signal,AKT/PI3K,DNA,DNA repair,Chemo
HCC1187,FGFR,EGFR,1.0,0.1,1.0,0.0,100.0,1.0,0.0,100.0,-4.470391,breast,MSS/MSI-L,Suspension,FGFR1;FGFR2;FGFR3,Oncogenic signal,RTK,EGFR,Oncogenic signal,RTK
EVSA-T,MTOR_1,ESR1_3,1.0,3.0,0.142018729,1.3851926,2.25843868,3.0,0.6040967,45.5692872,17.99035,breast,MSS/MSI-L,Adherent,MTOR,Oncogenic signal,AKT/PI3K,ESR1,Oncogenic signal,Hormonal
T-24,PIM1,PIK3C,3.0,3.0,1.0,0.0,100.0,1.159049737,10.0,44.0958557,3.578123,Bladder,MSS/MSI-L,Adherent,PIM1,Oncogenic signal,STK,PIK3C*,Oncogenic signal,AKT/PI3K
TCCSUP,FGFR,BCL2_BCL2L1,3.0,3.0,0.038736773,1.6108175,58.9379396,3.0,10.0,88.00007464,55.91841,Bladder,MSS/MSI-L,Adherent,FGFR1;FGFR2;FGFR3,Oncogenic signal,RTK,BCL2;BCL2L1,Cell death,Apoptosis
MDA-MB-453,MTOR_1,ALK_IGFR,1.0,1.0,0.272983643,10.0,12.89937471,0.309298729,10.0,23.39933197,1.396803,breast,MSS/MSI-L,Adherent,MTOR,Oncogenic signal,AKT/PI3K,ALK;IGF*R,Oncogenic signal,AKT/PI3K
NCI-H2291,IAP,ATR_4,3.0,3.0,3.0,1.3749465,40.16573289,1.114289451,10.0,51.79758007,2.858895,lung_NSCLC_adenocarcinoma,MSS/MSI-L,Adherent,NIAP;XIAP;BIRC2;BIRC3,Cell death,Apoptosis,ATR,DNA repair,DNA Damage Response
HCC1187,FGFR,AKT_SGK,1.0,1.0,1.0,10.0,94.40000713,0.454401923,0.8409505,23.45417743,8.020787,breast,MSS/MSI-L,Suspension,FGFR1;FGFR2;FGFR3,Oncogenic signal,RTK,AKT*;SGK*,Oncogenic signal,AKT/PI3K
MDA-MB-436,FGFR,BCL2_BCL2L1,1.0,1.0,0.350221273,10.0,94.29983588,0.262555979,10.0,92.79908735,-9.931216,breast,MSS/MSI-L,Adherent,FGFR1;FGFR2;FGFR3,Oncogenic signal,RTK,BCL2;BCL2L1,Cell death,Apoptosis
MFM-223,MAP2K_1,ERBB,1.0,1.0,1.0,10.0,93.80009681,1.0,0.0,100.0,-18.62169,breast,MSS/MSI-L,Adherent,MAP2K1;MAP2K2,Oncogenic signal,MAPK,EGFR;ERBB*,Oncogenic signal,RTK
CAL-148,FASN,BCL2_BCL2L1,1.0,1.0,0.302232182,10.0,94.59996274,0.316074726,1.8726829,24.89368325,8.727391,breast,MSS/MSI-L,Suspension,FASN,Metabolism,Metabolism,BCL2;BCL2L1,Cell death,Apoptosis
CAL-51,MAP2K_1,BCL2_BCL2L1,1.0,1.0,0.656250671,0.6887323,75.01603661,1.0,0.8263565,68.08647424,-1.698441,breast,MSS/MSI-L,Adherent,MAP2K1;MAP2K2,Oncogenic signal,MAPK,BCL2;BCL2L1,Cell death,Apoptosis
HCC1187,ERBB,AKT,1.0,1.0,1.0,0.0,100.0,0.427548604,1.8069366,55.90281968,14.63305,breast,MSS/MSI-L,Suspension,EGFR;ERBB*,Oncogenic signal,RTK,AKT1;AKT2;AKT3,Oncogenic signal,AKT/PI3K
CAMA-1,PIM1,MAP2K_1,1.0,1.0,1.0,10.0,89.40011356,1.0,0.0,100.0,11.07678,breast,MSS/MSI-L,Adherent,PIM1,Oncogenic signal,STK,MAP2K1;MAP2K2,Oncogenic signal,MAPK
CAL-51,PIK3CA_4,MTOR_1,1.0,1.0,1.0,1.4876073,33.21017887,0.345942959,0.9439924,0.74232433,21.46502,breast,MSS/MSI-L,Adherent,PIK3CA,Oncogenic signal,AKT/PI3K,MTOR,Oncogenic signal,AKT/PI3K
T-24,PARP1,HSP90,3.0,0.3,3.0,10.0,21.8001896,0.09801154,10.0,9.09866767,7.53797,Bladder,MSS/MSI-L,Adherent,PARP1,DNA repair,DNA Damage Response,HSP90AA1,Cell death,Apoptosis
NCI-H520,IAP,CHEK1,3.0,1.0,1.0,0.0,100.0,0.28011794,3.3114204,27.03828104,-2.601046,lung_NSCLC_squamous_cell_carcinoma,MSS/MSI-L,Adherent,NIAP;XIAP;BIRC2;BIRC3,Cell death,Apoptosis,CHEK1,DNA repair,DNA Damage Response
HT-1197,TNFSF10,PIK3C,0.03,3.0,0.005523604,10.0,94.97259657,3.0,0.8453144,7.29130897,-7.765347,Bladder,MSS/MSI-L,Adherent,TNFSF10,Cell death,Apoptosis,PIK3C*,Oncogenic signal,AKT/PI3K
HCC1187,MAP2K_3,BRAF_M2,0.3,3.0,0.090265882,0.7331031,50.03348891,1.0,0.0,100.0,109.6692,breast,MSS/MSI-L,Suspension,MAP2K*,Oncogenic signal,MAPK,BRAF_V600E,Oncogenic signal,MAPK
MCF7,MTOR_3,FGFR,1.0,1.0,0.0001,0.12802,3.29100811,1.0,0.8661668,84.38052016,10.58274,breast,MSS/MSI-L,Adherent,MTOR,Oncogenic signal,AKT/PI3K,FGFR1;FGFR2;FGFR3,Oncogenic signal,RTK
CAL-148,PIM1,MAP2K_1,1.0,1.0,0.016995069,2.6112368,83.94706846,0.0001,0.1,79.24702026,26.20163,breast,MSS/MSI-L,Suspension,PIM1,Oncogenic signal,STK,MAP2K1;MAP2K2,Oncogenic signal,MAPK
M14,EGFR,AKT,0.1,1.0,0.029244436,10.0,53.49964059,0.293966188,2.1114844,24.09541201,2.018964,melanoma,MSS/MSI-L,Adherent,EGFR,Oncogenic signal,RTK,AKT1;AKT2;AKT3,Oncogenic signal,AKT/PI3K
HCC1428,MAP2K_1,ATR_4,1.0,1.0,0.055202419,10.0,90.93127156,0.209973927,1.3465085,45.78535969,-13.14593,breast,MSS/MSI-L,Adherent,MAP2K1;MAP2K2,Oncogenic signal,MAPK,ATR,DNA repair,DNA Damage Response
NCI-H838,CSNK2A1_2,ALK,0.1,3.0,0.007432922,2.7826321,5.46802682,0.900819566,1.6197774,0.0,16.54524,lung_NSCLC_adenocarcinoma,MSS/MSI-L,Adherent,CSNK2A1,Oncogenic signal,STK,ALK,Oncogenic signal,AKT/PI3K
NCI-H522,IAP,BCL2L1,0.3,3.0,0.006451814,0.1998991,0.0,3.0,0.1400977,58.52534958,69.62387,lung_NSCLC_adenocarcinoma,MSS/MSI-L,Adherent,NIAP;XIAP;BIRC2;BIRC3,Cell death,Apoptosis,BCL2L1,Cell death,Apoptosis
BT-20,FGFR,ESR1,1.0,1.0,1.0,2.3617227,75.845241,0.282437493,10.0,90.09976429,2.885581,breast,MSS/MSI-L,Adherent,FGFR1;FGFR2;FGFR3,Oncogenic signal,RTK,ESR1,Oncogenic signal,Hormonal
MDA-MB-157,TNKS_PARP6,PIK3CB_PIK3CD,1.0,1.0,0.0171108,3.281376,14.46086098,0.107078819,10.0,67.49948001,1.742103,breast,MSS/MSI-L,Adherent,TNKS;PARP6,Oncogenic signal,Cell Cycle,PIK3CB;PIK3CD,Oncogenic signal,AKT/PI3K
HT-1197,HDAC_4,AKT,3.0,1.0,0.887123877,1.4600699,22.0904939,0.077634728,2.3751822,68.71170033,16.28891,Bladder,MSS/MSI-L,Adherent,HDAC*,Differentiation,Epigenetic,AKT1;AKT2;AKT3,Oncogenic signal,AKT/PI3K
647-V,IAP,CHEK1,0.003,1.0,0.000596601,1.8584379,10.2098981,0.946541413,10.0,0.0,29.25684,Bladder,MSS/MSI-L,Adherent,NIAP;XIAP;BIRC2;BIRC3,Cell death,Apoptosis,CHEK1,DNA repair,DNA Damage Response
BFTC-905,MAP2K_1,BCL2_BCL2L1,3.0,3.0,1.231183162,1.6703285,19.1569167,3.0,0.5306788,28.69266203,28.04667,Bladder,MSS/MSI-L,Adherent,MAP2K1;MAP2K2,Oncogenic signal,MAPK,BCL2;BCL2L1,Cell death,Apoptosis
A549,Vinorelbine,IAP,0.1,3.0,0.089928077,10.0,0.0,3.0,0.288092,72.49450979,23.38218,lung_NSCLC_adenocarcinoma,MSS/MSI-L,Adherent,microtubule;TUBB,DNA repair,Chemo,NIAP;XIAP;BIRC2;BIRC3,Cell death,Apoptosis
KATOIII,Proteasome_2,FGFR,0.1,0.01,0.001917732,4.5780822,2.12120764,0.003569276,10.0,19.49728944,-0.04059832,stomach,MSS/MSI-L,Semi-Adherent,Proteasome,Cell death,Apoptosis,FGFR1;FGFR2;FGFR3,Oncogenic signal,RTK
MDA-MB-361,MTOR_1,ERBB,1.0,3.0,0.130810333,1.6520345,27.81521214,0.300626836,0.8680601,33.50743433,48.05224,breast,MSS/MSI-L,Adherent,MTOR,Oncogenic signal,AKT/PI3K,EGFR;ERBB*,Oncogenic signal,RTK
MDA-MB-231,FGFR,AKT_SGK,1.0,1.0,1.0,0.0,100.0,0.25590388,2.7244568,82.99964024,6.124451,breast,MSS/MSI-L,Adherent,FGFR1;FGFR2;FGFR3,Oncogenic signal,RTK,AKT*;SGK*,Oncogenic signal,AKT/PI3K
MDA-MB-468,BCL2_BCL2L1,AKT_SGK,1.0,1.0,1.0,0.6966414,36.60540618,0.374381615,1.7026843,50.39277948,18.89769,breast,MSS/MSI-L,Adherent,BCL2;BCL2L1,Cell death,Apoptosis,AKT*;SGK*,Oncogenic signal,AKT/PI3K
COLO-205,SN38,IAP,0.003,1.0,0.000552736,1.6908758,0.0,0.00249393,0.1,57.1295758,-7.244477,large_intestine,MSS/MSI-L,Suspension,TOP1;TOP2*,DNA repair,Chemo,NIAP;XIAP;BIRC2;BIRC3,Cell death,Apoptosis
NCI-H1703,Topotecan,IAP,0.1,0.01,0.066156525,2.5178094,0.0,0.000435259,1.8027832,18.96094293,-5.642978,lung_NSCLC_adenocarcinoma,MSS/MSI-L,Adherent,TOP1;TOP1MT;DNA,DNA repair,Chemo,NIAP;XIAP;BIRC2;BIRC3,Cell death,Apoptosis
CAL-120,FASN,BCL2_BCL2L1,1.0,1.0,1.0,10.0,94.00040848,0.169296276,2.9721636,40.01069861,30.52438,breast,MSS/MSI-L,Adherent,FASN,Metabolism,Metabolism,BCL2;BCL2L1,Cell death,Apoptosis
NCI-H3122,PIK3CA_3,IAP,3.0,0.3,1.0,0.0,100.0,0.011451813,0.6905666,74.6802089,8.54222,lung_NSCLC_adenocarcinoma,MSS/MSI-L,Adherent,PIK3CA,Oncogenic signal,AKT/PI3K,NIAP;XIAP;BIRC2;BIRC3,Cell death,Apoptosis
M14,PIK3C,MAP2K_1,1.0,1.0,0.297794917,10.0,48.49961348,0.162232202,3.0278099,25.72671467,22.25276,melanoma,MSS/MSI-L,Adherent,PIK3C*,Oncogenic signal,AKT/PI3K,MAP2K1;MAP2K2,Oncogenic signal,MAPK
CAL-148,AKT,ADAM17,1.0,75.0,0.153391224,1.7541229,1.10077945,1.0,0.0,100.0,12.68634,breast,MSS/MSI-L,Suspension,AKT1;AKT2;AKT3,Oncogenic signal,AKT/PI3K,ADAM17,Differentiation,EMT/migration
BFTC-905,BCL2_BCL2L1,ATR_4,3.0,3.0,0.504078417,0.7310427,54.3154468,1.041598657,10.0,18.89792382,20.57419,Bladder,MSS/MSI-L,Adherent,BCL2;BCL2L1,Cell death,Apoptosis,ATR,DNA repair,DNA Damage Response
M14,PIP5K1,PIK3CB_PIK3CD,1.0,1.0,0.30000264,10.0,81.19980948,0.360483576,1.3064388,19.75293565,6.324536,melanoma,MSS/MSI-L,Adherent,PIP5K1*,Metabolism,Metabolism,PIK3CB;PIK3CD,Oncogenic signal,AKT/PI3K
BT-20,BCL2L1,AKT,3.0,3.0,0.109376563,2.3926785,90.05700742,0.379082606,1.4785709,28.06385303,90.44495,breast,MSS/MSI-L,Adherent,BCL2L1,Cell death,Apoptosis,AKT1;AKT2;AKT3,Oncogenic signal,AKT/PI3K
SW48,TKI,IGFR_3,3.0,10.0,0.013141369,0.8935106,23.82585356,0.28697767,1.2930672,24.93303283,41.05569,large_intestine,MSI-H,Adherent,KDR;EGFR;RET,Oncogenic signal,RTK,IGF*R,Oncogenic signal,RTK
MDA-MB-157,FGFR,BCL2_BCL2L1,1.0,1.0,0.037093032,2.8484106,38.6222167,1.0,0.0,100.0,24.03855,breast,MSS/MSI-L,Adherent,FGFR1;FGFR2;FGFR3,Oncogenic signal,RTK,BCL2;BCL2L1,Cell death,Apoptosis
CAMA-1,BCL2L1,AKT_1,3.0,3.0,0.000360051,7.8411104,91.04,1.315592364,1.4910524,0.0,18.34048,breast,MSS/MSI-L,Adherent,BCL2L1,Cell death,Apoptosis,AKT*,Oncogenic signal,AKT/PI3K
MDA-MB-468,PIK3CA_4,PIK3C_2,1.0,1.0,1.0,0.0,100.0,1.0,10.0,27.00004002,-2.878204,breast,MSS/MSI-L,Adherent,PIK3CA,Oncogenic signal,AKT/PI3K,PIK3C*,Oncogenic signal,AKT/PI3K
SW837,SN38,IAP,0.03,1.0,0.002057426,1.658242,15.74780951,0.175301315,2.0644712,81.2903989,48.22027,large_intestine,MSS/MSI-L,Adherent,TOP1;TOP2*,DNA repair,Chemo,NIAP;XIAP;BIRC2;BIRC3,Cell death,Apoptosis
NCI-H226,MAP2K_1,BRAF_M2,3.0,3.0,1.997315584,0.4868614,0.0,2.930088541,1.1001943,0.0,132.1714,lung_NSCLC_squamous_cell_carcinoma,MSS/MSI-L,Adherent,MAP2K1;MAP2K2,Oncogenic signal,MAPK,BRAF_V600E,Oncogenic signal,MAPK
NCI-H2170,PIK3CA_3,CSNK2A1_2,3.0,0.03,3.0,0.9139279,13.70133154,0.009301184,10.0,18.19915765,3.707614,lung_NSCLC_squamous_cell_carcinoma,MSS/MSI-L,Adherent,PIK3CA,Oncogenic signal,AKT/PI3K,CSNK2A1,Oncogenic signal,STK
HCC1954,Chloroquine,AKT,10.0,3.0,3.202415649,10.0,88.89986257,0.189720199,0.4137915,0.0,-2.598442,breast,MSS/MSI-L,Adherent,Thiamine,other,other,AKT1;AKT2;AKT3,Oncogenic signal,AKT/PI3K
MDA-MB-436,MAP2K_1,EGFR,1.0,0.1,0.82898958,0.3982046,29.82804782,0.1,0.1676818,89.55853662,27.72996,breast,MSS/MSI-L,Adherent,MAP2K1;MAP2K2,Oncogenic signal,MAPK,EGFR,Oncogenic signal,RTK
SW620,PIK3CB,IAP,10.0,1.0,0.001002289,0.1,94.03647711,1.0,0.0,100.0,-10.22941,large_intestine,MSS/MSI-L,Adherent,PIK3CB,Oncogenic signal,AKT/PI3K,NIAP;XIAP;BIRC2;BIRC3,Cell death,Apoptosis
HCC1395,PIK3C,MTOR_1,3.0,1.0,0.97514401,10.0,40.09918299,0.123138816,5.0182287,65.59840252,1.444958,breast,MSS/MSI-L,Adherent,PIK3C*,Oncogenic signal,AKT/PI3K,MTOR,Oncogenic signal,AKT/PI3K
MDA-MB-436,BCL2_BCL2L1,ATR_4,1.0,1.0,0.317959564,10.0,85.49982841,0.31881458,10.0,63.39959543,-12.27859,breast,MSS/MSI-L,Adherent,BCL2;BCL2L1,Cell death,Apoptosis,ATR,DNA repair,DNA Damage Response
HCC1395,PIK3CB_PIK3CD,ADAM17,1.0,75.0,0.088649987,0.3479042,41.86456382,75.0,1.0666862,83.89581448,10.67811,breast,MSS/MSI-L,Adherent,PIK3CB;PIK3CD,Oncogenic signal,AKT/PI3K,ADAM17,Differentiation,EMT/migration
BT-20,ESR1,AKT_1,1.0,1.0,1.0,10.0,71.400137,1.0,0.702248,32.53976558,-5.961399,breast,MSS/MSI-L,Adherent,ESR1,Oncogenic signal,Hormonal,AKT*,Oncogenic signal,AKT/PI3K
NCI-H23,TOP2_2,IAP,1.0,1.0,0.114594394,1.3979515,9.47809929,0.00176209,0.3784322,45.53575554,34.77333,lung_NSCLC_adenocarcinoma,MSS/MSI-L,Adherent,TOP2*,DNA repair,Chemo,NIAP;XIAP;BIRC2;BIRC3,Cell death,Apoptosis
LS-513,MTOR,JAK,0.3,3.0,0.118100068,10.0,77.39797901,1.295862827,10.0,13.88052905,-22.39865,large_intestine,MSS/MSI-L,Adherent,MTOR,Oncogenic signal,AKT/PI3K,JAK1;JAK2,Oncogenic signal,Cell Cycle
NCI-H522,CarboTaxol,ATR_4,0.01,3.0,0.00256027,10.0,10.59730886,3.0,0.8889414,29.54117795,22.37053,lung_NSCLC_adenocarcinoma,MSS/MSI-L,Adherent,DNA,DNA repair,Chemo,ATR,DNA repair,DNA Damage Response
HT-1376,BCL2_BCL2L1,ATR_4,3.0,3.0,2.311497739,1.0805992,0.0,1.065948831,10.0,34.59787514,-9.038782,Bladder,MSS/MSI-L,Adherent,BCL2;BCL2L1,Cell death,Apoptosis,ATR,DNA repair,DNA Damage Response
Calu-3,MTOR_1,ALK_2,3.0,3.0,1.417746133,0.7939128,0.07844599,2.915443393,10.0,0.0,11.89338,lung_NSCLC_adenocarcinoma,MSS/MSI-L,Adherent,MTOR,Oncogenic signal,AKT/PI3K,ALK,Oncogenic signal,RTK
UM-UC-3,MAP2K_1,ERBB,3.0,3.0,0.244339375,5.0589722,55.47545684,3.0,1.881083,49.54384926,27.59342,Bladder,MSS/MSI-L,Adherent,MAP2K1;MAP2K2,Oncogenic signal,MAPK,EGFR;ERBB*,Oncogenic signal,RTK
NCI-H3122,PIK3C,ADAM17,1.0,10.0,0.823188491,0.6475482,0.0,3.136907293,0.4275007,34.3095346,-35.79632,lung_NSCLC_adenocarcinoma,MSS/MSI-L,Adherent,PIK3C*,Oncogenic signal,AKT/PI3K,ADAM17,Differentiation,EMT/migration
MDA-MB-436,PIK3CA_4,ERBB,1.0,1.0,0.269759902,10.0,85.19954438,0.288229205,10.0,83.79987936,-14.51429,breast,MSS/MSI-L,Adherent,PIK3CA,Oncogenic signal,AKT/PI3K,EGFR;ERBB*,Oncogenic signal,RTK
NCI-H1793,IAP,Doxorubicin,3.0,0.1,3.0,0.5032573,31.75384525,0.054294554,2.1883572,9.4618124,38.59413,lung_NSCLC_adenocarcinoma,MSS/MSI-L,Adherent,NIAP;XIAP;BIRC2;BIRC3,Cell death,Apoptosis,TOP*;DNMT1,DNA repair,Chemo
MFM-223,FASN,BCL2_BCL2L1,1.0,1.0,0.020494477,2.9976595,91.53057554,0.974409822,1.5965621,0.0,-20.67056,breast,MSS/MSI-L,Adherent,FASN,Metabolism,Metabolism,BCL2;BCL2L1,Cell death,Apoptosis
SW837,MAP2K_1,BCL2,3.0,3.0,0.451905622,0.8098828,36.48035453,1.0,0.0,100.0,16.71756,large_intestine,MSS/MSI-L,Adherent,MAP2K1;MAP2K2,Oncogenic signal,MAPK,BCL2,Cell death,Apoptosis
CAL-120,EGFR,AKT,0.1,1.0,1.0,0.0,100.0,0.243769146,3.3629891,64.68749618,3.225987,breast,MSS/MSI-L,Adherent,EGFR,Oncogenic signal,RTK,AKT1;AKT2;AKT3,Oncogenic signal,AKT/PI3K
MFM-223,SLC16A4,FGFR,1.0,1.0,1.0,10.0,93.60014615,0.196886508,0.6301321,8.84847782,13.39452,breast,MSS/MSI-L,Adherent,SLC16A3;SLC16A4,Metabolism,Metabolism,FGFR1;FGFR2;FGFR3,Oncogenic signal,RTK
TCCSUP,HDAC_4,ATR_4,3.0,3.0,0.589469884,1.4037492,8.99914259,0.985758812,0.9582297,0.0,9.202446,Bladder,MSS/MSI-L,Adherent,HDAC*,Differentiation,Epigenetic,ATR,DNA repair,DNA Damage Response
HCC1954,PIK3C,MAP2K_1,3.0,3.0,0.796673143,1.5667777,2.44912794,2.14209445,0.2513066,0.0,24.47396,breast,MSS/MSI-L,Adherent,PIK3C*,Oncogenic signal,AKT/PI3K,MAP2K1;MAP2K2,Oncogenic signal,MAPK
HCC1419,MAP2K_1,BRAF_M2,3.0,3.0,1.050990707,0.6437888,55.35125074,3.0,0.7290686,60.67702856,71.11819,breast,MSS/MSI-L,Adherent,MAP2K1;MAP2K2,Oncogenic signal,MAPK,BRAF_V600E,Oncogenic signal,MAPK
CAL-51,PIM1,PIK3C,1.0,1.0,1.0,0.0,100.0,0.309221304,10.0,53.3996016,-3.784696,breast,MSS/MSI-L,Adherent,PIM1,Oncogenic signal,STK,PIK3C*,Oncogenic signal,AKT/PI3K
CAL-120,MAP2K_1,ESR1,1.0,1.0,1.0,0.6061888,63.86694469,0.028808052,10.0,94.66665694,13.94696,breast,MSS/MSI-L,Adherent,MAP2K1;MAP2K2,Oncogenic signal,MAPK,ESR1,Oncogenic signal,Hormonal
HCC1187,PIM1,PIK3C,1.0,1.0,0.073120073,1.4001816,76.07859468,0.235214503,2.2922157,29.71475348,54.75265,breast,MSS/MSI-L,Suspension,PIM1,Oncogenic signal,STK,PIK3C*,Oncogenic signal,AKT/PI3K
BFTC-905,Gemcitabine,BCL2_BCL2L1,0.1,3.0,0.001269125,3.9936053,1.62609127,3.0,0.6425694,47.7218743,8.731306,Bladder,MSS/MSI-L,Adherent,DNA;RRM1;TYMS;CMPK1,Cell death,Chemo,BCL2;BCL2L1,Cell death,Apoptosis
HT-1376,PARP1,Cisplatin,3.0,3.0,3.0,0.3894857,47.53595551,1.35495275,1.1686348,0.0,18.8848,Bladder,MSS/MSI-L,Adherent,PARP1,DNA repair,DNA Damage Response,DNA,DNA repair,Chemo
M14,BCL2_BCL2L1,AKT_SGK,1.0,1.0,0.047220727,0.6912217,7.60840416,1.0,0.7563146,40.36497292,15.99293,melanoma,MSS/MSI-L,Adherent,BCL2;BCL2L1,Cell death,Apoptosis,AKT*;SGK*,Oncogenic signal,AKT/PI3K
HCC1806,PIK3C,AKT_1,1.0,1.0,0.308850689,10.0,23.09931593,0.324659905,2.3110371,30.10163306,71.09962,breast,MSS/MSI-L,Adherent,PIK3C*,Oncogenic signal,AKT/PI3K,AKT*,Oncogenic signal,AKT/PI3K
BT-20,PIM1,PIK3C,1.0,1.0,0.083146654,10.0,82.39987004,0.726886109,0.7777795,0.0,30.07561,breast,MSS/MSI-L,Adherent,PIM1,Oncogenic signal,STK,PIK3C*,Oncogenic signal,AKT/PI3K
HCC1806,EGFR,AKT_1,0.1,1.0,1.0,0.0,100.0,0.21498983,1.6536163,27.95717759,8.327454,breast,MSS/MSI-L,Adherent,EGFR,Oncogenic signal,RTK,AKT*,Oncogenic signal,AKT/PI3K
TCCSUP,ERBB,AKT,3.0,3.0,3.0,3.0210787,86.20652128,0.378971706,0.8756791,57.66058763,47.01319,Bladder,MSS/MSI-L,Adherent,EGFR;ERBB*,Oncogenic signal,RTK,AKT1;AKT2;AKT3,Oncogenic signal,AKT/PI3K
UACC-812,EGFR_2,AKT_1,1.0,1.0,0.022181083,2.9368756,37.70882956,1.0,0.0,100.0,34.01387,breast,MSS/MSI-L,Adherent,EGFR,Oncogenic signal,RTK,AKT*,Oncogenic signal,AKT/PI3K
BT-20,PIK3CA_4,MTOR_1,1.0,1.0,0.660712545,0.7207816,21.12277541,0.231280374,2.170181,27.18090693,21.35294,breast,MSS/MSI-L,Adherent,PIK3CA,Oncogenic signal,AKT/PI3K,MTOR,Oncogenic signal,AKT/PI3K
NCI-H1299,PIK3CA_3,IAP,3.0,1.0,1.171129698,10.0,60.19672795,0.061041121,0.830996,30.34553267,59.52634,lung_NSCLC_large cell,MSS/MSI-L,Adherent,PIK3CA,Oncogenic signal,AKT/PI3K,NIAP;XIAP;BIRC2;BIRC3,Cell death,Apoptosis
MDA-MB-453,BCL2_BCL2L1,AKT_1,1.0,1.0,0.281481737,10.0,91.89940541,0.073383813,1.2282348,9.06221864,11.85658,breast,MSS/MSI-L,Adherent,BCL2;BCL2L1,Cell death,Apoptosis,AKT*,Oncogenic signal,AKT/PI3K
TCCSUP,PARP1,HDAC_4,3.0,3.0,3.0,0.4136159,30.92342201,0.649386723,0.9926481,0.0,26.04315,Bladder,MSS/MSI-L,Adherent,PARP1,DNA repair,DNA Damage Response,HDAC*,Differentiation,Epigenetic
NCI-H2228,PIK3CB,IAP,3.0,0.3,3.0,0.6529828,10.93652953,0.009827435,1.0746904,39.23935663,35.80428,lung_NSCLC_adenocarcinoma,MSS/MSI-L,Adherent,PIK3CB,Oncogenic signal,AKT/PI3K,NIAP;XIAP;BIRC2;BIRC3,Cell death,Apoptosis
HCC1937,PIM1,PIK3C,1.0,1.0,0.255076638,1.6540723,88.92900655,0.273137504,1.4830148,65.81683698,-0.630942,breast,MSS/MSI-L,Adherent,PIM1,Oncogenic signal,STK,PIK3C*,Oncogenic signal,AKT/PI3K
BT-20,CarboTaxol,ATR_4,0.01,3.0,0.001293151,1.3398002,15.27871789,1.220974786,1.6933584,35.47392445,18.44921,breast,MSS/MSI-L,Adherent,DNA,DNA repair,Chemo,ATR,DNA repair,DNA Damage Response
HCC1954,MTOR_1,MAP2K_1,1.0,3.0,0.077693456,1.1342401,7.8853821,0.524999237,1.6209857,52.82456088,67.01948,breast,MSS/MSI-L,Adherent,MTOR,Oncogenic signal,AKT/PI3K,MAP2K1;MAP2K2,Oncogenic signal,MAPK
MDA-MB-361,PARP1,HDAC_4,1.0,1.0,0.190327396,10.0,93.28631186,0.330308156,10.0,35.5989928,-3.133127,breast,MSS/MSI-L,Adherent,PARP1,DNA repair,DNA Damage Response,HDAC*,Differentiation,Epigenetic
DU-4475,MAP2K_1,ADAM17,1.0,75.0,0.020731106,2.0999805,0.0,34.79576036,0.5542895,0.0,13.91472,breast,MSS/MSI-L,Suspension,MAP2K1;MAP2K2,Oncogenic signal,MAPK,ADAM17,Differentiation,EMT/migration
HCC1806,MTOR_1,ERBB,1.0,1.0,0.171633887,1.4746113,9.69665008,1.0,0.0,100.0,3.972506,breast,MSS/MSI-L,Adherent,MTOR,Oncogenic signal,AKT/PI3K,EGFR;ERBB*,Oncogenic signal,RTK
CAL-51,ATR_4,AKT,1.0,1.0,0.282360263,3.8328343,3.54883134,0.593544148,1.1376553,26.09624672,-6.298449,breast,MSS/MSI-L,Adherent,ATR,DNA repair,DNA Damage Response,AKT1;AKT2;AKT3,Oncogenic signal,AKT/PI3K
T-24,PIK3C,PARP1,3.0,3.0,1.029428447,10.0,49.29882234,2.992810035,10.0,0.0,-20.87728,Bladder,MSS/MSI-L,Adherent,PIK3C*,Oncogenic signal,AKT/PI3K,PARP1,DNA repair,DNA Damage Response
NCI-H1437,IAP,ATR_4,1.0,3.0,0.005883587,0.4036568,69.53134119,1.548205289,10.0,83.9785616,-36.20398,lung_NSCLC_adenocarcinoma,MSS/MSI-L,Adherent,NIAP;XIAP;BIRC2;BIRC3,Cell death,Apoptosis,ATR,DNA repair,DNA Damage Response
BT-549,PIK3CB_PIK3CD,PARP1,1.0,3.0,0.328683357,0.5884549,12.33608963,3.0,1.9842266,32.40931389,22.9615,breast,MSS/MSI-L,Adherent,PIK3CB;PIK3CD,Oncogenic signal,AKT/PI3K,PARP1,DNA repair,DNA Damage Response
NCI-H3122,IAP,ATR_4,0.3,3.0,1.0,0.0,100.0,1.028532131,10.0,9.09788521,21.20925,lung_NSCLC_adenocarcinoma,MSS/MSI-L,Adherent,NIAP;XIAP;BIRC2;BIRC3,Cell death,Apoptosis,ATR,DNA repair,DNA Damage Response
T-24,MTOR_1,MAP2K_1,3.0,3.0,0.650498597,2.0159546,11.8735722,0.216028705,0.7219405,10.75497829,30.88296,Bladder,MSS/MSI-L,Adherent,MTOR,Oncogenic signal,AKT/PI3K,MAP2K1;MAP2K2,Oncogenic signal,MAPK
T47D,FGFR,BCL2_BCL2L1_BCL2L2,1.0,1.0,1.0,4.4298488,70.6003789,0.0001,0.1,94.48716809,-4.429271,breast,MSS/MSI-L,Adherent,FGFR1;FGFR2;FGFR3,Oncogenic signal,RTK,BCL2;BCL2L1;BCL2L2,Cell death,Apoptosis
MDA-MB-436,BCL2_BCL2L1,AKT_1,1.0,1.0,1.0,10.0,92.60001417,1.0,10.0,89.20003778,-5.778118,breast,MSS/MSI-L,Adherent,BCL2;BCL2L1,Cell death,Apoptosis,AKT*,Oncogenic signal,AKT/PI3K
HCC1187,FGFR,ERBB,1.0,1.0,0.013138282,1.8609042,89.40928426,0.000168853,8.4979335,94.74,-10.90647,breast,MSS/MSI-L,Suspension,FGFR1;FGFR2;FGFR3,Oncogenic signal,RTK,EGFR;ERBB*,Oncogenic signal,RTK
CAL-51,FGFR,ERBB,1.0,1.0,1.0,0.417675,56.75818538,0.028840911,2.0030046,89.92026873,17.36062,breast,MSS/MSI-L,Adherent,FGFR1;FGFR2;FGFR3,Oncogenic signal,RTK,EGFR;ERBB*,Oncogenic signal,RTK
HCC1395,ALK_IGFR,AKT,1.0,1.0,0.320181531,10.0,43.39935407,0.330466472,1.241678,50.46136818,28.49871,breast,MSS/MSI-L,Adherent,ALK;IGF*R,Oncogenic signal,AKT/PI3K,AKT1;AKT2;AKT3,Oncogenic signal,AKT/PI3K
MDA-MB-468,PIK3CA_4,ERBB,1.0,1.0,1.0,0.0,100.0,0.106504288,10.0,88.19987609,17.9368,breast,MSS/MSI-L,Adherent,PIK3CA,Oncogenic signal,AKT/PI3K,EGFR;ERBB*,Oncogenic signal,RTK
BT-549,TNKS_PARP6,FGFR,1.0,1.0,0.226771653,10.0,14.39301718,0.102682681,10.0,69.59963574,-13.53461,breast,MSS/MSI-L,Adherent,TNKS;PARP6,Oncogenic signal,Cell Cycle,FGFR1;FGFR2;FGFR3,Oncogenic signal,RTK
SW900,CSNK2A1_2,CarboTaxol,0.01,0.01,0.003249996,1.6006419,16.4518448,0.002383915,1.821868,15.74806263,-19.61161,lung_NSCLC_squamous_cell_carcinoma,MSS/MSI-L,Adherent,CSNK2A1,Oncogenic signal,STK,DNA,DNA repair,Chemo
MDA-MB-361,AKT_1,AKT,1.0,1.0,0.104121102,1.2449779,19.57560952,0.219338451,2.8973844,35.19633022,21.44917,breast,MSS/MSI-L,Adherent,AKT*,Oncogenic signal,AKT/PI3K,AKT1;AKT2;AKT3,Oncogenic signal,AKT/PI3K
NCI-H747,TKI,MAP2K_1,3.0,3.0,0.499229258,1.4390971,82.65406003,0.260372341,0.76582,21.72135988,26.29952,large_intestine,MSS/MSI-L,Adherent,KDR;EGFR;RET,Oncogenic signal,RTK,MAP2K1;MAP2K2,Oncogenic signal,MAPK
SW948,MAP2K_1,IGFR_3,3.0,10.0,0.075331661,1.0843067,10.82843652,10.0,0.3582981,17.5472578,22.11458,large_intestine,MSS/MSI-L,Adherent,MAP2K1;MAP2K2,Oncogenic signal,MAPK,IGF*R,Oncogenic signal,RTK
MDA-MB-453,ESR1_1,AKT_1,3.0,3.0,3.0,2.2747373,54.8594963,0.046864279,1.0701176,52.66453915,-1.972746,breast,MSS/MSI-L,Adherent,ESR1,Oncogenic signal,Hormonal,AKT*,Oncogenic signal,AKT/PI3K
M14,FGFR,ESR1,1.0,1.0,1.0,10.0,82.00012335,0.008122442,10.0,92.35001207,-5.12609,melanoma,MSS/MSI-L,Adherent,FGFR1;FGFR2;FGFR3,Oncogenic signal,RTK,ESR1,Oncogenic signal,Hormonal
MDA-MB-436,EGFR,AKT,0.1,1.0,0.1,0.3841057,78.722487,0.201844208,4.6490896,75.78687017,-3.514158,breast,MSS/MSI-L,Adherent,EGFR,Oncogenic signal,RTK,AKT1;AKT2;AKT3,Oncogenic signal,AKT/PI3K
BT-549,MTOR_1,MAP2K_1,1.0,1.0,0.285322079,1.6249314,18.31698999,0.02421005,1.5291754,81.66016708,17.2906,breast,MSS/MSI-L,Adherent,MTOR,Oncogenic signal,AKT/PI3K,MAP2K1;MAP2K2,Oncogenic signal,MAPK
NCI-H1975,PIK3CB,ALK_2,3.0,3.0,3.0,0.6514272,33.39995441,0.51974046,0.8810773,0.0,48.32354,lung_NSCLC_adenocarcinoma,MSS/MSI-L,Adherent,PIK3CB,Oncogenic signal,AKT/PI3K,ALK,Oncogenic signal,RTK
HCC1395,MTOR_1,ESR1,1.0,1.0,0.419904114,1.1884826,22.12570534,1.0,0.0,100.0,2.909466,breast,MSS/MSI-L,Adherent,MTOR,Oncogenic signal,AKT/PI3K,ESR1,Oncogenic signal,Hormonal
MDA-MB-453,MTOR_1,MAP2K_1,1.0,3.0,0.066764505,2.3861252,10.9995738,1.068672151,2.3066375,74.6777264,4.862411,breast,MSS/MSI-L,Adherent,MTOR,Oncogenic signal,AKT/PI3K,MAP2K1;MAP2K2,Oncogenic signal,MAPK
CAL-120,MTOR_1,ATR_4,1.0,1.0,0.132343587,1.8456728,45.16910485,0.395510408,10.0,76.39778843,-12.79242,breast,MSS/MSI-L,Adherent,MTOR,Oncogenic signal,AKT/PI3K,ATR,DNA repair,DNA Damage Response
SW780,PIK3C,Cisplatin,3.0,3.0,3.0,10.0,88.20084691,1.965520908,1.3014644,65.31941285,-27.46162,Bladder,MSS/MSI-L,Adherent,PIK3C*,Oncogenic signal,AKT/PI3K,DNA,DNA repair,Chemo
HCC70,TNKS_PARP6,FGFR,1.0,1.0,0.053832483,2.0322922,28.13921034,1.0,0.0,100.0,-5.427286,breast,MSS/MSI-L,Adherent,TNKS;PARP6,Oncogenic signal,Cell Cycle,FGFR1;FGFR2;FGFR3,Oncogenic signal,RTK
NCI-H1299,CSNK2A1_2,BCL2,0.1,3.0,0.027342399,2.0656588,6.77225003,3.0,0.3117985,87.66829501,35.57439,lung_NSCLC_large cell,MSS/MSI-L,Adherent,CSNK2A1,Oncogenic signal,STK,BCL2,Cell death,Apoptosis
NCI-H2085,IAP,ATR_4,3.0,3.0,1.637050882,0.2514829,0.0,3.0,10.0,42.80042732,3.936437,lung_NSCLC_adenocarcinoma,MSS/MSI-L,Adherent,NIAP;XIAP;BIRC2;BIRC3,Cell death,Apoptosis,ATR,DNA repair,DNA Damage Response
MFM-223,PIK3C_2,AKT_1,1.0,1.0,0.584175543,2.075969,0.0,0.145077517,1.6411616,25.23073145,17.62158,breast,MSS/MSI-L,Adherent,PIK3C*,Oncogenic signal,AKT/PI3K,AKT*,Oncogenic signal,AKT/PI3K
CAL-51,MAP2K_1,ADAM17,1.0,75.0,0.264716052,10.0,91.89911761,1.0,0.0,100.0,-6.322157,breast,MSS/MSI-L,Adherent,MAP2K1;MAP2K2,Oncogenic signal,MAPK,ADAM17,Differentiation,EMT/migration
BT-474,Proteasome_2,FGFR,1.0,1.0,0.008862551,2.9380419,3.70358336,1.0,0.0,100.0,0.03930111,breast,MSS/MSI-L,Adherent,Proteasome,Cell death,Apoptosis,FGFR1;FGFR2;FGFR3,Oncogenic signal,RTK
NCI-H1703,CSNK2A1_2,Carboplatin,0.1,3.0,0.010429255,3.539781,11.90891785,3.0,0.5525858,86.24501915,-10.50651,lung_NSCLC_adenocarcinoma,MSS/MSI-L,Adherent,CSNK2A1,Oncogenic signal,STK,DNA,DNA repair,Chemo
BT-549,MAP2K_1,ERBB,1.0,1.0,0.005192112,0.624951,88.12310529,0.0123139,10.0,90.94989124,2.70114,breast,MSS/MSI-L,Adherent,MAP2K1;MAP2K2,Oncogenic signal,MAPK,EGFR;ERBB*,Oncogenic signal,RTK
HCC1187,ATR_4,AKT,1.0,1.0,0.337823152,10.0,58.49918259,0.296114945,10.0,56.99962326,-23.9823,breast,MSS/MSI-L,Suspension,ATR,DNA repair,DNA Damage Response,AKT1;AKT2;AKT3,Oncogenic signal,AKT/PI3K
NCI-H838,IAP,Doxorubicin,1.0,0.1,0.005625938,0.7264771,18.8580451,0.020636367,2.8905836,6.71588625,8.5456,lung_NSCLC_adenocarcinoma,MSS/MSI-L,Adherent,NIAP;XIAP;BIRC2;BIRC3,Cell death,Apoptosis,TOP*;DNMT1,DNA repair,Chemo
NCI-H2170,MAP2K_3,BRAF_M2,0.3,3.0,0.3,0.2831995,26.88542267,0.000351302,0.1,92.37039092,-3.907671,lung_NSCLC_squamous_cell_carcinoma,MSS/MSI-L,Adherent,MAP2K*,Oncogenic signal,MAPK,BRAF_V600E,Oncogenic signal,MAPK
BT-549,FASN,BCL2_BCL2L1,1.0,1.0,1.0,0.3300342,71.79919948,0.127182511,1.3028588,76.09177867,12.94236,breast,MSS/MSI-L,Adherent,FASN,Metabolism,Metabolism,BCL2;BCL2L1,Cell death,Apoptosis
SW780,IAP,ERBB,0.03,3.0,0.00112419,0.7521875,55.08606163,1.0,0.0,100.0,-178.6541,Bladder,MSS/MSI-L,Adherent,NIAP;XIAP;BIRC2;BIRC3,Cell death,Apoptosis,EGFR;ERBB*,Oncogenic signal,RTK
NCI-H1563,Topotecan,PIK3CB,0.1,3.0,0.022807443,1.1285668,0.0,0.02422703,4.3260909,52.37385352,-10.46777,lung_NSCLC_adenocarcinoma,MSS/MSI-L,Adherent,TOP1;TOP1MT;DNA,DNA repair,Chemo,PIK3CB,Oncogenic signal,AKT/PI3K
BT-549,FGFR,ADAM17,1.0,75.0,0.055009017,0.4464461,54.09263958,0.0075,0.1,83.55205894,-11.91837,breast,MSS/MSI-L,Adherent,FGFR1;FGFR2;FGFR3,Oncogenic signal,RTK,ADAM17,Differentiation,EMT/migration
M14,SLC16A4,BCL2_BCL2L1,1.0,1.0,1.0,2.1813552,84.05273912,0.054551434,0.6854004,12.49766345,18.25447,melanoma,MSS/MSI-L,Adherent,SLC16A3;SLC16A4,Metabolism,Metabolism,BCL2;BCL2L1,Cell death,Apoptosis
MDA-MB-468,MAP2K_1,BRAF_M2,3.0,3.0,0.167283874,0.5630047,79.90321401,0.453331959,2.6443843,52.06167971,110.0426,breast,MSS/MSI-L,Adherent,MAP2K1;MAP2K2,Oncogenic signal,MAPK,BRAF_V600E,Oncogenic signal,MAPK
DMS-114,Topotecan,IAP,0.1,3.0,0.037945872,1.7433684,0.0,3.0,0.3669642,42.71032198,7.786225,lung_small_cell_carcinoma,MSS/MSI-L,Adherent,TOP1;TOP1MT;DNA,DNA repair,Chemo,NIAP;XIAP;BIRC2;BIRC3,Cell death,Apoptosis
CAL-51,PIP5K1,AKT,1.0,1.0,0.111197081,2.5045004,88.197993,0.489385823,1.5136471,39.40687339,5.149844,breast,MSS/MSI-L,Adherent,PIP5K1*,Metabolism,Metabolism,AKT1;AKT2;AKT3,Oncogenic signal,AKT/PI3K
MDA-MB-157,MTOR_1,FGFR,1.0,1.0,0.287347646,10.0,54.29931962,0.038929872,2.1024064,35.72466213,39.65426,breast,MSS/MSI-L,Adherent,MTOR,Oncogenic signal,AKT/PI3K,FGFR1;FGFR2;FGFR3,Oncogenic signal,RTK
SW780,MAP2K_1,BCL2_BCL2L1,3.0,0.3,0.533369061,0.4744427,0.0,0.015736809,1.1100418,21.6486985,57.32646,Bladder,MSS/MSI-L,Adherent,MAP2K1;MAP2K2,Oncogenic signal,MAPK,BCL2;BCL2L1,Cell death,Apoptosis
HCC1500,AKT_1,AKT,1.0,1.0,1.0,0.6940432,59.57381189,0.317139014,3.5908376,61.58759726,-10.45551,breast,MSS/MSI-L,Adherent,AKT*,Oncogenic signal,AKT/PI3K,AKT1;AKT2;AKT3,Oncogenic signal,AKT/PI3K
HCC70,PIK3CA_4,ERBB,1.0,1.0,1.0,10.0,89.200158,1.0,0.0,100.0,-44.50688,breast,MSS/MSI-L,Adherent,PIK3CA,Oncogenic signal,AKT/PI3K,EGFR;ERBB*,Oncogenic signal,RTK
HCC1187,PIK3CA_4,PIK3C_2,1.0,1.0,0.112387954,1.1680037,50.4409029,0.472133525,1.6936654,0.0,16.37772,breast,MSS/MSI-L,Suspension,PIK3CA,Oncogenic signal,AKT/PI3K,PIK3C*,Oncogenic signal,AKT/PI3K
MFM-223,AKT,ADAM17,1.0,75.0,0.226296745,1.952148,17.4777978,1.0,0.0,100.0,38.8507,breast,MSS/MSI-L,Adherent,AKT1;AKT2;AKT3,Oncogenic signal,AKT/PI3K,ADAM17,Differentiation,EMT/migration
CAL-51,MTOR_1,ERBB,1.0,1.0,0.192462955,1.3822135,18.97652401,0.44790495,10.0,88.7963602,-1.869222,breast,MSS/MSI-L,Adherent,MTOR,Oncogenic signal,AKT/PI3K,EGFR;ERBB*,Oncogenic signal,RTK
BT-549,SLC16A4,BCL2_BCL2L1,1.0,1.0,1.0,0.3606004,80.52991007,1.0,0.3616725,69.62469103,6.357726,breast,MSS/MSI-L,Adherent,SLC16A3;SLC16A4,Metabolism,Metabolism,BCL2;BCL2L1,Cell death,Apoptosis
CAL-51,SLC16A4,PIK3CB_PIK3CD,1.0,1.0,0.118582411,10.0,94.79979852,0.0001,0.1,92.77026013,11.13845,breast,MSS/MSI-L,Adherent,SLC16A3;SLC16A4,Metabolism,Metabolism,PIK3CB;PIK3CD,Oncogenic signal,AKT/PI3K
HCC1143,PIK3C_2,AKT,1.0,1.0,0.325688887,10.0,55.79939896,1.0,0.6648642,40.45802375,-18.28101,breast,MSS/MSI-L,Adherent,PIK3C*,Oncogenic signal,AKT/PI3K,AKT1;AKT2;AKT3,Oncogenic signal,AKT/PI3K
HCC1806,MTOR_1,FASN,1.0,1.0,0.068121354,2.7899497,27.90103849,0.051204902,10.0,75.08011603,-50.13962,breast,MSS/MSI-L,Adherent,MTOR,Oncogenic signal,AKT/PI3K,FASN,Metabolism,Metabolism
RKO,TKI,MAP2K_1,3.0,3.0,1.0,0.0,100.0,3.0,0.9693923,0.0,11.05632,large_intestine,MSI-H,Adherent,KDR;EGFR;RET,Oncogenic signal,RTK,MAP2K1;MAP2K2,Oncogenic signal,MAPK
CAL-120,TNKS_PARP6,PIK3CB_PIK3CD,1.0,1.0,0.009715503,0.3805749,38.36540881,0.249082919,10.0,70.2996211,14.6892,breast,MSS/MSI-L,Adherent,TNKS;PARP6,Oncogenic signal,Cell Cycle,PIK3CB;PIK3CD,Oncogenic signal,AKT/PI3K
UM-UC-3,PARP1,HSP90,3.0,0.3,1.079807281,9.6896008,85.09925471,0.116048569,10.0,19.09393048,35.66215,Bladder,MSS/MSI-L,Adherent,PARP1,DNA repair,DNA Damage Response,HSP90AA1,Cell death,Apoptosis
HT-1376,PIM1,PIK3C,3.0,3.0,0.17832484,10.0,56.15766333,0.822174371,0.4305171,0.0,-0.08082758,Bladder,MSS/MSI-L,Adherent,PIM1,Oncogenic signal,STK,PIK3C*,Oncogenic signal,AKT/PI3K
HT-29,IGFR_4,BCL2,10.0,3.0,0.269045084,0.7474999,0.84356842,1.0,0.0,100.0,-18.90988,large_intestine,MSS/MSI-L,Adherent,IGF*R,Oncogenic signal,RTK,BCL2,Cell death,Apoptosis
NCI-H1703,MAP2K_1,BRAF_M2,3.0,1.0,0.097532641,0.7691285,22.5155235,0.048896081,1.5562779,20.32523547,11.00185,lung_NSCLC_adenocarcinoma,MSS/MSI-L,Adherent,MAP2K1;MAP2K2,Oncogenic signal,MAPK,BRAF_V600E,Oncogenic signal,MAPK
HCC1569,MAP2K_3,BRAF_M2,0.3,3.0,0.3,0.3520697,38.10997515,0.015350054,0.4407441,65.1430893,14.6339,breast,MSI-H,Adherent,MAP2K*,Oncogenic signal,MAPK,BRAF_V600E,Oncogenic signal,MAPK
NCI-H226,PIK3C,IAP,3.0,3.0,1.394163438,0.7136726,0.0,0.001957559,0.4479579,28.46901951,18.38537,lung_NSCLC_squamous_cell_carcinoma,MSS/MSI-L,Adherent,PIK3C*,Oncogenic signal,AKT/PI3K,NIAP;XIAP;BIRC2;BIRC3,Cell death,Apoptosis
MFM-223,PIP5K1,PIK3CB_PIK3CD,1.0,1.0,1.0,0.4626488,82.02989597,0.589216075,0.7499239,59.75327442,-23.16893,breast,MSS/MSI-L,Adherent,PIP5K1*,Metabolism,Metabolism,PIK3CB;PIK3CD,Oncogenic signal,AKT/PI3K
NCI-H1975,TOP2_2,IAP,3.0,3.0,0.464939448,1.3451369,2.48069647,0.030254462,0.4931784,71.76827706,46.53406,lung_NSCLC_adenocarcinoma,MSS/MSI-L,Adherent,TOP2*,DNA repair,Chemo,NIAP;XIAP;BIRC2;BIRC3,Cell death,Apoptosis
RKO,JAK,IAP,3.0,1.0,2.914248423,10.0,0.0,0.017731706,1.4524726,83.21864086,-1.023761,large_intestine,MSI-H,Adherent,JAK1;JAK2,Oncogenic signal,Cell Cycle,NIAP;XIAP;BIRC2;BIRC3,Cell death,Apoptosis
NCI-H1703,PIK3CA_3,IAP,3.0,0.01,1.151281772,0.7950253,0.0,0.000528646,2.0501817,19.98044475,12.89416,lung_NSCLC_adenocarcinoma,MSS/MSI-L,Adherent,PIK3CA,Oncogenic signal,AKT/PI3K,NIAP;XIAP;BIRC2;BIRC3,Cell death,Apoptosis
SW948,PTK2,MAP2K_1,3.0,3.0,0.324222405,1.2676036,0.0,0.087893265,1.0223982,8.80808328,19.80967,large_intestine,MSS/MSI-L,Adherent,PTK2*,Differentiation,EMT/migration,MAP2K1;MAP2K2,Oncogenic signal,MAPK
MDA-MB-453,PIK3C,ESR1_1,3.0,3.0,1.074279251,1.3801019,0.0,3.0,1.267985,49.65875815,47.09623,breast,MSS/MSI-L,Adherent,PIK3C*,Oncogenic signal,AKT/PI3K,ESR1,Oncogenic signal,Hormonal
BT-20,PIK3C,MAP2K_3,3.0,0.3,1.457115761,1.644709,25.70590525,0.3,0.1685515,57.48518095,42.35997,breast,MSS/MSI-L,Adherent,PIK3C*,Oncogenic signal,AKT/PI3K,MAP2K*,Oncogenic signal,MAPK
